National Center for Education Statistics,,,,,,,,,,,,,,,,,,,,,,,,,
CCD public school data 2024-2025 school year,,,,,,,,,,,,,,,,,,,,,,,,,
The file contains (1824) records based on your search.,,,,,,,,,,,,,,,,,,,,,,,,,
NOTES:,,,,,,,,,,,,,,,,,,,,,,,,,
,,,,,,,,,,,,,,,,,,,,,,,,,
[ ? ] indicates that the data are not applicable.,,,,,,,,,,,,,,,,,,,,,,,,,
[ ? ] indicates that the data are missing.,,,,,,,,,,,,,,,,,,,,,,,,,
[ ? ] indicates that the data do not meet NCES data quality standards.,,,,,,,,,,,,,,,,,,,,,,,,,
,,,,,,,,,,,,,,,,,,,,,,,,,
"SEARCH CRITERIA: State: ""Massachusetts""ÿ-ÿSchool Description: ""Regular, Special Education, Vocational, Other/Alternative""",,,,,,,,,,,,,,,,,,,,,,,,,
"NCES is not responsible for the manner in which this data is presented. This data is provided as an extra service to the user. To download full CCD datasets, please go to the CCD home page. http://nces.ed.gov/ccd",,,,,,,,,,,,,,,,,,,,,,,,,
NCES School ID,State School ID,NCES District ID,State District ID,Low Grade,High Grade,School Name,District,County Name,Street Address,City,State,ZIP,ZIP 4-digit,Phone,Locale Code,Locale,Charter,Students,Teachers,Student Teacher Ratio,Free Lunch,Reduced Lunch,Directly Certified,Type,Status
250732002639,MA-0170-01700045,2507320,MA-0170,06,08,1 LT Charles W. Whitcomb School,Marlborough,Middlesex County,25 Union Street,Marlborough,MA,01752,,(508)460-3502,21,"Suburban, Large",No,965.00000,103.36000,9.3400000,?,?,600.00000,Regular,Open
250711001062,MA-0163-01630016,2507110,MA-0163,KG,05,A Drewicz Elementary,Lynn,Essex County,34 Hood Street,Lynn,MA,01905,,(781)477-7350,21,"Suburban, Large",No,488.00000,41.67000,11.7100000,?,?,404.00000,Regular,Open
250861001356,MA-0207-02070005,2508610,MA-0207,KG,05,A E Angier,Newton,Middlesex County,1697 Beacon Street,Waban,MA,02468,,(617)559-9300,13,"City, Small",No,383.00000,38.10000,10.0500000,?,?,30.00000,Regular,Open
250271501078,MA-0622-06220015,2502715,MA-0622,04,05,A F Maloney,Blackstone-Millville,Worcester County,200 Lincoln Street,Blackstone,MA,01504,,(508)876-0119,21,"Suburban, Large",No,0.00000,0.00000,?,?,?,?,Regular,Open
251005001619,MA-0248-02480003,2510050,MA-0248,KG,05,A. C. Whelan Elementary School,Revere,Suffolk County,107 Newhall Street,Revere,MA,02151,,(781)388-7510,21,"Suburban, Large",No,658.00000,60.78000,10.8300000,?,?,418.00000,Regular,Open
250219000097,MA-0016-00160001,2502190,MA-0016,KG,04,A. Irvin Studley Elementary School,Attleboro,Bristol County,299 Rathbun Willard Drive,Attleboro,MA,02703,,(508)222-2621,21,"Suburban, Large",No,372.00000,25.93000,14.3500000,?,?,150.00000,Regular,Open
251266000163,MA-0326-03260004,2512660,MA-0326,03,05,Abbot Elementary,Westford,Middlesex County,25 Depot Street,Westford,MA,01886,,(978)692-5580,21,"Suburban, Large",No,371.00000,28.44000,13.0500000,?,?,25.00000,Regular,Open
250492000706,MA-0098-00980005,2504920,MA-0098,PK,08,Abbott Memorial,Florida,Berkshire County,56 North County Rd,Florida,MA,01247,,(413)664-6023,41,"Rural, Fringe",No,83.00000,16.00000,5.1900000,?,?,28.00000,Regular,Open
250005101247,MA-0445-04450105,2500051,MA-0445,KG,12,Abby Kelley Foster Charter Public School,Abby Kelley Foster Charter Public,Worcester County,10 New Bond Street,Worcester,MA,01606,,(508)854-8400,12,"City, Midsize",Yes,1426.00000,125.99000,11.3200000,?,?,825.00000,Regular,Open
250165002727,MA-0001-00010001,2501650,MA-0001,PK,PK,Abington Early Education Program,Abington,Plymouth County,201 Gliniewicz Way,Abington,MA,02351,,(781)982-2195,21,"Suburban, Large",No,82.00000,4.00000,20.5000000,?,?,17.00000,Regular,Open
250165000001,MA-0001-00010505,2501650,MA-0001,09,12,Abington High,Abington,Plymouth County,201 Gliniewicz Way,Abington,MA,02351,,(781)982-2160,21,"Suburban, Large",No,530.00000,46.87000,11.3100000,?,?,183.00000,Regular,Open
250165000002,MA-0001-00010405,2501650,MA-0001,05,08,Abington Middle School,Abington,Plymouth County,201 Gliniewicz Way,Abington,MA,02351,,(781)982-2170,21,"Suburban, Large",No,668.00000,47.54000,14.0500000,?,?,202.00000,Regular,Open
251263002061,MA-0325-03250020,2512630,MA-0325,KG,04,Abner Gibbs,Westfield,Hampden County,50 West Silver Street,Westfield,MA,01085,3899,(413)572-6418,21,"Suburban, Large",No,196.00000,18.17000,10.7900000,?,?,144.00000,Regular,Open
250711001061,MA-0163-01630011,2507110,MA-0163,KG,05,Aborn,Lynn,Essex County,409 Eastern Avenue,Lynn,MA,01902,,(781)477-7320,21,"Suburban, Large",No,224.00000,19.35000,11.5800000,?,?,122.00000,Regular,Open
251005001618,MA-0248-02480025,2510050,MA-0248,PK,05,Abraham Lincoln,Revere,Suffolk County,68 Tuckerman Street,Revere,MA,02151,,(781)286-8270,21,"Suburban, Large",No,600.00000,52.33000,11.4700000,?,?,412.00000,Regular,Open
250843001318,MA-0201-02010095,2508430,MA-0201,KG,05,Abraham Lincoln,New Bedford,Bristol County,445 Ashley Blvd,New Bedford,MA,02745,5213,(508)997-4511,22,"Suburban, Midsize",No,687.00000,49.70000,13.8200000,?,?,573.00000,Regular,Open
250702001023,MA-0160-01600020,2507020,MA-0160,PK,04,Abraham Lincoln,Lowell,Middlesex County,300 Chelmsford Street,Lowell,MA,01851,,(978)937-2846,21,"Suburban, Large",No,492.00000,41.00000,12.0000000,?,?,387.00000,Regular,Open
251284002103,MA-0336-03360005,2512840,MA-0336,KG,05,Academy Avenue,Weymouth,Norfolk County,94 Academy Avenue,Weymouth,MA,02189,,(781)335-4717,21,"Suburban, Large",No,357.00000,23.63000,15.1100000,?,?,146.00000,Regular,Open
250002100511,MA-0412-04120530,2500021,MA-0412,05,12,Academy Of the Pacific Rim Charter Public School,Academy Of the Pacific Rim Charter Public,Suffolk County,1 Westinghouse Plaza,Hyde Park,MA,02136,,(617)361-0050,11,"City, Large",Yes,509.00000,55.30000,9.2000000,?,?,323.00000,Regular,Open
250171000012,MA-0600-06000505,2501710,MA-0600,09,12,Acton-Boxborough Regional High,Acton-Boxborough,Middlesex County,36 Charter Rd,Acton,MA,01720,,(978)264-4700,21,"Suburban, Large",No,1622.00000,120.21000,13.4900000,?,?,176.00000,Regular,Open
250174000014,MA-0003-00030025,2501740,MA-0003,PK,04,Acushnet Elementary School,Acushnet,Bristol County,800 Middle Road,Acushnet,MA,02743,1410,(508)998-0255,22,"Suburban, Midsize",No,517.00000,39.05000,13.2400000,?,?,164.00000,Regular,Open
250279000321,MA-0035-00350302,2502790,MA-0035,PK,06,Adams Elementary School,Boston,Suffolk County,165 Webster Street,East Boston,MA,02128,,(617)635-8383,11,"City, Large",No,237.00000,33.60000,7.0500000,?,?,180.00000,Regular,Open
250477002804,MA-0093-00930003,2504770,MA-0093,PK,PK,Adams School,Everett,Middlesex County,78 Tileston Street,Everett,MA,02149,1994,(617)394-2400,21,"Suburban, Large",No,162.00000,9.00000,18.0000000,?,?,107.00000,Regular,Open
250708002882,MA-0162-01620605,2507080,MA-0162,UG,UG,Advanced Community Experience Program,Lunenburg,Worcester County,1025 Massachusetts Avenue,Lunenburg,MA,01462,,(978)582-4100,22,"Suburban, Midsize",No,10.00000,1.00000,10.0000000,?,?,6.00000,Special Education,Open
250008501984,MA-0430-04300305,2500085,MA-0430,06,12,Advanced Math and Science Academy Charter School,Advanced Math and Science Academy Charter,Middlesex County,201 Forest Street,Marlborough,MA,01752,,(508)597-2400,21,"Suburban, Large",Yes,970.00000,81.64000,11.8800000,?,?,?,Regular,Open
250180001499,MA-0005-00050003,2501800,MA-0005,PK,PK,Agawam Early Childhood Center,Agawam,Hampden County,108 Perry Lane,Agawam,MA,01001,2459,(413)821-0598,21,"Suburban, Large",No,135.00000,7.00000,19.2900000,?,?,61.00000,Regular,Open
250180000024,MA-0005-00050505,2501800,MA-0005,09,12,Agawam High,Agawam,Hampden County,760 Cooper Street,Agawam,MA,01001,2177,(413)821-0521,21,"Suburban, Large",No,1025.00000,93.29000,10.9900000,?,?,385.00000,Regular,Open
250180000025,MA-0005-00050405,2501800,MA-0005,07,08,Agawam Junior High,Agawam,Hampden County,1305 Springfield St,Feeding Hills,MA,01030,2180,(413)821-0561,21,"Suburban, Large",No,527.00000,60.07000,8.7700000,?,?,221.00000,Regular,Open
250279000261,MA-0035-00350525,2502790,MA-0035,07,12,Albert D Holland School of Technology,Boston,Suffolk County,60 Washington Street,Dorchester,MA,02121,,(617)635-9837,11,"City, Large",No,399.00000,40.90000,9.7600000,?,?,336.00000,Regular,Open
250174000015,MA-0003-00030305,2501740,MA-0003,05,08,Albert F Ford Middle School,Acushnet,Bristol County,708 Middle Road,Acushnet,MA,02743,,(508)998-0265,22,"Suburban, Midsize",No,403.00000,31.10000,12.9600000,?,?,115.00000,Regular,Open
251089001739,MA-0274-02740087,2510890,MA-0274,PK,08,Albert F. Argenziano School at Lincoln Park,Somerville,Middlesex County,290 Washington Street,Somerville,MA,02143,,(617)629-5460,21,"Suburban, Large",No,553.00000,41.09000,13.4600000,?,?,222.00000,Regular,Open
251098001827,MA-0276-02760050,2510980,MA-0276,02,03,Albert S. Woodward Memorial School,Southborough,Worcester County,28 Cordaville Road,Southborough,MA,01772,,(508)229-1250,21,"Suburban, Large",No,286.00000,21.00000,13.6200000,?,?,23.00000,Regular,Open
250384000521,MA-0067-00670005,2503840,MA-0067,PK,05,Alcott,Concord,Middlesex County,93 Laurel Street,Concord,MA,01742,,(978)318-9544,21,"Suburban, Large",No,438.00000,37.62000,11.6400000,?,?,64.00000,Regular,Open
250441000968,MA-0082-00820004,2504410,MA-0082,03,05,Alden School,Duxbury,Plymouth County,75 Alden Street,Duxbury,MA,02332,,(781)934-7630,21,"Suburban, Large",No,622.00000,52.50000,11.8500000,?,?,55.00000,Regular,Open
250666000950,MA-0149-01490015,2506660,MA-0149,03,08,Alexander B Bruce,Lawrence,Essex County,135 Butler Street,Lawrence,MA,01841,,(978)975-5935,21,"Suburban, Large",No,462.00000,41.25000,11.2000000,?,?,401.00000,Regular,Open
251113001809,MA-0281-02810095,2511130,MA-0281,PK,08,Alfred G. Zanetti Montessori Magnet School,Springfield,Hampden County,474 Armory St,Springfield,MA,01104,,(413)787-7400,12,"City, Midsize",No,432.00000,31.40000,13.7600000,?,?,199.00000,Regular,Open
250843001326,MA-0201-02010063,2508430,MA-0201,PK,05,Alfred J Gomes,New Bedford,Bristol County,286 S Second Street,New Bedford,MA,02740,5899,(508)997-4511,22,"Suburban, Midsize",No,623.00000,58.19000,10.7100000,?,?,541.00000,Regular,Open
250927001479,MA-0226-02260010,2509270,MA-0226,KG,02,Alfred M Chaffee,Oxford,Worcester County,9 Clover Street,Oxford,MA,01540,2299,(508)987-6057,21,"Suburban, Large",No,313.00000,25.00000,12.5200000,?,?,127.00000,Regular,Open
250891001441,MA-0730-07300505,2508910,MA-0730,09,12,Algonquin Regional High,Northboro-Southboro,Worcester County,79 Bartlett Street,Northborough,MA,01532,,(508)351-7010,21,"Suburban, Large",No,1197.00000,110.55000,10.8300000,?,?,146.00000,Regular,Open
251278002090,MA-0331-03310015,2512780,MA-0331,PK,KG,Alice A Macomber,Westport,Bristol County,154 Gifford Road,Westport,MA,02790,4201,(508)678-8671,21,"Suburban, Large",No,163.00000,10.86000,15.0100000,?,?,60.00000,Regular,Open
251113001792,MA-0281-02810175,2511130,MA-0281,PK,05,Alice B Beal Elementary,Springfield,Hampden County,285 Tiffany Street,Springfield,MA,01108,,(413)787-7544,12,"City, Midsize",No,292.00000,24.45000,11.9400000,?,?,225.00000,Regular,Open
250999001604,MA-0246-02460002,2509990,MA-0246,KG,05,Alice M Barrows,Reading,Middlesex County,16 Edgemont Avenue,Reading,MA,01867,,(781)942-9166,21,"Suburban, Large",No,365.00000,28.50000,12.8100000,?,?,44.00000,Regular,Open
250279002835,MA-0035-00350066,2502790,MA-0035,PK,06,Alighieri Dante Montessori School,Boston,Suffolk County,37 Gove Street,East Boston,MA,02128,,(617)635-8529,11,"City, Large",No,109.00000,11.65000,9.3600000,?,?,46.00000,Regular,Open
250963001516,MA-0236-02360010,2509630,MA-0236,PK,05,Allendale,Pittsfield,Berkshire County,180 Connecticut Avenue,Pittsfield,MA,01201,,(413)448-9650,13,"City, Small",No,236.00000,22.82000,10.3400000,?,?,162.00000,Regular,Open
250052502708,MA-0409-04090205,2500525,MA-0409,KG,08,Alma del Mar Charter School,Alma del Mar Charter School,Bristol County,515 Belleville Ave,New Bedford,MA,02746,,(774)206-6827,22,"Suburban, Midsize",Yes,1042.00000,93.73000,11.1200000,?,?,788.00000,Regular,Open
251311002164,MA-0344-03440045,2513110,MA-0344,KG,05,Ambrose Elementary,Winchester,Middlesex County,27 High Street,Winchester,MA,01890,3398,(781)721-7012,21,"Suburban, Large",No,398.00000,32.93000,12.0900000,?,?,17.00000,Regular,Open
250186000034,MA-0007-00070505,2501860,MA-0007,09,12,Amesbury High,Amesbury,Essex County,5 Highland Street,Amesbury,MA,01913,3586,(978)388-4800,21,"Suburban, Large",No,481.00000,44.15000,10.8900000,?,?,143.00000,Regular,Open
250186002841,MA-0007-00070515,2501860,MA-0007,09,12,Amesbury Innovation High School,Amesbury,Essex County,71 Friend Street,Amesbury,MA,01913,,(978)388-8037,21,"Suburban, Large",No,50.00000,5.75000,8.7000000,?,?,40.00000,Regular,Open
250186000035,MA-0007-00070013,2501860,MA-0007,06,08,Amesbury Middle,Amesbury,Essex County,220 Main Street,Amesbury,MA,01913,3694,(978)388-0515,21,"Suburban, Large",No,364.00000,39.75000,9.1600000,?,?,130.00000,Regular,Open
250192000042,MA-0605-06050505,2501920,MA-0605,09,12,Amherst Regional High,Amherst-Pelham,Hampshire County,21 Mattoon Street,Amherst,MA,01002,,(413)362-1701,13,"City, Small",No,816.00000,72.08000,11.3200000,?,?,254.00000,Regular,Open
250192000043,MA-0605-06050405,2501920,MA-0605,07,08,Amherst Regional Middle School,Amherst-Pelham,Hampshire County,170 Chestnut Street,Amherst,MA,01002,,(413)362-1800,13,"City, Small",No,366.00000,39.42000,9.2800000,?,?,120.00000,Regular,Open
250327001621,MA-0049-00490006,2503270,MA-0049,PK,08,Amigos School,Cambridge,Middlesex County,15 Upton Street,Cambridge,MA,02139,,(617)349-6567,12,"City, Midsize",No,413.00000,37.67000,10.9600000,?,?,104.00000,Regular,Open
250873001401,MA-0212-02120007,2508730,MA-0212,KG,05,Amvet Boulevard,North Attleborough,Bristol County,70 Amvet Boulevard,North Attleborough,MA,02760,,(508)643-2155,21,"Suburban, Large",No,417.00000,28.00000,14.8900000,?,?,105.00000,Regular,Open
250195000045,MA-0009-00090505,2501950,MA-0009,09,12,Andover High,Andover,Essex County,80 Shawsheen Road,Andover,MA,01810,,(978)247-5500,21,"Suburban, Large",No,1609.00000,125.47000,12.8200000,?,?,190.00000,Regular,Open
250195002511,MA-0009-00090310,2501950,MA-0009,06,08,Andover West Middle,Andover,Essex County,70 Shawsheen Road,Andover,MA,01810,,(978)247-5400,21,"Suburban, Large",No,508.00000,42.02000,12.0900000,?,?,70.00000,Regular,Open
250402002698,MA-0072-00720005,2504020,MA-0072,PK,PK,Andrew B. Cushman School,Dartmouth,Bristol County,746 Dartmouth Street,Dartmouth,MA,02748,,(508)996-3926,22,"Suburban, Midsize",No,92.00000,7.10000,12.9600000,?,?,32.00000,Regular,Open
250969001537,MA-0238-02380010,2509690,MA-0238,PK,02,Anna Ware Jackson,Plainville,Norfolk County,68 Messenger Street,Plainville,MA,02762,2259,(508)699-1304,21,"Suburban, Large",No,324.00000,26.10000,12.4100000,?,?,114.00000,Regular,Open
250870002883,MA-0211-02110005,2508700,MA-0211,PK,KG,Anne Bradstreet Early Childhood Center,North Andover,Essex County,115 Phillips Brooks Road,North Andover,MA,01845,,(978)794-1577,21,"Suburban, Large",No,462.00000,33.00000,14.0000000,?,?,102.00000,Regular,Open
251299002767,MA-0340-03400020,2512990,MA-0340,PK,06,Anne T. Dunphy School,Williamsburg,Hampshire County,1 Petticoat Hill,Williamsburg,MA,01096,,(413)268-8421,41,"Rural, Fringe",No,111.00000,16.99000,6.5300000,?,?,40.00000,Regular,Open
251260002055,MA-0321-03210010,2512600,MA-0321,KG,03,Annie E Fales,Westborough,Worcester County,50 Eli Whitney Street,Westborough,MA,01581,,(508)836-7770,21,"Suburban, Large",No,305.00000,29.98000,10.1700000,?,?,31.00000,Regular,Open
250870000767,MA-0211-02110018,2508700,MA-0211,01,05,Annie L Sargent School,North Andover,Essex County,300 Abbott Street,North Andover,MA,01845,,(978)725-3673,21,"Suburban, Large",No,441.00000,32.81000,13.4400000,?,?,40.00000,Regular,Open
250501001785,MA-0101-01010040,2505010,MA-0101,06,08,Annie Sullivan Middle School,Franklin,Norfolk County,500 Lincoln Street,Franklin,MA,02038,,(508)553-0322,21,"Suburban, Large",No,322.00000,34.95000,9.2100000,?,?,75.00000,Regular,Open
250279000698,MA-0035-00350541,2502790,MA-0035,09,12,Another Course To College,Boston,Suffolk County,612 Metropolitan Av,Hyde Park,MA,02136,,(617)635-8865,11,"City, Large",No,253.00000,22.50000,11.2400000,?,?,201.00000,Other/Alternative,Open
250507000746,MA-0665-06650505,2505070,MA-0665,09,12,Apponequet Regional High,Freetown-Lakeville,Plymouth County,100 Howland Rd,Lakeville,MA,02347,,(508)947-2660,41,"Rural, Fringe",No,640.00000,58.80000,10.8800000,?,?,127.00000,Regular,Open
250294000360,MA-0040-00400033,2502940,MA-0040,KG,04,Archie T Morrison,Braintree,Norfolk County,260 Liberty Street,Braintree,MA,02184,,(781)380-0230,21,"Suburban, Large",No,327.00000,30.80000,10.6200000,?,?,116.00000,Regular,Open
250055202827,MA-3509-35090305,2500552,MA-3509,06,12,Argosy Collegiate Charter School,Argosy Collegiate Charter School,Bristol County,263 Hamlet Street,Fall River,MA,02724,,(508)567-4725,21,"Suburban, Large",Yes,587.00000,55.40000,10.6000000,?,?,416.00000,Regular,Open
250666002777,MA-0149-01490009,2506660,MA-0149,KG,04,Arlington Elementary,Lawrence,Essex County,150 Arlington Street,Lawrence,MA,01841,,(978)722-8311,21,"Suburban, Large",No,558.00000,62.50000,8.9300000,?,?,513.00000,Regular,Open
250198000053,MA-0010-00100505,2501980,MA-0010,09,12,Arlington High,Arlington,Middlesex County,869 Mass Avenue,Arlington,MA,02476,0002,(781)316-3591,21,"Suburban, Large",No,1677.00000,123.25000,13.6100000,?,?,179.00000,Regular,Open
250666001945,MA-0149-01490017,2506660,MA-0149,05,08,Arlington Middle School,Lawrence,Essex County,150 Arlington Street,Lawrence,MA,01841,,(978)975-5930,21,"Suburban, Large",No,543.00000,44.50000,12.2000000,?,?,476.00000,Regular,Open
251089001731,MA-0274-02740075,2510890,MA-0274,PK,08,Arthur D Healey,Somerville,Middlesex County,5 Meacham Street,Somerville,MA,02145,,(617)629-5420,21,"Suburban, Large",No,482.00000,40.84000,11.8000000,?,?,308.00000,Regular,Open
250489002672,MA-0097-00970315,2504890,MA-0097,06,08,Arthur M Longsjo Middle School,Fitchburg,Worcester County,98 Academy Street,Fitchburg,MA,01420,,(978)343-2146,22,"Suburban, Midsize",No,614.00000,54.00000,11.3700000,?,?,465.00000,Regular,Open
251113001795,MA-0281-02810165,2511130,MA-0281,PK,05,Arthur T Talmadge,Springfield,Hampden County,1395 Allen Street,Springfield,MA,01118,,(413)787-7249,12,"City, Midsize",No,196.00000,23.40000,8.3800000,?,?,172.00000,Regular,Open
251317001841,MA-0346-03460020,2513170,MA-0346,03,05,Arthur T. Cummings Elementary School,Winthrop,Suffolk County,40 Hermon Street,Winthrop,MA,02152,,(617)846-5543,21,"Suburban, Large",No,467.00000,29.00000,16.1000000,?,?,157.00000,Regular,Open
250999001605,MA-0246-02460305,2509990,MA-0246,06,08,Arthur W Coolidge Middle,Reading,Middlesex County,89 Birch Meadow Dr,Reading,MA,01867,,(781)942-9158,21,"Suburban, Large",No,405.00000,37.30000,10.8600000,?,?,37.00000,Regular,Open
250879001412,MA-0735-07350010,2508790,MA-0735,KG,04,Ashby Elementary,North Middlesex,Middlesex County,911 Main Street,Ashby,MA,01431,,(978)743-1005,41,"Rural, Fringe",No,152.00000,12.20000,12.4600000,?,?,43.00000,Regular,Open
250309002688,MA-0044-00440421,2503090,MA-0044,06,08,Ashfield Middle School,Brockton,Plymouth County,225 Coe Road,Brockton,MA,02302,,(508)580-7268,21,"Suburban, Large",No,474.00000,37.40000,12.6700000,?,?,302.00000,Regular,Open
250210000070,MA-0014-00140505,2502100,MA-0014,09,12,Ashland High,Ashland,Middlesex County,65 East Union St.,Ashland,MA,01721,,(508)881-0177,21,"Suburban, Large",No,884.00000,63.09000,14.0100000,?,?,201.00000,Regular,Open
250210000938,MA-0014-00140405,2502100,MA-0014,06,08,Ashland Middle,Ashland,Middlesex County,87 West Union Street,Ashland,MA,01721,,(508)881-0167,21,"Suburban, Large",No,685.00000,58.70000,11.6700000,?,?,160.00000,Regular,Open
250211002257,MA-0801-08010605,2502110,MA-0801,09,12,Assabet Valley Vocational High School,Assabet Valley Regional Vocational Technical,Middlesex County,215 Fitchburg Street,Marlborough,MA,01752,,(508)485-9430,21,"Suburban, Large",No,1144.00000,113.34000,10.0900000,?,?,505.00000,Vocational,Open
250507002739,MA-0665-06650002,2505070,MA-0665,KG,03,Assawompset Elementary School,Freetown-Lakeville,Plymouth County,232 Main Street,Lakeville,MA,02347,,(508)947-1403,41,"Rural, Fringe",No,431.00000,33.20000,12.9800000,?,?,84.00000,Regular,Open
250987001560,MA-0243-02430040,2509870,MA-0243,KG,05,Atherton Hough,Quincy,Norfolk County,1084 Sea Street,Quincy,MA,02169,,(617)984-8797,21,"Suburban, Large",No,256.00000,24.47000,10.4600000,?,?,81.00000,Regular,Open
250216000080,MA-0615-06150020,2502160,MA-0615,PK,04,Athol Community Elementary School,Athol-Royalston,Worcester County,1064 Pleasant Street,Athol,MA,01331,,(617)645-9657,41,"Rural, Fringe",No,589.00000,42.30000,13.9200000,?,?,367.00000,Regular,Open
250216000074,MA-0615-06150505,2502160,MA-0615,09,12,Athol High,Athol-Royalston,Worcester County,2363 Main Street,Athol,MA,01331,,(978)249-2435,31,"Town, Fringe",No,417.00000,36.10000,11.5500000,?,?,241.00000,Regular,Open
250216000176,MA-0615-06150305,2502160,MA-0615,05,08,Athol-Royalston Middle School,Athol-Royalston,Worcester County,1062 Pleasant Street,Athol,MA,01331,,(978)249-2430,41,"Rural, Fringe",No,446.00000,34.57000,12.9000000,?,?,277.00000,Regular,Open
250870001393,MA-0211-02110001,2508700,MA-0211,01,05,Atkinson,North Andover,Essex County,111 Phillips Brooks Rd,North Andover,MA,01845,,(978)794-0124,21,"Suburban, Large",No,274.00000,23.72000,11.5500000,?,?,113.00000,Regular,Open
250987001561,MA-0243-02430305,2509870,MA-0243,06,08,Atlantic Middle,Quincy,Norfolk County,86 Hollis Avenue,Quincy,MA,02171,,(617)984-8727,21,"Suburban, Large",No,601.00000,34.70000,17.3200000,?,?,272.00000,Regular,Open
250004100601,MA-0491-04910550,2500041,MA-0491,KG,12,Atlantis Charter School,Atlantis Charter,Bristol County,991 Jefferson St,Fall River,MA,02721,,(508)646-6410,21,"Suburban, Large",Yes,1246.00000,106.00000,11.7500000,?,?,726.00000,Regular,Open
250219002831,MA-0016-00160515,2502190,MA-0016,07,12,Attleboro Community Academy,Attleboro,Bristol County,1 Blue Pride Way,Attleboro,MA,02703,,(508)222-5150,21,"Suburban, Large",No,64.00000,8.27000,7.7400000,?,?,41.00000,Other/Alternative,Open
250219000084,MA-0016-00160505,2502190,MA-0016,09,12,Attleboro High,Attleboro,Bristol County,1 Blue Pride Way,Attleboro,MA,02703,,(508)222-5150,21,"Suburban, Large",No,2030.00000,132.96000,15.2700000,?,?,740.00000,Regular,Open
250219002921,MA-0016-00160705,2502190,MA-0016,09,12,Attleboro Virtual Academy,Attleboro,Bristol County,1 Blue Pride Way,Attleboro,MA,02703,,(508)222-0012,21,"Suburban, Large",No,39.00000,1.80000,21.6700000,?,?,10.00000,Regular,Open
250222002567,MA-0017-00170305,2502220,MA-0017,06,08,Auburn Middle,Auburn,Worcester County,9 West Street,Auburn,MA,01501,,(508)832-7722,41,"Rural, Fringe",No,628.00000,46.21000,13.5900000,?,?,158.00000,Regular,Open
250222000100,MA-0017-00170505,2502220,MA-0017,09,12,Auburn Senior High,Auburn,Worcester County,99 Auburn Street,Auburn,MA,01501,,(508)832-7711,21,"Suburban, Large",No,834.00000,69.20000,12.0500000,?,?,221.00000,Regular,Open
250405000546,MA-0073-00730010,2504050,MA-0073,01,05,Avery,Dedham,Norfolk County,336 High Street,Dedham,MA,02026,,(781)310-5000,21,"Suburban, Large",No,321.00000,31.40000,10.2200000,?,?,134.00000,Regular,Open
250225001295,MA-0018-00180510,2502250,MA-0018,06,12,Avon Middle High School,Avon,Norfolk County,287 West Main Street,Avon,MA,02322,,(508)583-4822,21,"Suburban, Large",No,409.00000,43.51000,9.4000000,?,?,191.00000,Regular,Open
250054202738,MA-0616-06160505,2500542,MA-0616,09,12,Ayer Shirley Regional High School,Ayer Shirley School District,Middlesex County,141 Washington Street,Ayer,MA,01432,,(978)772-8600,21,"Suburban, Large",No,417.00000,36.34000,11.4700000,?,?,119.00000,Regular,Open
250054202737,MA-0616-06160305,2500542,MA-0616,06,08,Ayer Shirley Regional Middle School,Ayer Shirley School District,Middlesex County,1 Hospital Road,Shirley,MA,01464,,(978)772-8600,21,"Suburban, Large",No,410.00000,33.00000,12.4200000,?,?,145.00000,Regular,Open
250264000175,MA-0030-00300055,2502640,MA-0030,KG,04,Ayers/Ryal Side School,Beverly,Essex County,40 Woodland Avenue,Beverly,MA,01915,,(978)921-6116,21,"Suburban, Large",No,388.00000,27.40000,14.1600000,?,?,77.00000,Regular,Open
250483000649,MA-0095-00950505,2504830,MA-0095,09,12,B M C Durfee High,Fall River,Bristol County,360 Elsbree Street,Fall River,MA,02720,,(508)675-8100,21,"Suburban, Large",No,2642.00000,233.25000,11.3300000,?,?,1912.00000,Regular,Open
250702001026,MA-0160-01600310,2507020,MA-0160,05,08,B.F. Butler Middle School,Lowell,Middlesex County,1140 Gorham Street,Lowell,MA,01852,,(978)937-8973,21,"Suburban, Large",No,516.00000,39.30000,13.1300000,?,?,369.00000,Regular,Open
250906001460,MA-0220-02200005,2509060,MA-0220,01,05,Balch,Norwood,Norfolk County,1170 Washington Street,Norwood,MA,02062,,(781)762-0694,21,"Suburban, Large",No,303.00000,29.07000,10.4200000,?,?,170.00000,Regular,Open
250279000011,MA-0035-00350003,2502790,MA-0035,PK,01,Baldwin Early Learning Pilot Academy,Boston,Suffolk County,121 Corey Road,Brighton,MA,02135,,(617)635-8409,11,"City, Large",No,165.00000,17.61000,9.3700000,?,?,90.00000,Regular,Open
251113002945,MA-0281-02810003,2511130,MA-0281,PK,PK,Balliet Preschool,Springfield,Hampden County,111 Seymour Street,Springfield,MA,01109,,(413)750-2056,12,"City, Midsize",No,99.00000,11.20000,8.8400000,?,?,78.00000,Regular,Open
250195000047,MA-0009-00090003,2501950,MA-0009,KG,05,Bancroft Elementary,Andover,Essex County,15 Bancroft Street,Andover,MA,01810,,(978)247-9500,21,"Suburban, Large",No,522.00000,42.87000,12.1800000,?,?,52.00000,Regular,Open
250498000727,MA-0100-01000035,2504980,MA-0100,KG,05,Barbieri Elementary,Framingham,Middlesex County,100 Dudley Rd,Framingham,MA,01701,6291,(508)626-9187,13,"City, Small",No,671.00000,50.73000,13.2300000,?,?,434.00000,Regular,Open
250231002908,MA-0020-00200012,2502310,MA-0020,KG,03,Barnstable Community Innovation School,Barnstable,Barnstable County,165 Bearses Way,Hyannis,MA,02601,,(508)790-6485,13,"City, Small",No,293.00000,26.20000,11.1800000,?,?,184.00000,Regular,Open
250231000116,MA-0020-00200505,2502310,MA-0020,08,12,Barnstable High,Barnstable,Barnstable County,744 West Main Street,Hyannis,MA,02601,3495,(508)790-6445,13,"City, Small",No,1652.00000,155.28000,10.6400000,?,?,876.00000,Regular,Open
250231002678,MA-0020-00200315,2502310,MA-0020,06,07,Barnstable Intermediate School,Barnstable,Barnstable County,895 Falmouth Road,Hyannis,MA,02601,,(508)790-6460,13,"City, Small",No,642.00000,63.02000,10.1900000,?,?,361.00000,Regular,Open
250231002748,MA-0020-00200050,2502310,MA-0020,04,05,Barnstable United Elementary School,Barnstable,Barnstable County,730 Osterville West Barnstable Road,Marston Mills,MA,02648,,(508)420-2272,13,"City, Small",No,714.00000,67.00000,10.6600000,?,?,370.00000,Regular,Open
250309002792,MA-0044-00440008,2503090,MA-0044,PK,PK,Barrett Russell Early Childhood Center,Brockton,Plymouth County,45 Oakdale Street,Brockton,MA,02301,,(508)580-7685,21,"Suburban, Large",No,209.00000,15.50000,13.4800000,?,?,164.00000,Regular,Open
250366000489,MA-0061-00610003,2503660,MA-0061,KG,05,Barry,Chicopee,Hampden County,44 Connell Street,Chicopee,MA,01020,,(413)594-3425,21,"Suburban, Large",No,359.00000,30.16000,11.9000000,?,?,235.00000,Regular,Open
250702001954,MA-0160-01600090,2507020,MA-0160,PK,08,Bartlett Community Partnership,Lowell,Middlesex County,79 Wannalancit Street,Lowell,MA,01854,,(978)937-8968,21,"Suburban, Large",No,408.00000,46.05000,8.8600000,?,?,319.00000,Regular,Open
251224002012,MA-0316-03160505,2512240,MA-0316,09,12,Bartlett High School,Webster,Worcester County,52 Lake Parkway,Webster,MA,01570,,(508)943-8552,21,"Suburban, Large",No,408.00000,35.17000,11.6000000,?,?,282.00000,Regular,Open
250597001706,MA-0128-01280073,2505970,MA-0128,01,12,Bartlett School and Assessment Center,Haverhill,Essex County,551 Washington Street,Haverhill,MA,01830,,(978)469-8735,21,"Suburban, Large",No,45.00000,7.20000,6.2500000,?,?,32.00000,Regular,Open
251038001653,MA-0258-02580003,2510380,MA-0258,PK,05,Bates,Salem,Essex County,53 Liberty Hill Avenue,Salem,MA,01970,,(978)740-1250,21,"Suburban, Large",No,410.00000,32.73000,12.5300000,?,?,222.00000,Regular,Open
250279000308,MA-0035-00350278,2502790,MA-0035,PK,06,Bates Elementary School,Boston,Suffolk County,426 Beech Street,Roslindale,MA,02131,,(617)635-8064,11,"City, Large",No,281.00000,27.61000,10.1800000,?,?,116.00000,Regular,Open
251105001779,MA-0876-08760605,2511050,MA-0876,09,12,Bay Path Regional Vocational Technical High School,Southern Worcester County Regional Vocational School Distric,Worcester County,57 Old Muggett Hill Road,Charlton,MA,01507,1331,(508)248-5971,41,"Rural, Fringe",No,1188.00000,122.50000,9.7000000,?,?,377.00000,Vocational,Open
250055002784,MA-3502-35020405,2500550,MA-3502,06,12,Baystate Academy Charter Public School,Baystate Academy Charter Public School,Hampden County,2001 Roosevelt Avenue,Springfield,MA,01104,,(413)366-5100,12,"City, Midsize",Yes,388.00000,57.80000,6.7100000,?,?,324.00000,Regular,Open
251005001962,MA-0248-02480013,2510050,MA-0248,PK,05,Beachmont Veterans Memorial School,Revere,Suffolk County,15 Everard Street,Revere,MA,02151,,(781)286-8316,21,"Suburban, Large",No,346.00000,37.87000,9.1400000,?,?,238.00000,Regular,Open
250969001538,MA-0238-02380005,2509690,MA-0238,03,06,Beatrice H Wood Elementary,Plainville,Norfolk County,72 Messenger Street,Plainville,MA,02762,1528,(508)699-1312,21,"Suburban, Large",No,331.00000,25.60000,12.9300000,?,?,103.00000,Regular,Open
250165000434,MA-0001-00010020,2501650,MA-0001,KG,02,Beaver Brook Elementary,Abington,Plymouth County,1 Ralph Hamlin Lane,Abington,MA,02351,,(781)982-2185,21,"Suburban, Large",No,491.00000,39.10000,12.5600000,?,?,168.00000,Regular,Open
250339000459,MA-0635-06350005,2503390,MA-0635,PK,05,Becket Washington School,Central Berkshire,Berkshire County,12 Maple Street,Becket,MA,01223,,(413)623-8757,42,"Rural, Distant",No,91.00000,8.85000,10.2800000,?,?,41.00000,Regular,Open
250240000128,MA-0023-00230505,2502400,MA-0023,09,12,Bedford High,Bedford,Middlesex County,9 Mudge Way,Bedford,MA,01730,2166,(781)275-1700,21,"Suburban, Large",No,868.00000,77.62000,11.1800000,?,?,97.00000,Regular,Open
250717001344,MA-0165-01650003,2507170,MA-0165,KG,08,Beebe,Malden,Middlesex County,401 Pleasant Street,Malden,MA,02148,,(781)388-0621,21,"Suburban, Large",No,921.00000,61.31000,15.0200000,?,?,520.00000,Regular,Open
250987000772,MA-0243-02430020,2509870,MA-0243,KG,05,Beechwood Knoll Elementary,Quincy,Norfolk County,225 Fenno Street,Quincy,MA,02170,,(617)984-8781,41,"Rural, Fringe",No,343.00000,23.20000,14.7800000,?,?,163.00000,Regular,Open
250528000770,MA-0107-01070010,2505280,MA-0107,KG,05,Beeman Memorial,Gloucester,Essex County,138 Cherry Street,Gloucester,MA,01930,,(978)281-9825,21,"Suburban, Large",No,292.00000,30.50000,9.5700000,?,?,155.00000,Regular,Open
250279000198,MA-0035-00350021,2502790,MA-0035,PK,02,Beethoven Elementary School,Boston,Suffolk County,5125 Washington Street,West Roxbury,MA,02132,,(617)635-8149,11,"City, Large",No,287.00000,24.16000,11.8800000,?,?,173.00000,Regular,Open
250366000490,MA-0061-00610010,2503660,MA-0061,PK,02,Belcher,Chicopee,Hampden County,125 Montgomery St.,Chicopee,MA,01020,,(413)594-3526,21,"Suburban, Large",No,245.00000,21.00000,11.6700000,?,?,185.00000,Regular,Open
250243000134,MA-0024-00240505,2502430,MA-0024,09,12,Belchertown High,Belchertown,Hampshire County,142 Springfield Road,Belchertown,MA,01007,9233,(413)323-9419,41,"Rural, Fringe",No,573.00000,47.97000,11.9400000,?,?,121.00000,Regular,Open
250366000491,MA-0061-00610305,2503660,MA-0061,06,08,Bellamy Middle,Chicopee,Hampden County,314 Pendleton Avenue,Chicopee,MA,01020,,(413)594-3527,21,"Suburban, Large",No,776.00000,81.10000,9.5700000,?,?,479.00000,Regular,Open
250246000139,MA-0025-00250505,2502460,MA-0025,08,12,Bellingham High School,Bellingham,Norfolk County,60 Blackstone Street,Bellingham,MA,02019,,(508)966-3761,21,"Suburban, Large",No,740.00000,59.50000,12.4400000,?,?,215.00000,Regular,Open
250246001683,MA-0025-00250315,2502460,MA-0025,04,07,Bellingham Memorial School,Bellingham,Norfolk County,130 Blackstone Street,Bellingham,MA,02019,,(508)883-2330,21,"Suburban, Large",No,586.00000,34.22000,17.1200000,?,?,212.00000,Regular,Open
250249000143,MA-0026-00260505,2502490,MA-0026,09,12,Belmont High,Belmont,Middlesex County,221 Concord Avenue,Belmont,MA,02478,3047,(617)993-5901,21,"Suburban, Large",No,1454.00000,92.10000,15.7900000,?,?,179.00000,Regular,Open
250249002959,MA-0026-00260315,2502490,MA-0026,07,08,Belmont Middle School,Belmont,Middlesex County,225 Concord Ave,Belmont,MA,02478,,(617)993-2000,21,"Suburban, Large",No,742.00000,47.80000,15.5200000,?,?,67.00000,Regular,Open
251323002197,MA-0348-03480020,2513230,MA-0348,PK,06,Belmont Street Community,Worcester,Worcester County,170 Belmont Street,Worcester,MA,01605,,(508)799-3588,12,"City, Midsize",No,615.00000,41.60000,14.7800000,?,?,550.00000,Regular,Open
251050002929,MA-0262-02620060,2510500,MA-0262,02,05,Belmonte STEAM Academy,Saugus,Essex County,25 Dow Street,Saugus,MA,01906,,(781)231-5052,21,"Suburban, Large",No,814.00000,51.00000,15.9600000,?,?,383.00000,Regular,Open
250002200514,MA-0420-04200205,2500022,MA-0420,PK,06,Benjamin Banneker Charter Public School,Benjamin Banneker Charter Public,Middlesex County,21 Notre Dame Avenue,Cambridge,MA,02140,,(617)497-7771,12,"City, Midsize",Yes,352.00000,19.00000,18.5300000,?,?,207.00000,Regular,Open
250003000547,MA-0447-04470205,2500030,MA-0447,KG,08,Benjamin Franklin Classical Charter Public School,Benjamin Franklin Classical Charter Public,Norfolk County,500 Financial Park,Franklin,MA,02038,,(508)541-3434,21,"Suburban, Large",Yes,898.00000,76.20000,11.7800000,?,?,153.00000,Regular,Open
251152001662,MA-0293-02930315,2511520,MA-0293,05,07,Benjamin Friedman Middle,Taunton,Bristol County,500 Norton Avenue,Taunton,MA,02780,,(508)821-1493,21,"Suburban, Large",No,701.00000,45.49000,15.4100000,?,?,389.00000,Regular,Open
251089001732,MA-0274-02740015,2510890,MA-0274,KG,05,Benjamin G Brown,Somerville,Middlesex County,201 Willow Avenue,Somerville,MA,02144,,(617)629-5620,21,"Suburban, Large",No,219.00000,15.03000,14.5700000,?,?,26.00000,Regular,Open
250180000027,MA-0005-00050020,2501800,MA-0005,KG,04,Benjamin J Phelps,Agawam,Hampden County,689 Main Street,Agawam,MA,01001,2540,(413)821-0587,21,"Suburban, Large",No,304.00000,22.64000,13.4300000,?,?,138.00000,Regular,Open
251113001808,MA-0281-02810085,2511130,MA-0281,PK,05,Benjamin Swan Elementary,Springfield,Hampden County,680 Union Street,Springfield,MA,01109,,(413)787-7526,12,"City, Midsize",No,486.00000,38.50000,12.6200000,?,?,439.00000,Regular,Open
250678000064,MA-0153-01530003,2506780,MA-0153,PK,PK,Bennett,Leominster,Worcester County,145 Pleasant Street,Leominster,MA,01453,,(978)534-7704,22,"Suburban, Midsize",No,115.00000,6.00000,19.1700000,?,?,50.00000,Regular,Open
250834001291,MA-0198-01980005,2508340,MA-0198,KG,04,Bennett-Hemenway,Natick,Middlesex County,22 East Evergreen Rd,Natick,MA,01760,,(508)647-6580,21,"Suburban, Large",No,504.00000,38.70000,13.0200000,?,?,52.00000,Regular,Open
251038002844,MA-0258-02580010,2510380,MA-0258,PK,05,Bentley Academy Innovation School,Salem,Essex County,25 Memorial Drive,Salem,MA,01970,,(978)740-1260,21,"Suburban, Large",No,286.00000,19.96000,14.3300000,?,?,205.00000,Regular,Open
250252002513,MA-0027-00270010,2502520,MA-0027,PK,04,Berkley Community School,Berkley,Bristol County,59 South Main Street,Berkley,MA,02779,,(508)822-9550,21,"Suburban, Large",No,459.00000,32.47000,14.1400000,?,?,127.00000,Regular,Open
250252001613,MA-0027-00270305,2502520,MA-0027,05,08,Berkley Middle School,Berkley,Bristol County,21 North Main Street,Berkley,MA,02779,,(508)884-9434,41,"Rural, Fringe",No,374.00000,26.92000,13.8900000,?,?,85.00000,Regular,Open
250007901842,MA-0414-04140305,2500079,MA-0414,06,12,Berkshire Arts and Technology Charter Public School,Berkshire Arts and Technology Charter Public,Berkshire County,One Commercial Place,Adams,MA,01220,,(413)743-7311,31,"Town, Fringe",Yes,364.00000,38.54000,9.4400000,?,?,205.00000,Regular,Open
250258002901,MA-0620-06200005,2502580,MA-0620,PK,05,Berlin Memorial School,Berlin-Boylston,Worcester County,34 South Street,Berlin,MA,01503,,(978)838-2417,21,"Suburban, Large",No,242.00000,20.29000,11.9300000,?,?,41.00000,Regular,Open
250960002612,MA-0750-07500006,2509600,MA-0750,PK,06,Bernardston Elementary,Pioneer Valley,Franklin County,37 School Road,Bernardston,MA,01337,,(413)648-9356,41,"Rural, Fringe",No,201.00000,18.55000,10.8400000,?,?,51.00000,Regular,Open
250567001459,MA-0675-06750007,2505670,MA-0675,KG,05,Bessie Buker Elementary,Hamilton-Wenham,Essex County,1 School Street,Wenham,MA,01984,,(978)468-5324,21,"Suburban, Large",No,255.00000,17.99000,14.1700000,?,?,17.00000,Regular,Open
250843001319,MA-0201-02010140,2508430,MA-0201,KG,05,Betsey B Winslow,New Bedford,Bristol County,561 Allen Street,New Bedford,MA,02740,2377,(508)997-4511,22,"Suburban, Midsize",No,227.00000,17.50000,12.9700000,?,?,144.00000,Regular,Open
250264000164,MA-0030-00300505,2502640,MA-0030,09,12,Beverly High,Beverly,Essex County,100 Sohier Rd,Beverly,MA,01915,,(978)921-6132,21,"Suburban, Large",No,1213.00000,99.05000,12.2500000,?,?,394.00000,Regular,Open
250264000165,MA-0030-00300305,2502640,MA-0030,05,08,Beverly Middle School,Beverly,Essex County,502 Cabot Street,Beverly,MA,01915,,(978)921-6103,21,"Suburban, Large",No,1388.00000,111.70000,12.4300000,?,?,462.00000,Regular,Open
250861000307,MA-0207-02070305,2508610,MA-0207,06,08,Bigelow Middle,Newton,Middlesex County,42 Vernon St,Newton,MA,02458,,(617)559-6800,13,"City, Small",No,434.00000,43.53000,9.9700000,?,?,81.00000,Regular,Open
250267000177,MA-0031-00310505,2502670,MA-0031,08,12,Billerica Memorial High School,Billerica,Middlesex County,35 River Street,Billerica,MA,01821,,(978)528-8711,21,"Suburban, Large",No,1816.00000,129.02000,14.0800000,?,?,461.00000,Regular,Open
250999001606,MA-0246-02460005,2509990,MA-0246,KG,05,Birch Meadow,Reading,Middlesex County,27 A B Lord Dr,Reading,MA,01867,,(781)944-2335,21,"Suburban, Large",No,359.00000,33.40000,10.7500000,?,?,35.00000,Regular,Open
250450000602,MA-0087-00870305,2504500,MA-0087,06,08,Birchland Park,East Longmeadow,Hampden County,50 Hanward Hill,East Longmeadow,MA,01028,,(413)525-5480,21,"Suburban, Large",No,590.00000,54.17000,10.8900000,?,?,148.00000,Regular,Open
250279000201,MA-0035-00350390,2502790,MA-0035,PK,06,Blackstone Elementary School,Boston,Suffolk County,380 Shawmut Avenue,Boston,MA,02118,,(617)635-8471,11,"City, Large",No,582.00000,60.18000,9.6700000,?,?,529.00000,Regular,Open
250271500192,MA-0622-06220505,2502715,MA-0622,08,12,Blackstone Millville RHS,Blackstone-Millville,Worcester County,175 Lincoln Street,Blackstone,MA,01504,,(508)876-0117,21,"Suburban, Large",No,534.00000,39.30000,13.5900000,?,?,188.00000,Regular,Open
250271000191,MA-0805-08050605,2502710,MA-0805,09,12,Blackstone Valley,Blackstone Valley Regional Vocational Technical,Worcester County,65 Pleasant Street,Upton,MA,01568,1499,(508)529-7758,21,"Suburban, Large",No,1243.00000,110.50000,11.2500000,?,?,227.00000,Vocational,Open
250171000356,MA-0600-06000005,2501710,MA-0600,KG,06,Blanchard Memorial School,Acton-Boxborough,Middlesex County,493 Massachusetts Avenue,Boxborough,MA,01719,,(978)263-4569,21,"Suburban, Large",No,469.00000,39.50000,11.8700000,?,?,58.00000,Regular,Open
251266000170,MA-0326-03260310,2512660,MA-0326,06,08,Blanchard Middle,Westford,Middlesex County,14 West Street,Westford,MA,01886,,(978)692-5582,21,"Suburban, Large",No,541.00000,45.08000,12.0000000,?,?,61.00000,Regular,Open
250462000624,MA-0088-00880015,2504620,MA-0088,PK,02,Blanche A. Ames Elementary School,Easton,Bristol County,50 Spooner Street,North Easton,MA,02356,2097,(508)230-3230,21,"Suburban, Large",No,762.00000,55.50000,13.7300000,?,?,173.00000,Regular,Open
250274000193,MA-0806-08060605,2502740,MA-0806,09,12,Blue Hills Regional Vocational Technical,Blue Hills Regional Vocational Technical,Norfolk County,800 Randolph Street,Canton,MA,02021,9103,(781)828-5800,41,"Rural, Fringe",No,910.00000,82.02000,11.0900000,?,?,321.00000,Vocational,Open
250699001016,MA-0159-01590005,2506990,MA-0159,KG,05,Blueberry Hill,Longmeadow,Hampden County,275 Blueberry Hill Rd,Longmeadow,MA,01106,1698,(413)565-4280,21,"Suburban, Large",No,362.00000,32.96000,10.9800000,?,?,36.00000,Regular,Open
250279001511,MA-0035-00350548,2502790,MA-0035,11,12,Boston Adult Tech Academy,Boston,Suffolk County,20 Church St,Back Bay,MA,02116,,(617)635-1542,11,"City, Large",No,227.00000,22.01000,10.3100000,?,?,202.00000,Other/Alternative,Open
250279001128,MA-0035-00350546,2502790,MA-0035,09,12,Boston Arts Academy,Boston,Suffolk County,174 Ipswich Street,Boston,MA,02215,,(617)635-6470,11,"City, Large",No,500.00000,51.94000,9.6300000,?,?,297.00000,Other/Alternative,Open
250279002848,MA-0035-00350755,2502790,MA-0035,09,12,Boston Collaborative High School,Boston,Suffolk County,215 Dorchester St,South Boston,MA,02127,,(617)635-8035,11,"City, Large",No,210.00000,20.65000,10.1700000,?,?,176.00000,Other/Alternative,Open
250005301256,MA-0449-04490305,2500053,MA-0449,05,12,Boston Collegiate Charter School,Boston Collegiate Charter,Suffolk County,11 Mayhew Street,Dorchester,MA,02125,,(617)265-1172,11,"City, Large",Yes,708.00000,73.00000,9.7000000,?,?,296.00000,Regular,Open
250004901245,MA-0424-04240505,2500049,MA-0424,09,12,Boston Day and Evening Academy Charter School,Boston Day and Evening Academy Charter,Suffolk County,20 Kearsarge Ave,Roxbury,MA,02119,,(617)635-6789,11,"City, Large",Yes,323.00000,29.54000,10.9300000,?,?,254.00000,Other/Alternative,Open
250052602703,MA-0411-04110305,2500526,MA-0411,07,12,Boston Green Academy Horace Mann Charter School,Boston Green Academy Horace Mann Charter School,Suffolk County,20 Warren St.,Brighton,MA,02135,,(617)635-9860,11,"City, Large",Yes,426.00000,41.58000,10.2500000,?,?,343.00000,Regular,Open
250279002015,MA-0035-00350507,2502790,MA-0035,09,12,Boston International High School & Newcomers Academy,Boston,Suffolk County,100 Maxwell St,Dorchester,MA,02124,,(617)635-9373,11,"City, Large",No,490.00000,55.70000,8.8000000,?,?,430.00000,Regular,Open
250279000204,MA-0035-00350545,2502790,MA-0035,07,12,Boston Latin Academy,Boston,Suffolk County,205 Townsend Street,Dorchester,MA,02121,,(617)635-9957,11,"City, Large",No,1693.00000,94.70000,17.8800000,?,?,815.00000,Regular,Open
250279000203,MA-0035-00350560,2502790,MA-0035,07,12,Boston Latin School,Boston,Suffolk County,78 Avenue Louis Pasteur,Boston,MA,02115,,(617)635-8895,11,"City, Large",No,2424.00000,129.92000,18.6600000,?,?,758.00000,Regular,Open
250008001843,MA-0416-04160305,2500080,MA-0416,06,12,Boston Preparatory Charter Public School,Boston Preparatory Charter Public,Suffolk County,885 River Street,Hyde Park,MA,02136,,(617)333-6688,11,"City, Large",Yes,700.00000,58.50000,11.9700000,?,?,457.00000,Regular,Open
250003900599,MA-0481-04810550,2500039,MA-0481,PK,06,Boston Renaissance Charter Public School,Boston Renaissance Charter Public,Suffolk County,1415 Hyde Park Ave,Hyde Park,MA,02136,,(617)357-0900,11,"City, Large",Yes,938.00000,84.00000,11.1700000,?,?,655.00000,Regular,Open
250279002687,MA-0035-00350012,2502790,MA-0035,PK,08,Boston Teachers Union K-8 Pilot,Boston,Suffolk County,25 Walk Hill Street,Jamaica Plain,MA,02130,,(617)635-7717,11,"City, Large",No,249.00000,28.80000,8.6500000,?,?,139.00000,Regular,Open
250282000348,MA-0036-00360505,2502820,MA-0036,09,12,Bourne High School,Bourne,Barnstable County,75 Waterhouse Rd,Bourne,MA,02532,3609,(508)759-0670,21,"Suburban, Large",No,341.00000,35.80000,9.5300000,?,?,122.00000,Regular,Open
250282002909,MA-0036-00360030,2502820,MA-0036,03,05,Bourne Intermediate School,Bourne,Barnstable County,70 Trowbridge Road,Bourne,MA,02532,,(508)759-0680,21,"Suburban, Large",No,359.00000,34.89000,10.2900000,?,?,128.00000,Regular,Open
250282001517,MA-0036-00360325,2502820,MA-0036,06,08,Bourne Middle School,Bourne,Barnstable County,77 Waterhouse Road,Bourne,MA,02532,,(508)759-0690,21,"Suburban, Large",No,394.00000,44.15000,8.9200000,?,?,156.00000,Regular,Open
250282002664,MA-0036-00360005,2502820,MA-0036,PK,02,Bournedale Elementary School,Bourne,Barnstable County,41 Ernest Valerie Road,Bournedale,MA,02532,,(508)759-7437,41,"Rural, Fringe",No,425.00000,33.15000,12.8200000,?,?,154.00000,Regular,Open
251305000802,MA-0342-03420005,2513050,MA-0342,PK,KG,Boutwell,Wilmington,Middlesex County,17 Boutwell Street,Wilmington,MA,01887,,(978)694-6070,21,"Suburban, Large",No,128.00000,10.12000,12.6500000,?,?,18.00000,Regular,Open
250550002611,MA-0673-06730001,2505500,MA-0673,PK,PK,Boutwell School,Groton-Dunstable,Middlesex County,P O Box 730,Groton,MA,01450,0730,(978)448-2297,21,"Suburban, Large",No,77.00000,5.00000,15.4000000,?,?,5.00000,Regular,Open
250366000492,MA-0061-00610015,2503660,MA-0061,KG,05,Bowe,Chicopee,Hampden County,115 Hampden Street,Chicopee,MA,01013,,(413)594-3431,21,"Suburban, Large",No,411.00000,33.22000,12.3700000,?,?,343.00000,Regular,Open
250861001358,MA-0207-02070015,2508610,MA-0207,KG,05,Bowen,Newton,Middlesex County,280 Cypress Street,Newton Centre,MA,02459,,(617)559-9330,13,"City, Small",No,325.00000,32.50000,10.0000000,?,?,52.00000,Regular,Open
250366000493,MA-0061-00610020,2503660,MA-0061,PK,05,Bowie,Chicopee,Hampden County,80 D.A.R.E. Way,Chicopee,MA,01022,,(413)594-3532,21,"Suburban, Large",No,260.00000,23.36000,11.1300000,?,?,105.00000,Regular,Open
250684000994,MA-0155-01550008,2506840,MA-0155,KG,05,Bowman,Lexington,Middlesex County,9 Philip Rd,Lexington,MA,02421,,(781)861-2500,21,"Suburban, Large",No,429.00000,38.45000,11.1600000,?,?,43.00000,Regular,Open
251197002563,MA-0307-03070010,2511970,MA-0307,KG,05,Boyden,Walpole,Norfolk County,1852 Washington Street,Walpole,MA,02081,,(508)660-7216,21,"Suburban, Large",No,395.00000,37.58000,10.5100000,?,?,81.00000,Regular,Open
250258002912,MA-0620-06200010,2502580,MA-0620,PK,05,Boylston Elementary School,Berlin-Boylston,Worcester County,200 Sewall Street,Boylston,MA,01505,,(508)869-2200,21,"Suburban, Large",No,347.00000,27.05000,12.8300000,?,?,43.00000,Regular,Open
250198000054,MA-0010-00100010,2501980,MA-0010,KG,05,Brackett,Arlington,Middlesex County,66 Eastern Avenue,Arlington,MA,02476,,(781)316-3705,21,"Suburban, Large",No,394.00000,29.96000,13.1500000,?,?,18.00000,Regular,Open
250597001168,MA-0128-01280008,2505970,MA-0128,KG,04,Bradford Elementary,Haverhill,Essex County,118 Montvale Street,Bradford,MA,01835,,(978)374-2443,21,"Suburban, Large",No,443.00000,44.00000,10.0700000,?,?,261.00000,Regular,Open
250279000283,MA-0035-00350215,2502790,MA-0035,PK,06,Bradley Elementary School,Boston,Suffolk County,110 Beachview Road,East Boston,MA,02128,,(617)635-8422,11,"City, Large",No,292.00000,27.10000,10.7700000,?,?,171.00000,Regular,Open
250294000361,MA-0040-00400505,2502940,MA-0040,09,12,Braintree High,Braintree,Norfolk County,128 Town Street,Braintree,MA,02184,,(781)848-4000,21,"Suburban, Large",No,1694.00000,108.05000,15.6800000,?,?,471.00000,Regular,Open
250867001390,MA-0209-02090035,2508670,MA-0209,PK,02,Brayton,North Adams,Berkshire County,20 Brayton Hill Terrace,North Adams,MA,01247,,(413)662-3260,31,"Town, Fringe",No,342.00000,35.00000,9.7700000,?,?,274.00000,Regular,Open
250711001063,MA-0163-01630405,2507110,MA-0163,06,08,Breed Middle School,Lynn,Essex County,90 OCallaghan Way,Lynn,MA,01905,,(781)477-7330,21,"Suburban, Large",No,1265.00000,98.23000,12.8800000,?,?,947.00000,Regular,Open
250711001064,MA-0163-01630020,2507110,MA-0163,KG,05,Brickett Elementary,Lynn,Essex County,123 Lewis Street,Lynn,MA,01902,,(781)477-7333,21,"Suburban, Large",No,318.00000,25.19000,12.6200000,?,?,262.00000,Regular,Open
250684000995,MA-0155-01550006,2506840,MA-0155,KG,05,Bridge,Lexington,Middlesex County,55 Middleby Rd,Lexington,MA,02421,,(781)861-2510,21,"Suburban, Large",No,345.00000,35.55000,9.7000000,?,?,42.00000,Regular,Open
250052702710,MA-0417-04170205,2500527,MA-0417,PK,08,Bridge Boston Charter School,Bridge Boston Charter School,Suffolk County,PO Box 190888,Roxbury,MA,02119,,(857)229-1601,11,"City, Large",Yes,329.00000,30.48000,10.7900000,?,?,252.00000,Regular,Open
250885001425,MA-0210-02100005,2508850,MA-0210,PK,05,Bridge Street,Northampton,Hampshire County,2 Parsons Street,Northampton,MA,01060,,(413)587-1460,13,"City, Small",No,281.00000,27.73000,10.1300000,?,?,141.00000,Regular,Open
250303002659,MA-0625-06250320,2503030,MA-0625,06,08,Bridgewater Middle School,Bridgewater-Raynham,Plymouth County,166 Mt. Prospect St.,Bridgewater,MA,02324,,(508)279-2100,21,"Suburban, Large",No,828.00000,50.05000,16.5400000,?,?,218.00000,Regular,Open
250303000380,MA-0625-06250505,2503030,MA-0625,09,12,Bridgewater-Raynham Regional,Bridgewater-Raynham,Plymouth County,415 Center Street,Bridgewater,MA,02324,,(508)697-6902,21,"Suburban, Large",No,1487.00000,82.33000,18.0600000,?,?,438.00000,Regular,Open
250204002368,MA-0610-06100025,2502040,MA-0610,PK,05,Briggs Elementary,Ashburnham-Westminster,Worcester County,96 Williams Rd,Ashburnham,MA,01430,1661,(978)827-5750,41,"Rural, Fringe",No,461.00000,37.85000,12.1800000,?,?,126.00000,Regular,Open
250279000208,MA-0035-00350505,2502790,MA-0035,07,12,Brighton High School,Boston,Suffolk County,25 Warren Street,Brighton,MA,02135,,(617)635-9873,11,"City, Large",No,667.00000,73.65000,9.0600000,?,?,586.00000,Regular,Open
251113001796,MA-0281-02810025,2511130,MA-0281,PK,05,Brightwood,Springfield,Hampden County,255 Plainfield Street,Springfield,MA,01107,,(413)787-7238,12,"City, Midsize",No,456.00000,31.45000,14.5000000,?,?,428.00000,Regular,Open
250306000381,MA-0043-00430005,2503060,MA-0043,PK,06,Brimfield Elementary,Brimfield,Hampden County,22 Wales Rd,Brimfield,MA,01010,0427,(413)245-7337,41,"Rural, Fringe",No,258.00000,27.61000,9.3400000,?,?,66.00000,Regular,Open
250307000382,MA-0910-09100705,2503070,MA-0910,09,12,Bristol County Agricultural High,Bristol County Agricultural,Bristol County,135 Center Street,Dighton,MA,02715,1230,(508)669-6744,41,"Rural, Fringe",No,631.00000,52.98000,11.9100000,?,?,176.00000,Vocational,Open
250308002262,MA-0810-08100605,2503080,MA-0810,09,12,Bristol-Plymouth Vocational Technical,Bristol-Plymouth Regional Vocational Technical,Bristol County,207 Hart Street,Taunton,MA,02780,3715,(508)823-5151,21,"Suburban, Large",No,1335.00000,99.81000,13.3800000,?,?,360.00000,Vocational,Open
250987001563,MA-0243-02430310,2509870,MA-0243,06,08,Broad Meadows Middle,Quincy,Norfolk County,50 Calvin Rd,Quincy,MA,02169,,(617)984-8723,21,"Suburban, Large",No,318.00000,28.50000,11.1600000,?,?,165.00000,Regular,Open
250837001306,MA-0199-01990005,2508370,MA-0199,KG,05,Broadmeadow,Needham,Norfolk County,120 Broadmeadow Rd,Needham,MA,02492,,(781)455-0448,21,"Suburban, Large",No,502.00000,35.74000,14.0500000,?,?,34.00000,Regular,Open
250309000385,MA-0044-00440505,2503090,MA-0044,09,12,Brockton High,Brockton,Plymouth County,470 Forest Avenue,Brockton,MA,02301,5689,(508)580-7633,21,"Suburban, Large",No,3598.00000,211.55000,17.0100000,?,?,2520.00000,Regular,Open
250309002544,MA-0044-00440400,2503090,MA-0044,05,12,Brockton Therapeutic Day School,Brockton,Plymouth County,596 Summer St,Brockton,MA,02302,,(508)562-6224,21,"Suburban, Large",No,30.00000,9.57000,3.1300000,?,?,27.00000,Other/Alternative,Open
250309002922,MA-0044-00440705,2503090,MA-0044,06,12,Brockton Virtual Learning Academy,Brockton,Plymouth County,1121 Warren Ave.,Brockton,MA,02301,,(508)562-6230,21,"Suburban, Large",No,122.00000,14.00000,8.7100000,?,?,96.00000,Regular,Open
250007101747,MA-0428-04280305,2500071,MA-0428,KG,12,Brooke Charter School,Brooke Charter School,Suffolk County,200 American Legion Highway,Mattapan,MA,02124,,(617)874-5515,11,"City, Large",Yes,2216.00000,178.21000,12.4300000,?,?,1356.00000,Regular,Open
250309000386,MA-0044-00440010,2503090,MA-0044,PK,05,Brookfield,Brockton,Plymouth County,135 Jon Drive,Brockton,MA,02302,1312,(508)580-7257,21,"Suburban, Large",No,532.00000,34.35000,15.4900000,?,?,367.00000,Regular,Open
250312000413,MA-0045-00450005,2503120,MA-0045,PK,06,Brookfield Elementary,Brookfield,Worcester County,1 Central Street,Brookfield,MA,01506,,(508)867-8774,41,"Rural, Fringe",No,289.00000,26.02000,11.1100000,?,?,82.00000,Regular,Open
250315002776,MA-0046-00460001,2503150,MA-0046,PK,PK,Brookline Early Education Program at Beacon,Brookline,Norfolk County,1187 Beacon St,Brookline,MA,02445,,(617)713-5471,21,"Suburban, Large",No,47.00000,5.00000,9.4000000,?,?,6.00000,Regular,Open
250315002793,MA-0046-00460002,2503150,MA-0046,PK,PK,Brookline Early Education Program at Putterham,Brookline,Norfolk County,194 Grove Street,Chestnut Hill,MA,02467,,(617)713-5471,21,"Suburban, Large",No,46.00000,5.85000,7.8600000,?,?,9.00000,Regular,Open
250315000415,MA-0046-00460505,2503150,MA-0046,09,12,Brookline High,Brookline,Norfolk County,115 Greenough Street,Brookline,MA,02445,,(617)713-5003,21,"Suburban, Large",No,2181.00000,183.50000,11.8900000,?,?,329.00000,Regular,Open
250756002049,MA-0176-01760130,2507560,MA-0176,PK,05,Brooks School,Medford,Middlesex County,388 High Street,Medford,MA,02155,,(781)393-2166,21,"Suburban, Large",No,556.00000,43.99000,12.6400000,?,?,79.00000,Regular,Open
250786001237,MA-0185-01850065,2507860,MA-0185,KG,02,Brookside,Milford,Worcester County,110 Congress Street,Milford,MA,01757,4098,(508)478-1177,21,"Suburban, Large",No,578.00000,51.71000,11.1800000,?,?,362.00000,Regular,Open
250432000578,MA-0079-00790035,2504320,MA-0079,PK,05,Brookside Elementary,Dracut,Middlesex County,1560 Lakeview Avenue,Dracut,MA,01826,,(978)957-0716,21,"Suburban, Large",No,487.00000,31.97000,15.2300000,?,?,173.00000,Regular,Open
250498000714,MA-0100-01000006,2504980,MA-0100,KG,05,Brophy,Framingham,Middlesex County,575 Pleasant Street,Framingham,MA,01701,2899,(508)626-9158,13,"City, Small",No,504.00000,42.11000,11.9700000,?,?,296.00000,Regular,Open
250834001292,MA-0198-01980010,2508340,MA-0198,KG,04,Brown,Natick,Middlesex County,1 Jean Burke Drive,Natick,MA,01760,,(508)647-6660,21,"Suburban, Large",No,494.00000,39.00000,12.6700000,?,?,95.00000,Regular,Open
250942001508,MA-0231-02310003,2509420,MA-0231,KG,06,Bryantville Elementary,Pembroke,Plymouth County,29 Gurney Dr,Pembroke,MA,02359,,(781)293-5411,21,"Suburban, Large",No,421.00000,30.01000,14.0300000,?,?,93.00000,Regular,Open
250222000101,MA-0017-00170010,2502220,MA-0017,KG,02,Bryn Mawr,Auburn,Worcester County,35 Swanson Road,Auburn,MA,01501,,(508)832-7733,21,"Suburban, Large",No,241.00000,17.27000,13.9500000,?,?,81.00000,Regular,Open
250799000424,MA-0717-07170005,2507990,MA-0717,PK,06,Buckland-Shelburne Regional,Mohawk Trail,Franklin County,75 Mechanic Street,Shelburne Falls,MA,01370,1298,(413)625-2521,42,"Rural, Distant",No,270.00000,18.13000,14.8900000,?,?,112.00000,Regular,Open
251131001870,MA-0287-02870005,2511310,MA-0287,PK,06,Burgess Elementary,Sturbridge,Worcester County,45 Burgess School Rd,Sturbridge,MA,01566,0027,(508)347-7041,31,"Town, Fringe",No,842.00000,70.03000,12.0200000,?,?,188.00000,Regular,Open
250759001015,MA-0177-01770015,2507590,MA-0177,02,04,Burke/Memorial Elementary School,Medway,Norfolk County,16 Cassidy Lane,Medway,MA,02053,,(508)533-3266,21,"Suburban, Large",No,506.00000,28.60000,17.6900000,?,?,81.00000,Regular,Open
250324000426,MA-0048-00480505,2503240,MA-0048,09,12,Burlington High,Burlington,Middlesex County,123 Cambridge Street,Burlington,MA,01803,,(781)270-1836,21,"Suburban, Large",No,1019.00000,90.16000,11.3000000,?,?,217.00000,Regular,Open
251323002202,MA-0348-03480405,2513230,MA-0348,07,08,Burncoat Middle School,Worcester,Worcester County,135 Burncoat Street,Worcester,MA,01606,,(508)799-3390,12,"City, Midsize",No,720.00000,53.15000,13.5500000,?,?,474.00000,Regular,Open
251323002200,MA-0348-03480503,2513230,MA-0348,09,12,Burncoat Senior High,Worcester,Worcester County,179 Burncoat Street,Worcester,MA,01606,,(508)799-3300,12,"City, Midsize",No,1073.00000,80.73000,13.2900000,?,?,731.00000,Regular,Open
251323002201,MA-0348-03480035,2513230,MA-0348,KG,06,Burncoat Street,Worcester,Worcester County,526 Burncoat Street,Worcester,MA,01606,,(508)799-3537,12,"City, Midsize",No,223.00000,20.60000,10.8300000,?,?,199.00000,Regular,Open
250351000472,MA-0056-00560030,2503510,MA-0056,KG,04,Byam School,Chelmsford,Middlesex County,25 Maple Road,Chelmsford,MA,01824,,(978)251-5144,21,"Suburban, Large",No,510.00000,39.25000,12.9900000,?,?,91.00000,Regular,Open
250639000922,MA-0141-01410030,2506390,MA-0141,PK,04,C A Farley,Hudson,Middlesex County,119 Cottage Street,Hudson,MA,01749,1432,(978)567-6153,21,"Suburban, Large",No,474.00000,45.00000,10.5300000,?,?,204.00000,Regular,Open
250861001359,MA-0207-02070020,2508610,MA-0207,KG,05,C C Burr,Newton,Middlesex County,171 Pine Street,Auburndale,MA,02466,,(617)559-9360,13,"City, Small",No,350.00000,31.40000,11.1500000,?,?,52.00000,Regular,Open
250171000007,MA-0600-06000020,2501710,MA-0600,KG,06,C.T. Douglas Elementary School,Acton-Boxborough,Middlesex County,73 Spruce Street,Acton,MA,01720,,(978)266-2560,21,"Suburban, Large",No,408.00000,29.50000,13.8300000,?,?,59.00000,Regular,Open
250861001360,MA-0207-02070025,2508610,MA-0207,KG,05,Cabot,Newton,Middlesex County,229 Cabot Street,Newtonville,MA,02460,,(617)559-9400,13,"City, Small",No,414.00000,37.60000,11.0100000,?,?,53.00000,Regular,Open
250597002881,MA-0128-01280030,2505970,MA-0128,KG,08,Caleb Dustin Hunking School,Haverhill,Essex County,480 So. Main Street,Haverhill,MA,01835,,(978)374-5787,21,"Suburban, Large",No,1062.00000,84.50000,12.5700000,?,?,503.00000,Regular,Open
251077001713,MA-0271-02710015,2510770,MA-0271,KG,04,Calvin Coolidge School,Shrewsbury,Worcester County,1 Florence Street,Shrewsbury,MA,01545,,(508)841-8880,21,"Suburban, Large",No,287.00000,22.32000,12.8600000,?,?,80.00000,Regular,Open
250327000436,MA-0049-00490506,2503270,MA-0049,09,12,Cambridge Rindge and Latin,Cambridge,Middlesex County,459 Broadway Ave,Cambridge,MA,02138,,(617)349-6630,12,"City, Midsize",No,2072.00000,223.44000,9.2700000,?,?,794.00000,Regular,Open
250327002759,MA-0049-00490305,2503270,MA-0049,06,08,Cambridge Street Upper School,Cambridge,Middlesex County,840 Cambridge Street,Cambridge,MA,02141,,(617)349-3050,12,"City, Midsize",No,301.00000,36.40000,8.2700000,?,?,127.00000,Regular,Open
250327000020,MA-0049-00490007,2503270,MA-0049,PK,05,Cambridgeport,Cambridge,Middlesex County,89 Elm Street,Cambridge,MA,02139,,(617)349-6587,12,"City, Midsize",No,263.00000,27.05000,9.7200000,?,?,87.00000,Regular,Open
250498001530,MA-0100-01000302,2504980,MA-0100,06,08,Cameron Middle School,Framingham,Middlesex County,215 Elm Street,Framingham,MA,01701,,(508)879-2290,13,"City, Small",No,592.00000,53.69000,11.0300000,?,?,377.00000,Regular,Open
251323002203,MA-0348-03480045,2513230,MA-0348,PK,06,Canterbury,Worcester,Worcester County,129 Canterbury Street,Worcester,MA,01603,,(508)799-3484,12,"City, Midsize",No,329.00000,25.81000,12.7500000,?,?,280.00000,Regular,Open
250330000451,MA-0050-00500505,2503300,MA-0050,09,12,Canton High,Canton,Norfolk County,900 Washington Street,Canton,MA,02021,,(781)821-5050,21,"Suburban, Large",No,968.00000,73.81000,13.1100000,?,?,227.00000,Regular,Open
250002400516,MA-0432-04320530,2500024,MA-0432,06,08,Cape Cod Lighthouse Charter School,Cape Cod Lighthouse Charter,Barnstable County,195 Route 137,East Harwich,MA,02645,3255,(774)408-7994,21,"Suburban, Large",Yes,251.00000,21.30000,11.7800000,?,?,65.00000,Regular,Open
250331002264,MA-0815-08150605,2503310,MA-0815,09,12,Cape Cod Region Vocational Technical,Cape Cod Regional Vocational Technical,Barnstable County,351 Pleasant Lake Avenue,Harwich,MA,02645,1813,(508)432-4500,21,"Suburban, Large",No,682.00000,62.46000,10.9200000,?,?,241.00000,Vocational,Open
250711001066,MA-0163-01630090,2507110,MA-0163,PK,05,Capt William G Shoemaker,Lynn,Essex County,26 Regina Rd,Lynn,MA,01904,,(781)477-7450,21,"Suburban, Large",No,361.00000,41.48000,8.7000000,?,?,194.00000,Regular,Open
250936001501,MA-0229-02290005,2509360,MA-0229,KG,05,Captain Samuel Brown,Peabody,Essex County,150 Lynn Street,Peabody,MA,01960,6437,(978)536-4100,21,"Suburban, Large",No,369.00000,37.33000,9.8800000,?,?,138.00000,Regular,Open
251089002561,MA-0274-02740005,2510890,MA-0274,PK,KG,Capuano Early Childhood Center,Somerville,Middlesex County,150 Glen Street,Somerville,MA,02145,,(617)629-5480,21,"Suburban, Large",No,250.00000,22.86000,10.9400000,?,?,93.00000,Regular,Open
250702002891,MA-0160-01600001,2507020,MA-0160,PK,PK,Cardinal O'Connell Early Learning Center,Lowell,Middlesex County,21 Carter Street,Lowell,MA,01852,,(978)446-7000,21,"Suburban, Large",No,121.00000,11.89000,10.1800000,?,?,85.00000,Regular,Open
250333000457,MA-0051-00510025,2503330,MA-0051,PK,08,Carlisle School,Carlisle,Middlesex County,83 School Street,Carlisle,MA,01741,1712,(978)369-4102,41,"Rural, Fringe",No,612.00000,59.91000,10.2200000,?,?,30.00000,Regular,Open
250843001335,MA-0201-02010105,2508430,MA-0201,KG,05,Carlos Pacheco,New Bedford,Bristol County,261 Mt Pleasant Stre,New Bedford,MA,02746,1549,(508)997-4511,22,"Suburban, Midsize",No,242.00000,25.60000,9.4500000,?,?,213.00000,Regular,Open
251038001656,MA-0258-02580015,2510380,MA-0258,KG,05,Carlton,Salem,Essex County,10 Skerry Street,Salem,MA,01970,,(978)740-1280,21,"Suburban, Large",No,247.00000,23.74000,10.4000000,?,?,113.00000,Regular,Open
250483002644,MA-0095-00950009,2504830,MA-0095,KG,05,Carlton M. Viveiros Elementary School,Fall River,Bristol County,525 Slade Street,Fall River,MA,02724,,(508)675-8300,21,"Suburban, Large",No,712.00000,46.98000,15.1600000,?,?,595.00000,Regular,Open
250171002867,MA-0600-06000001,2501710,MA-0600,PK,PK,Carol Huebner Early Childhood Program,Acton-Boxborough,Middlesex County,71 Spruce St.,Acton,MA,01720,,(978)266-2530,21,"Suburban, Large",No,116.00000,8.00000,14.5000000,?,?,35.00000,Regular,Open
250279000210,MA-0035-00350036,2502790,MA-0035,08,12,Carter School,Boston,Suffolk County,270 Columbia Rd,Dorchester,MA,02121,,(617)635-9832,11,"City, Large",No,28.00000,1.00000,28.0000000,?,?,25.00000,Regular,Open
250336002661,MA-0052-00520015,2503360,MA-0052,PK,05,Carver Elementary School,Carver,Plymouth County,85 Main Street,Carver,MA,02330,,(508)866-6220,41,"Rural, Fringe",No,788.00000,55.95000,14.0800000,?,?,240.00000,Regular,Open
250336002662,MA-0052-00520405,2503360,MA-0052,06,12,Carver Middle/High School,Carver,Plymouth County,60 South Meadow Road,Carver,MA,02330,,(508)866-6130,41,"Rural, Fringe",No,688.00000,71.24000,9.6600000,?,?,189.00000,Regular,Open
250843001320,MA-0201-02010123,2508430,MA-0201,PK,05,Casimir Pulaski,New Bedford,Bristol County,1097 Braley Rd,New Bedford,MA,02745,4299,(508)997-4511,22,"Suburban, Midsize",No,551.00000,45.75000,12.0400000,?,?,322.00000,Regular,Open
250579000827,MA-0122-01220004,2505790,MA-0122,PK,01,Cedar Elementary,Hanover,Plymouth County,265 Cedar Street,Hanover,MA,02339,,(781)878-7228,21,"Suburban, Large",No,479.00000,27.35000,17.5100000,?,?,54.00000,Regular,Open
250747001148,MA-0173-01730005,2507470,MA-0173,PK,03,Center,Mattapoisett,Plymouth County,17 Barstow Street,Mattapoisett,MA,02739,,(508)758-2521,22,"Suburban, Midsize",No,227.00000,24.18000,9.3900000,?,?,49.00000,Regular,Open
250936001493,MA-0229-02290015,2509360,MA-0229,PK,PK,Center,Peabody,Essex County,18 Irving Street,Peabody,MA,01960,4293,(978)536-5475,21,"Suburban, Large",No,123.00000,7.00000,17.5700000,?,?,61.00000,Regular,Open
250699001017,MA-0159-01590010,2506990,MA-0159,KG,05,Center,Longmeadow,Hampden County,837 Longmeadow Street,Longmeadow,MA,01106,2294,(413)565-4290,21,"Suburban, Large",No,412.00000,35.91000,11.4700000,?,?,48.00000,Regular,Open
250579000828,MA-0122-01220005,2505790,MA-0122,02,04,Center Elementary,Hanover,Plymouth County,65 Silver Street,Hanover,MA,02339,,(781)826-2631,21,"Suburban, Large",No,582.00000,35.75000,16.2800000,?,?,53.00000,Regular,Open
250351001300,MA-0056-00560005,2503510,MA-0056,KG,04,Center Elementary School,Chelmsford,Middlesex County,84 Billerica Road,Chelmsford,MA,01824,,(978)251-5155,21,"Suburban, Large",No,480.00000,37.35000,12.8500000,?,?,66.00000,Regular,Open
251158002946,MA-0295-02950030,2511580,MA-0295,02,04,Center Elementary School,Tewksbury,Middlesex County,139 Pleasant Street,Tewksbury,MA,01876,,(978)640-7870,21,"Suburban, Large",No,812.00000,57.31000,14.1700000,?,?,151.00000,Regular,Open
250678002272,MA-0153-01530605,2506780,MA-0153,09,12,Center For Technical Education Innovation,Leominster,Worcester County,122 Granite Street,Leominster,MA,01453,,(978)534-7735,22,"Suburban, Midsize",No,821.00000,39.93000,20.5600000,?,?,413.00000,Vocational,Open
250831000362,MA-0725-07250020,2508310,MA-0725,PK,05,Center School,Nashoba,Middlesex County,403 Great Rd,Stow,MA,01775,1129,(978)897-0290,21,"Suburban, Large",No,485.00000,38.30000,12.6600000,?,?,50.00000,Regular,Open
250264000167,MA-0030-00300010,2502640,MA-0030,KG,04,Centerville Elementary,Beverly,Essex County,17 Hull Street,Beverly,MA,01915,,(978)921-6120,21,"Suburban, Large",No,327.00000,28.50000,11.4700000,?,?,134.00000,Regular,Open
250231000118,MA-0020-00200010,2502310,MA-0020,KG,03,Centerville Elementary,Barnstable,Barnstable County,658 Bay Ln,Centerville,MA,02632,3399,(508)790-9890,13,"City, Small",No,267.00000,24.00000,11.1300000,?,?,115.00000,Regular,Open
250444000596,MA-0083-00830005,2504440,MA-0083,PK,02,Central,East Bridgewater,Plymouth County,107 Central Street,East Bridgewater,MA,02333,1996,(508)378-8204,21,"Suburban, Large",No,520.00000,42.00000,12.3800000,?,?,127.00000,Regular,Open
251115001428,MA-0370-03700012,2511150,MA-0370,01,12,Central Area,Institutional Schools,Worcester County,PO Box 1320,Westborough,MA,01581,,(781)338-3305,21,"Suburban, Large",No,?,?,?,?,?,?,Special Education,Open
250987001564,MA-0243-02430315,2509870,MA-0243,06,08,Central Middle,Quincy,Norfolk County,875 Hancock Street,Quincy,MA,02170,,(617)984-8725,21,"Suburban, Large",No,671.00000,42.30000,15.8600000,?,?,228.00000,Regular,Open
251188001280,MA-0775-07750310,2511880,MA-0775,06,08,Central Tree Middle,Wachusett,Worcester County,99 Rutland Heights Way,Rutland,MA,01543,,(508)886-0073,41,"Rural, Fringe",No,369.00000,26.88000,13.7300000,?,?,69.00000,Regular,Open
251086001723,MA-0273-02730005,2510860,MA-0273,KG,05,Chace Street,Somerset,Bristol County,538 Chace Street,Somerset,MA,02726,,(508)324-3160,21,"Suburban, Large",No,297.00000,26.71000,11.1200000,?,?,90.00000,Regular,Open
250309002958,MA-0044-00440535,2503090,MA-0044,09,12,Champion High School,Brockton,Plymouth County,211 Crescent St,Brockton,MA,02301,,(508)894-4377,21,"Suburban, Large",No,163.00000,10.30000,15.8300000,?,?,120.00000,Regular,Open
250441000593,MA-0082-00820006,2504410,MA-0082,PK,02,Chandler Elementary,Duxbury,Plymouth County,93 Chandler Street,Duxbury,MA,02332,,(781)934-7680,21,"Suburban, Large",No,665.00000,52.00000,12.7900000,?,?,46.00000,Regular,Open
251323002204,MA-0348-03480050,2513230,MA-0348,KG,06,Chandler Elementary Community,Worcester,Worcester County,114 Chandler Street,Worcester,MA,01609,,(508)799-3572,12,"City, Midsize",No,402.00000,27.73000,14.5000000,?,?,368.00000,Regular,Open
250279000338,MA-0035-00350360,2502790,MA-0035,PK,06,Channing Elementary School,Boston,Suffolk County,35 Sunnyside Street,Hyde Park,MA,02136,,(617)635-8722,11,"City, Large",No,194.00000,21.14000,9.1800000,?,?,145.00000,Regular,Open
250987001568,MA-0243-02430025,2509870,MA-0243,KG,05,Charles A Bernazzani Elementary,Quincy,Norfolk County,701 Furnace Brook,Quincy,MA,02169,,(617)984-8713,21,"Suburban, Large",No,339.00000,23.50000,14.4300000,?,?,102.00000,Regular,Open
250186000036,MA-0007-00070010,2501860,MA-0007,03,05,Charles C Cashman Elementary,Amesbury,Essex County,193 Lions Mouth Road,Amesbury,MA,01913,5400,(978)388-4407,21,"Suburban, Large",No,413.00000,33.50000,12.3300000,?,?,144.00000,Regular,Open
250351000474,MA-0056-00560025,2503510,MA-0056,KG,04,Charles D Harrington,Chelmsford,Middlesex County,120 Richardson Rd,North Chelmsford,MA,01863,,(978)251-5166,21,"Suburban, Large",No,468.00000,38.15000,12.2700000,?,?,122.00000,Regular,Open
250861000310,MA-0207-02070310,2508610,MA-0207,06,08,Charles E Brown Middle,Newton,Middlesex County,125 Meadowbrook Rd,Newton Centre,MA,02459,,(617)559-6900,13,"City, Small",No,713.00000,68.20000,10.4500000,?,?,61.00000,Regular,Open
251329002254,MA-0350-03500010,2513290,MA-0350,04,06,Charles E Roderick,Wrentham,Norfolk County,120 Taunton Street,Wrentham,MA,02093,,(508)384-5435,21,"Suburban, Large",No,357.00000,32.50000,10.9800000,?,?,50.00000,Regular,Open
250906001461,MA-0220-02200025,2509060,MA-0220,01,05,Charles J Prescott,Norwood,Norfolk County,66 Richland Road,Norwood,MA,02062,0067,(781)762-6497,21,"Suburban, Large",No,267.00000,24.15000,11.0600000,?,?,109.00000,Regular,Open
250732001631,MA-0170-01700030,2507320,MA-0170,KG,05,Charles Jaworek School,Marlborough,Middlesex County,444 Hosmer Street,Marlborough,MA,01752,,(508)460-3506,21,"Suburban, Large",No,631.00000,51.93000,12.1500000,?,?,387.00000,Regular,Open
250895002282,MA-0851-08510605,2508950,MA-0851,09,12,Charles McCann Vocational Technical,Northern Berkshire Regional Vocational Technical,Berkshire County,70 Hodges Cross Rd,North Adams,MA,01247,3940,(413)663-5383,41,"Rural, Fringe",No,514.00000,48.46000,10.6100000,?,?,208.00000,Vocational,Open
250843001321,MA-0201-02010010,2508430,MA-0201,KG,05,Charles S Ashley,New Bedford,Bristol County,122 Rochambeau Street,New Bedford,MA,02745,5449,(508)997-4511,22,"Suburban, Midsize",No,272.00000,20.25000,13.4300000,?,?,198.00000,Regular,Open
250798001257,MA-0189-01890410,2507980,MA-0189,06,08,Charles S Pierce Middle,Milton,Norfolk County,451 Central Ave,Milton,MA,02186,,(617)696-4568,21,"Suburban, Large",No,1002.00000,86.53000,11.5800000,?,?,148.00000,Regular,Open
250495000864,MA-0099-00990050,2504950,MA-0099,KG,04,Charles Taylor Elementary,Foxborough,Norfolk County,196 South Street,Foxborough,MA,02035,,(508)543-1607,21,"Suburban, Large",No,278.00000,24.50000,11.3500000,?,?,59.00000,Regular,Open
250702001029,MA-0160-01600030,2507020,MA-0160,PK,04,Charles W Morey,Lowell,Middlesex County,130 Pine Street,Lowell,MA,01851,,(978)937-7662,21,"Suburban, Large",No,497.00000,40.00000,12.4300000,?,?,329.00000,Regular,Open
250279000215,MA-0035-00350515,2502790,MA-0035,07,12,Charlestown High School,Boston,Suffolk County,240 Medford Street,Charlestown,MA,02129,,(617)635-9914,11,"City, Large",No,754.00000,93.46000,8.0700000,?,?,622.00000,Regular,Open
250498000716,MA-0100-01000007,2504980,MA-0100,KG,05,Charlotte A Dunning,Framingham,Middlesex County,48 Frost Street,Framingham,MA,01701,3942,(508)626-9155,13,"City, Small",No,436.00000,34.90000,12.4900000,?,?,179.00000,Regular,Open
250702000092,MA-0160-01600080,2507020,MA-0160,PK,04,Charlotte M Murkland Elementary,Lowell,Middlesex County,350 Adams Street,Lowell,MA,01854,,(978)937-2826,21,"Suburban, Large",No,448.00000,36.00000,12.4400000,?,?,385.00000,Regular,Open
250436000585,MA-0658-06580020,2504360,MA-0658,PK,01,Charlton Elementary,Dudley-Charlton Reg,Worcester County,9 Burlingame Road,Charlton,MA,01507,,(508)248-7774,41,"Rural, Fringe",No,333.00000,25.70000,12.9600000,?,?,98.00000,Regular,Open
250436001597,MA-0658-06580310,2504360,MA-0658,05,08,Charlton Middle School,Dudley-Charlton Reg,Worcester County,2 Oxford Road,Charlton,MA,01507,,(508)248-1423,41,"Rural, Fringe",No,631.00000,48.50000,13.0100000,?,?,184.00000,Regular,Open
251101001763,MA-0277-02770005,2511010,MA-0277,PK,05,Charlton Street,Southbridge,Worcester County,220 Charlton Street,Southbridge,MA,01550,,(508)764-5475,31,"Town, Fringe",No,288.00000,21.00000,13.7100000,?,?,244.00000,Regular,Open
250054400469,MA-0712-07120001,2500544,MA-0712,PK,04,Chatham Elementary School,Monomoy Regional School District,Barnstable County,147 Depot Road,Chatham,MA,02633,,(508)945-5135,21,"Suburban, Large",No,146.00000,18.20000,8.0200000,?,?,60.00000,Regular,Open
250351000475,MA-0056-00560505,2503510,MA-0056,09,12,Chelmsford High,Chelmsford,Middlesex County,200 Richardson Rd,North Chelmsford,MA,01863,,(978)251-5111,21,"Suburban, Large",No,1402.00000,100.30000,13.9800000,?,?,210.00000,Regular,Open
250354000482,MA-0057-00570505,2503540,MA-0057,09,12,Chelsea High,Chelsea,Suffolk County,299 Everett Avenue,Chelsea,MA,02150,,(617)466-5000,21,"Suburban, Large",No,1649.00000,125.72000,13.1200000,?,?,1285.00000,Regular,Open
250354002890,MA-0057-00570515,2503540,MA-0057,09,12,Chelsea Opportunity Academy,Chelsea,Suffolk County,299 Everett Avenue,Chelsea,MA,02150,,(617)466-5000,21,"Suburban, Large",No,132.00000,7.03000,18.7800000,?,?,95.00000,Other/Alternative,Open
250354002923,MA-0057-00570705,2503540,MA-0057,08,12,Chelsea Virtual Learning Academy,Chelsea,Suffolk County,77 Webster Avenue,Chelsea,MA,02150,,(617)466-5113,21,"Suburban, Large",No,54.00000,6.43000,8.4000000,?,?,42.00000,Regular,Open
250516000757,MA-0672-06720059,2505160,MA-0672,PK,05,Chester Elementary,Gateway,Hampden County,325 Middlefield Road,Chester,MA,01011,,(413)685-1360,42,"Rural, Distant",No,114.00000,12.51000,9.1100000,?,?,50.00000,Regular,Open
251113002840,MA-0281-02810367,2511130,MA-0281,06,08,Chestnut Accelerated Middle School (Talented and Gifted),Springfield,Hampden County,355 Plainfield Street,Springfield,MA,01107,,(413)750-2333,12,"City, Midsize",No,265.00000,27.90000,9.5000000,?,?,196.00000,Regular,Open
250243001871,MA-0024-00240006,2502430,MA-0024,04,06,Chestnut Hill Community School,Belchertown,Hampshire County,59 State Street,Belchertown,MA,01007,,(413)323-0437,41,"Rural, Fringe",No,494.00000,33.83000,14.6000000,?,?,129.00000,Regular,Open
250426000573,MA-0078-00780005,2504260,MA-0078,PK,05,Chickering,Dover,Norfolk County,29 Cross Street,Dover,MA,02030,,(508)785-0480,21,"Suburban, Large",No,492.00000,44.60000,11.0300000,?,?,23.00000,Regular,Open
250366000720,MA-0061-00610021,2503660,MA-0061,07,12,Chicopee Academy,Chicopee,Hampden County,12 DARE Way,Chicopee,MA,01020,1038,(413)594-3449,21,"Suburban, Large",No,92.00000,20.94000,4.3900000,?,?,84.00000,Other/Alternative,Open
250366000495,MA-0061-00610510,2503660,MA-0061,09,12,Chicopee Comprehensive High School,Chicopee,Hampden County,617 Montgomery Street,Chicopee,MA,01020,,(413)594-3534,21,"Suburban, Large",No,1192.00000,106.58000,11.1800000,?,?,609.00000,Regular,Open
250366000496,MA-0061-00610505,2503660,MA-0061,09,12,Chicopee High,Chicopee,Hampden County,820 Front Street,Chicopee,MA,01020,1722,(413)594-3437,21,"Suburban, Large",No,918.00000,86.80000,10.5800000,?,?,646.00000,Regular,Open
250004300508,MA-0774-07740010,2500043,MA-0774,KG,05,Chilmark Elementary,Up-Island Regional,Dukes County,8 State Road,Chilmark,MA,02535,,(508)645-2562,42,"Rural, Distant",No,69.00000,10.13000,6.8100000,?,?,19.00000,Regular,Open
250279000255,MA-0035-00350154,2502790,MA-0035,PK,06,Chittick Elementary School,Boston,Suffolk County,154 Ruskindale Road,Mattapan,MA,02126,,(617)635-8652,11,"City, Large",No,248.00000,26.50000,9.3600000,?,?,190.00000,Regular,Open
251188001494,MA-0775-07750315,2511880,MA-0775,05,08,Chocksett Middle School,Wachusett,Worcester County,40 Boutelle Road,Sterling,MA,01564,2698,(978)422-6552,21,"Suburban, Large",No,264.00000,23.02000,11.4700000,?,?,47.00000,Regular,Open
250006801746,MA-0418-04180305,2500068,MA-0418,06,08,Christa McAuliffe Charter School,Christa McAuliffe Charter School,Middlesex County,139 Newbury St,Framingham,MA,01701,,(508)879-9000,13,"City, Small",Yes,284.00000,29.00000,9.7900000,?,?,136.00000,Regular,Open
250002600530,MA-0437-04370505,2500026,MA-0437,11,12,City on a Hill Charter Public School,City on a Hill Charter Public School,Suffolk County,58 Circuit Street,Roxbury,MA,02119,,(617)445-1515,11,"City, Large",Yes,78.00000,10.27000,7.5900000,?,?,63.00000,Regular,Open
251323002610,MA-0348-03480053,2513230,MA-0348,PK,06,City View,Worcester,Worcester County,80 Prospect Street,Worcester,MA,01605,,(508)799-3670,12,"City, Midsize",No,464.00000,38.25000,12.1300000,?,?,423.00000,Regular,Open
251005001659,MA-0248-02480520,2510050,MA-0248,09,12,CityLab Innovation High School,Revere,Suffolk County,15 Everard Street,Revere,MA,02151,,(781)485-2715,21,"Suburban, Large",No,117.00000,11.89000,9.8400000,?,?,74.00000,Regular,Open
250279000319,MA-0035-00350298,2502790,MA-0035,PK,06,Clap Elementary School,Boston,Suffolk County,35 Harvest Street,Dorchester,MA,02125,,(617)635-8672,11,"City, Large",No,140.00000,15.60000,8.9700000,?,?,115.00000,Regular,Open
250927001481,MA-0226-02260005,2509270,MA-0226,03,05,Clara Barton,Oxford,Worcester County,25 Depot Road,Oxford,MA,01540,1298,(508)987-6066,21,"Suburban, Large",No,307.00000,25.00000,12.2800000,?,?,116.00000,Regular,Open
251323002121,MA-0348-03480350,2513230,MA-0348,07,12,Claremont Academy,Worcester,Worcester County,15 Claremont Street,Worcester,MA,01610,,(508)799-3077,12,"City, Midsize",No,474.00000,36.31000,13.0500000,?,?,399.00000,Regular,Open
250354001158,MA-0057-00570050,2503540,MA-0057,05,08,Clark Avenue School,Chelsea,Suffolk County,8 Clark Avenue,Chelsea,MA,02150,,(617)466-5100,21,"Suburban, Large",No,673.00000,52.96000,12.7100000,?,?,542.00000,Regular,Open
251323002206,MA-0348-03480055,2513230,MA-0348,PK,06,Clark St Community,Worcester,Worcester County,280 Clark Street,Worcester,MA,01606,,(508)799-3545,12,"City, Midsize",No,278.00000,21.86000,12.7200000,?,?,239.00000,Regular,Open
250372000510,MA-0063-00630010,2503720,MA-0063,PK,08,Clarksburg Elementary,Clarksburg,Berkshire County,777 West Cross Road,Clarksburg,MA,01247,,(413)663-8735,31,"Town, Fringe",No,204.00000,16.50000,12.3600000,?,?,76.00000,Regular,Open
250711001067,MA-0163-01630505,2507110,MA-0163,09,12,Classical High,Lynn,Essex County,235 O Callaghan Way,Lynn,MA,01905,,(781)477-7404,21,"Suburban, Large",No,1795.00000,124.87000,14.3700000,?,?,1277.00000,Regular,Open
251221002007,MA-0315-03150005,2512210,MA-0315,KG,05,Claypit Hill School,Wayland,Middlesex County,40 Adams Lane,Wayland,MA,01778,3421,(508)358-3851,21,"Suburban, Large",No,495.00000,45.09000,10.9800000,?,?,47.00000,Regular,Open
250987001220,MA-0243-02430055,2509870,MA-0243,KG,04,Clifford H Marshall Elementary,Quincy,Norfolk County,200 Moody St Ext,Quincy,MA,02169,,(617)984-8721,21,"Suburban, Large",No,535.00000,43.55000,12.2800000,?,?,268.00000,Regular,Open
250180000028,MA-0005-00050010,2501800,MA-0005,KG,04,Clifford M Granger,Agawam,Hampden County,31 So. Westfield Street,Feeding Hills,MA,01030,2701,(413)821-0581,21,"Suburban, Large",No,361.00000,23.64000,15.2700000,?,?,140.00000,Regular,Open
250375002379,MA-0064-00640050,2503750,MA-0064,PK,04,Clinton Elementary,Clinton,Worcester County,100 Church Street,Clinton,MA,01510,,(978)365-4230,21,"Suburban, Large",No,870.00000,66.70000,13.0400000,?,?,426.00000,Regular,Open
250375000512,MA-0064-00640305,2503750,MA-0064,05,08,Clinton Middle School,Clinton,Worcester County,100 West Boylston Street,Clinton,MA,01510,,(978)365-4220,21,"Suburban, Large",No,573.00000,49.10000,11.6700000,?,?,323.00000,Regular,Open
250375000513,MA-0064-00640505,2503750,MA-0064,09,12,Clinton Senior High,Clinton,Worcester County,200 West Boylston Street,Clinton,MA,01510,,(978)365-4208,21,"Suburban, Large",No,582.00000,45.58000,12.7700000,?,?,291.00000,Regular,Open
250792001252,MA-0187-01870005,2507920,MA-0187,PK,05,Clyde F Brown,Millis,Norfolk County,7 Park Rd,Millis,MA,02054,,(508)376-7003,21,"Suburban, Large",No,603.00000,41.21000,14.6300000,?,?,103.00000,Regular,Open
251320002181,MA-0347-03470040,2513200,MA-0347,PK,05,Clyde Reeves,Woburn,Middlesex County,240 Lexington Street,Woburn,MA,01801,,(781)937-8240,21,"Suburban, Large",No,451.00000,32.91000,13.7000000,?,?,141.00000,Regular,Open
250711001068,MA-0163-01630035,2507110,MA-0163,PK,05,Cobbet Elementary,Lynn,Essex County,40 Franklin Street,Lynn,MA,01902,,(781)477-7341,21,"Suburban, Large",No,616.00000,56.57000,10.8900000,?,?,525.00000,Regular,Open
250007001667,MA-0438-04380505,2500070,MA-0438,PK,12,Codman Academy Charter Public School,Codman Academy Charter Public,Suffolk County,637 Washington Street,Dorchester,MA,02124,,(617)287-0700,11,"City, Large",Yes,344.00000,33.18000,10.3700000,?,?,277.00000,Regular,Open
250378000518,MA-0065-00650505,2503780,MA-0065,09,12,Cohasset High School,Cohasset,Norfolk County,143 Pond Street,Cohasset,MA,02025,,(781)383-6100,21,"Suburban, Large",No,381.00000,42.50000,8.9600000,?,?,28.00000,Regular,Open
250378002910,MA-0065-00650305,2503780,MA-0065,06,08,Cohasset Middle School,Cohasset,Norfolk County,143 Pond Street,Cohasset,MA,02025,,(781)236-1070,21,"Suburban, Large",No,300.00000,29.80000,10.0700000,?,?,22.00000,Regular,Open
251266002077,MA-0326-03260025,2512660,MA-0326,PK,02,Col John Robinson,Westford,Middlesex County,60 Concord Road,Westford,MA,01886,,(978)692-5586,21,"Suburban, Large",No,346.00000,24.95000,13.8700000,?,?,35.00000,Regular,Open
250351000476,MA-0056-00560305,2503510,MA-0056,05,06,Col Moses Parker School,Chelmsford,Middlesex County,75 Graniteville Rd,Chelmsford,MA,01824,,(978)251-5133,21,"Suburban, Large",No,778.00000,62.00000,12.5500000,?,?,127.00000,Regular,Open
250972001539,MA-0239-02390005,2509720,MA-0239,KG,05,Cold Spring,Plymouth,Plymouth County,25 Alden Street,Plymouth,MA,02360,,(508)830-4335,21,"Suburban, Large",No,214.00000,21.84000,9.8000000,?,?,108.00000,Regular,Open
250243000136,MA-0024-00240005,2502430,MA-0024,PK,KG,Cold Spring,Belchertown,Hampshire County,57 South Main Street,Belchertown,MA,01007,9332,(413)323-0428,23,"Suburban, Small",No,188.00000,13.33000,14.1000000,?,?,36.00000,Regular,Open
250867001388,MA-0209-02090008,2508670,MA-0209,03,06,Colegrove Park Elementary,North Adams,Berkshire County,24 Church Street,North Adams,MA,01247,,(413)662-3250,31,"Town, Fringe",No,369.00000,30.25000,12.2000000,?,?,255.00000,Regular,Open
250054502785,MA-3503-35030205,2500545,MA-3503,KG,12,Collegiate Charter School of Lowell,Collegiate Charter School of Lowell,Middlesex County,1857 Middlesex Street,Lowell,MA,01851,,(978)458-1399,21,"Suburban, Large",Yes,1212.00000,113.66000,10.6600000,?,?,763.00000,Regular,Open
250798001259,MA-0189-01890005,2507980,MA-0189,KG,05,Collicot,Milton,Norfolk County,80 Edge Hill Rd,Milton,MA,02186,,(617)696-4282,21,"Suburban, Large",No,623.00000,41.71000,14.9400000,?,?,63.00000,Regular,Open
251038002404,MA-0258-02580305,2510380,MA-0258,06,08,Collins Middle,Salem,Essex County,29 Highland Avenue,Salem,MA,01970,,(978)740-1191,21,"Suburban, Large",No,611.00000,48.38000,12.6300000,?,?,371.00000,Regular,Open
251122001851,MA-0284-02840005,2511220,MA-0284,KG,04,Colonial Park,Stoneham,Middlesex County,30 Avalon Road,Stoneham,MA,02180,,(781)279-3890,21,"Suburban, Large",No,229.00000,19.04000,12.0300000,?,?,34.00000,Regular,Open
250799000425,MA-0717-07170010,2507990,MA-0717,PK,06,Colrain Central,Mohawk Trail,Franklin County,22 Jacksonville Rd,Colrain,MA,01340,9704,(413)624-3451,42,"Rural, Distant",No,94.00000,9.43000,9.9700000,?,?,46.00000,Regular,Open
251323002207,MA-0348-03480060,2513230,MA-0348,PK,06,Columbus Park,Worcester,Worcester County,75 Lovell Street,Worcester,MA,01603,,(508)799-3490,12,"City, Midsize",No,381.00000,29.36000,12.9800000,?,?,317.00000,Regular,Open
250873001199,MA-0212-02120030,2508730,MA-0212,KG,05,Community,North Attleborough,Bristol County,45 South Washington Street,North Attleborough,MA,02760,,(508)643-2148,21,"Suburban, Large",No,276.00000,27.30000,10.1100000,?,?,132.00000,Regular,Open
250279001617,MA-0035-00350518,2502790,MA-0035,09,12,Community Academy,Boston,Suffolk County,25 Glen Road,Jamaica Plain,MA,02130,,(617)635-8950,11,"City, Large",No,58.00000,10.60000,5.4700000,?,?,51.00000,Regular,Open
250279001902,MA-0035-00350581,2502790,MA-0035,09,12,Community Academy of Science and Health,Boston,Suffolk County,11 Charles Street,Dorchester,MA,02122,,(617)635-8950,11,"City, Large",No,398.00000,31.48000,12.6400000,?,?,337.00000,Regular,Open
250008601996,MA-0436-04360305,2500086,MA-0436,06,12,Community Charter School of Cambridge,Community Charter School of Cambridge,Middlesex County,245 Bent Street,Cambridge,MA,02141,,(617)354-0047,12,"City, Midsize",Yes,251.00000,28.00000,8.9600000,?,?,141.00000,Regular,Open
250002700535,MA-0440-04400205,2500027,MA-0440,PK,08,Community Day Charter Public School,Community Day Charter Public School,Essex County,73 Prospect Street,Lawrence,MA,01841,,(978)681-9910,21,"Suburban, Large",Yes,1200.00000,135.66000,8.8500000,?,?,882.00000,Regular,Open
250351002640,MA-0056-00560001,2503510,MA-0056,PK,PK,Community Education Center,Chelmsford,Middlesex County,170 Dalton Road,Chelmsford,MA,01824,,(978)251-5188,21,"Suburban, Large",No,158.00000,9.00000,17.5600000,?,?,34.00000,Regular,Open
250774002558,MA-0181-01810050,2507740,MA-0181,KG,08,Comprehensive Grammar School,Methuen,Essex County,100 Howe Street,Methuen,MA,01844,,(978)722-9051,21,"Suburban, Large",No,1046.00000,83.98000,12.4600000,?,?,554.00000,Regular,Open
250387000527,MA-0640-06400505,2503870,MA-0640,09,12,Concord Carlisle High,Concord-Carlisle,Middlesex County,500 Walden Street,Concord,MA,01742,,(978)318-1400,21,"Suburban, Large",No,1191.00000,104.13000,11.4400000,?,?,112.00000,Regular,Open
250384000522,MA-0067-00670305,2503840,MA-0067,06,08,Concord Middle,Concord,Middlesex County,835 Old Marlboro Rd,Concord,MA,01742,,(978)318-1380,21,"Suburban, Large",No,643.00000,66.42000,9.6800000,?,?,63.00000,Regular,Open
250279000254,MA-0035-00350146,2502790,MA-0035,PK,08,Condon K-8 School,Boston,Suffolk County,200 D Street,South Boston,MA,02127,,(617)635-8608,11,"City, Large",No,518.00000,60.61000,8.5500000,?,?,451.00000,Regular,Open
250279000241,MA-0035-00350122,2502790,MA-0035,PK,06,Conley Elementary School,Boston,Suffolk County,450 Poplar Street,Roslindale,MA,02131,,(617)635-8099,11,"City, Large",No,148.00000,19.67000,7.5200000,?,?,89.00000,Regular,Open
250597000850,MA-0128-01280100,2505970,MA-0128,05,08,Consentino Middle School,Haverhill,Essex County,685 Washington Street,Haverhill,MA,01832,4598,(978)374-5775,21,"Suburban, Large",No,805.00000,67.20000,11.9800000,?,?,536.00000,Regular,Open
250006001439,MA-0439-04390050,2500060,MA-0439,PK,08,Conservatory Lab Charter School,Conservatory Lab Charter,Suffolk County,395 Columbia Rd,Dorchester,MA,02125,,(617)254-8904,11,"City, Large",Yes,454.00000,27.49000,16.5200000,?,?,322.00000,Regular,Open
251113002818,MA-0281-02810475,2511130,MA-0281,06,12,Conservatory of the Arts,Springfield,Hampden County,339 State St,Springfield,MA,01105,,(413)787-7070,12,"City, Midsize",No,296.00000,28.15000,10.5200000,?,?,239.00000,Regular,Open
250390000528,MA-0068-00680005,2503900,MA-0068,PK,06,Conway Grammar,Conway,Franklin County,24 Fournier Rd.,Conway,MA,01341,,(413)369-4239,41,"Rural, Fringe",No,152.00000,19.25000,7.9000000,?,?,39.00000,Regular,Open
250906001462,MA-0220-02200010,2509060,MA-0220,01,05,Cornelius M Callahan,Norwood,Norfolk County,116 Garfield Avenue,Norwood,MA,02062,0067,(781)762-0693,21,"Suburban, Large",No,247.00000,24.20000,10.2100000,?,?,116.00000,Regular,Open
251062001702,MA-0266-02660005,2510620,MA-0266,KG,05,Cottage Street,Sharon,Norfolk County,30 Cottage Street,Sharon,MA,02067,,(781)784-1580,21,"Suburban, Large",No,433.00000,26.82000,16.1400000,?,?,66.00000,Regular,Open
251275002085,MA-0330-03300010,2512750,MA-0330,PK,03,Country,Weston,Middlesex County,2 Alphabet Lane,Weston,MA,02493,,(781)786-5400,21,"Suburban, Large",No,338.00000,24.80000,13.6300000,?,?,20.00000,Regular,Open
250861001362,MA-0207-02070040,2508610,MA-0207,KG,05,Countryside,Newton,Middlesex County,191 Dedham Street,Newton Highlands,MA,02461,,(617)559-9450,13,"City, Small",No,369.00000,38.00000,9.7100000,?,?,39.00000,Regular,Open
250264000168,MA-0030-00300015,2502640,MA-0030,KG,04,Cove Elementary,Beverly,Essex County,20 Eisenhower Avenue,Beverly,MA,01915,,(978)921-6121,21,"Suburban, Large",No,394.00000,31.60000,12.4700000,?,?,131.00000,Regular,Open
250339000462,MA-0635-06350025,2503390,MA-0635,KG,05,Craneville,Central Berkshire,Berkshire County,95 Park Avenue,Dalton,MA,01226,,(413)684-0209,23,"Suburban, Small",No,458.00000,32.25000,14.2000000,?,?,190.00000,Regular,Open
250489000696,MA-0097-00970016,2504890,MA-0097,01,05,Crocker Elementary,Fitchburg,Worcester County,200 Bigelow Dr,Fitchburg,MA,01420,,(978)345-3290,41,"Rural, Fringe",No,610.00000,52.00000,11.7300000,?,?,450.00000,Regular,Open
250189000038,MA-0008-00080009,2501890,MA-0008,PK,06,Crocker Farm Elementary,Amherst,Hampshire County,280 West Street,Amherst,MA,01002,,(413)362-1600,13,"City, Small",No,353.00000,36.31000,9.7200000,?,?,110.00000,Regular,Open
250963001528,MA-0236-02360065,2509630,MA-0236,PK,05,Crosby,Pittsfield,Berkshire County,517 West Street,Pittsfield,MA,01201,,(413)448-9670,13,"City, Small",No,249.00000,24.57000,10.1300000,?,?,202.00000,Regular,Open
250963002914,MA-0236-02360030,2509630,MA-0236,01,05,Crosby Educational Academy,Pittsfield,Berkshire County,517 West Street,Pittsfield,MA,01201,,(413)447-8994,13,"City, Small",No,24.00000,7.00000,3.4300000,?,?,21.00000,Special Education,Open
251218001998,MA-0314-03140015,2512180,MA-0314,PK,05,Cunniff,Watertown,Middlesex County,246 Warren Street,Watertown,MA,02472,,(617)926-7726,21,"Suburban, Large",No,320.00000,39.81000,8.0400000,?,?,90.00000,Regular,Open
250798002485,MA-0189-01890007,2507980,MA-0189,PK,05,Cunningham School,Milton,Norfolk County,44 Edge Hill Rd,Milton,MA,02186,,(617)696-4285,21,"Suburban, Large",No,612.00000,48.03000,12.7400000,?,?,59.00000,Regular,Open
250279002622,MA-0035-00350020,2502790,MA-0035,PK,08,Curley K-8 School,Boston,Suffolk County,493 Centre St.,Jamaica Plain,MA,02130,,(617)635-8176,11,"City, Large",No,902.00000,112.81000,8.0000000,?,?,469.00000,Regular,Open
250756002393,MA-0176-01760510,2507560,MA-0176,10,12,Curtis-Tufts,Medford,Middlesex County,437 Main Street,Medford,MA,02155,,(781)393-2343,21,"Suburban, Large",No,11.00000,3.18000,3.4600000,?,?,8.00000,Regular,Open
251056001689,MA-0264-02640007,2510560,MA-0264,KG,05,Cushing Elementary,Scituate,Plymouth County,1 Aberdeen Dr,Scituate,MA,02066,4644,(781)545-8770,21,"Suburban, Large",No,352.00000,27.31000,12.8900000,?,?,36.00000,Regular,Open
250567000818,MA-0675-06750010,2505670,MA-0675,KG,05,Cutler School,Hamilton-Wenham,Essex County,237 Asbury Street,South Hamilton,MA,01982,,(978)468-5330,21,"Suburban, Large",No,246.00000,22.03000,11.1700000,?,?,15.00000,Regular,Open
250534000725,MA-0109-01090005,2505340,MA-0109,02,07,Cuttyhunk Elementary,Gosnold,Dukes County,PO Box 27 Tower Hill Road,Cuttyhunk,MA,02713,,(508)997-5408,42,"Rural, Distant",No,0.00000,0.00000,?,?,?,?,Regular,Open
250219000087,MA-0016-00160315,2502190,MA-0016,05,08,Cyril K. Brennan Middle School,Attleboro,Bristol County,320 Rathbun Willard Drive,Attleboro,MA,02703,,(508)222-6260,21,"Suburban, Large",No,599.00000,40.28000,14.8700000,?,?,266.00000,Regular,Open
250198000057,MA-0010-00100025,2501980,MA-0010,KG,05,Cyrus E Dallin,Arlington,Middlesex County,185 Florence Avenue,Arlington,MA,02476,,(781)316-3722,21,"Suburban, Large",No,390.00000,32.05000,12.1700000,?,?,27.00000,Regular,Open
250825001281,MA-0197-01970010,2508250,MA-0197,06,08,Cyrus Peirce,Nantucket,Nantucket County,10 Surfside Road,Nantucket,MA,02554,,(508)228-7283,32,"Town, Distant",No,358.00000,35.68000,10.0300000,?,?,127.00000,Regular,Open
250753001155,MA-0175-01750005,2507530,MA-0175,04,05,Dale Street,Medfield,Norfolk County,45 Adams Street,Medfield,MA,02052,1653,(508)359-5538,21,"Suburban, Large",No,384.00000,28.93000,13.2700000,?,?,22.00000,Regular,Open
251113001799,MA-0281-02810035,2511130,MA-0281,PK,05,Daniel B Brunton,Springfield,Hampden County,1801 Parker Street,Springfield,MA,01128,,(413)787-7444,12,"City, Midsize",No,314.00000,29.45000,10.6600000,?,?,259.00000,Regular,Open
250249000144,MA-0026-00260015,2502490,MA-0026,KG,03,Daniel Butler,Belmont,Middlesex County,90 White Street,Belmont,MA,02478,1316,(617)993-5550,21,"Suburban, Large",No,261.00000,21.80000,11.9700000,?,?,45.00000,Regular,Open
251197002620,MA-0307-03070002,2511970,MA-0307,PK,PK,Daniel Feeney Preschool Center,Walpole,Norfolk County,415 Elm Street,Walpole,MA,02081,,(508)660-7374,21,"Suburban, Large",No,65.00000,7.50000,8.6700000,?,?,12.00000,Regular,Open
251320002182,MA-0347-03470410,2513200,MA-0347,06,08,Daniel L Joyce Middle School,Woburn,Middlesex County,55 Locust Street,Woburn,MA,01801,,(781)937-8233,21,"Suburban, Large",No,455.00000,54.73000,8.3100000,?,?,186.00000,Regular,Open
250735001137,MA-0171-01710015,2507350,MA-0171,PK,05,Daniel Webster,Marshfield,Plymouth County,1456 Ocean Street,Marshfield,MA,02050,,(781)834-5045,21,"Suburban, Large",No,313.00000,27.30000,11.4700000,?,?,105.00000,Regular,Open
250399000529,MA-0071-00710505,2503990,MA-0071,09,12,Danvers High,Danvers,Essex County,60 Cabot Road,Danvers,MA,01923,,(978)777-8925,21,"Suburban, Large",No,784.00000,76.47000,10.2500000,?,?,224.00000,Regular,Open
250402000540,MA-0072-00720505,2504020,MA-0072,09,12,Dartmouth High,Dartmouth,Bristol County,555 Bakerville Road,Dartmouth,MA,02748,,(508)961-2700,22,"Suburban, Midsize",No,902.00000,75.60000,11.9300000,?,?,263.00000,Regular,Open
250402000541,MA-0072-00720050,2504020,MA-0072,06,08,Dartmouth Middle,Dartmouth,Bristol County,366 Slocum Road,North Dartmouth,MA,02747,,(508)997-9333,22,"Suburban, Midsize",No,801.00000,76.35000,10.4900000,?,?,212.00000,Regular,Open
250639000927,MA-0141-01410410,2506390,MA-0141,05,07,David J. Quinn Middle School,Hudson,Middlesex County,201 Manning Street,Hudson,MA,01749,1031,(978)567-6210,21,"Suburban, Large",No,546.00000,54.93000,9.9400000,?,?,234.00000,Regular,Open
250210000071,MA-0014-00140015,2502100,MA-0014,03,05,David Mindess,Ashland,Middlesex County,90 Concord Street,Ashland,MA,01721,,(508)881-0166,21,"Suburban, Large",No,670.00000,52.02000,12.8800000,?,?,149.00000,Regular,Open
250000201790,MA-0767-07670505,2500002,MA-0767,09,12,David Prouty High,Spencer-E Brookfield,Worcester County,302 Main Street,Spencer,MA,01562,1856,(508)885-8505,41,"Rural, Fringe",No,306.00000,30.87000,9.9100000,?,?,144.00000,Regular,Open
251188001607,MA-0775-07750018,2511880,MA-0775,KG,05,Davis Hill Elementary,Wachusett,Worcester County,78 Jamieson Road,Holden,MA,01520,,(508)829-1754,21,"Suburban, Large",No,431.00000,37.81000,11.4000000,?,?,60.00000,Regular,Open
251188000884,MA-0775-07750020,2511880,MA-0775,KG,05,Dawson,Wachusett,Worcester County,155 Salisbury Street,Holden,MA,01520,,(508)829-6828,21,"Suburban, Large",No,487.00000,35.90000,13.5700000,?,?,71.00000,Regular,Open
251266000166,MA-0326-03260007,2512660,MA-0326,03,05,Day Elementary,Westford,Middlesex County,75 East Prescott Street,Westford,MA,01886,,(978)692-5591,21,"Suburban, Large",No,299.00000,22.97000,13.0200000,?,?,41.00000,Regular,Open
250330000452,MA-0050-00500020,2503300,MA-0050,KG,05,Dean S Luce,Canton,Norfolk County,45 Independence St,Canton,MA,02021,,(781)821-5075,21,"Suburban, Large",No,509.00000,39.19000,12.9900000,?,?,136.00000,Regular,Open
250279000222,MA-0035-00350074,2502790,MA-0035,06,12,Dearborn 6-12 STEM Academy,Boston,Suffolk County,36 Winthrop St,Roxbury,MA,02119,,(617)635-8412,11,"City, Large",No,565.00000,51.61000,10.9500000,?,?,470.00000,Regular,Open
250405000548,MA-0073-00730505,2504050,MA-0073,09,12,Dedham High,Dedham,Norfolk County,140 Whiting Avenue,Dedham,MA,02026,,(781)310-1100,21,"Suburban, Large",No,719.00000,69.17000,10.3900000,?,?,226.00000,Regular,Open
250405000551,MA-0073-00730305,2504050,MA-0073,06,08,Dedham Middle School,Dedham,Norfolk County,70 Whiting Avenue,Dedham,MA,02026,,(781)310-7000,21,"Suburban, Large",No,555.00000,59.74000,9.2900000,?,?,182.00000,Regular,Open
250378000519,MA-0065-00650005,2503780,MA-0065,03,05,Deer Hill,Cohasset,Norfolk County,208 Sohier St,Cohasset,MA,02025,,(781)383-6115,21,"Suburban, Large",No,347.00000,27.90000,12.4400000,?,?,20.00000,Regular,Open
250408000049,MA-0074-00740015,2504080,MA-0074,PK,06,Deerfield Elementary,Deerfield,Franklin County,21 Pleasant Street,South Deerfield,MA,01373,,(413)665-1131,31,"Town, Fringe",No,301.00000,34.02000,8.8500000,?,?,73.00000,Regular,Open
251329002255,MA-0350-03500003,2513290,MA-0350,PK,03,Delaney,Wrentham,Norfolk County,120 Taunton Street,Wrentham,MA,02093,,(508)384-5430,21,"Suburban, Large",No,601.00000,48.55000,12.3800000,?,?,89.00000,Regular,Open
250978001551,MA-0240-02400010,2509780,MA-0240,KG,06,Dennett Elementary,Plympton,Plymouth County,80 Crescent Street,Plympton,MA,02367,,(781)585-3659,41,"Rural, Fringe",No,249.00000,17.46000,14.2600000,?,?,55.00000,Regular,Open
250414002803,MA-0645-06450050,2504140,MA-0645,04,05,Dennis-Yarmouth Intermediate School,Dennis-Yarmouth,Barnstable County,286 Station Avenue,South Yarmouth,MA,02664,,(508)398-7695,21,"Suburban, Large",No,491.00000,44.65000,11.0000000,?,?,262.00000,Regular,Open
250414000562,MA-0645-06450305,2504140,MA-0645,06,07,Dennis-Yarmouth Middle School,Dennis-Yarmouth,Barnstable County,286 Station Avenue,South Yarmouth,MA,02664,,(508)778-7979,21,"Suburban, Large",No,477.00000,45.34000,10.5200000,?,?,261.00000,Regular,Open
250414000558,MA-0645-06450505,2504140,MA-0645,08,12,Dennis-Yarmouth Regional High,Dennis-Yarmouth,Barnstable County,210 Station Avenue,South Yarmouth,MA,02664,1892,(508)398-7630,21,"Suburban, Large",No,993.00000,85.58000,11.6000000,?,?,519.00000,Regular,Open
250477002787,MA-0093-00930030,2504770,MA-0093,KG,12,Devens School,Everett,Middlesex County,22 Church Street,Everett,MA,02149,,(617)394-2470,21,"Suburban, Large",No,38.00000,10.38000,3.6600000,?,?,30.00000,Regular,Open
250279000304,MA-0035-00350268,2502790,MA-0035,PK,06,Dever Elementary School,Boston,Suffolk County,325 Mt Vernon Street,Dorchester,MA,02125,,(617)635-8694,11,"City, Large",No,445.00000,38.83000,11.4600000,?,?,397.00000,Regular,Open
250420002427,MA-0650-06500005,2504200,MA-0650,PK,04,Dighton Elementary,Dighton-Rehoboth,Bristol County,1250 Somerset Avenue,Dighton,MA,02715,1231,(508)669-4245,41,"Rural, Fringe",No,468.00000,34.39000,13.6100000,?,?,105.00000,Regular,Open
250420000400,MA-0650-06500305,2504200,MA-0650,05,08,Dighton Middle School,Dighton-Rehoboth,Bristol County,1250R Somerset Avenue,Dighton,MA,02715,1231,(508)669-4200,41,"Rural, Fringe",No,355.00000,24.50000,14.4900000,?,?,74.00000,Regular,Open
250420000568,MA-0650-06500505,2504200,MA-0650,09,12,Dighton-Rehoboth Regional High School,Dighton-Rehoboth,Bristol County,2700 Regional Rd,North Dighton,MA,02764,1923,(508)252-5025,41,"Rural, Fringe",No,621.00000,53.21000,11.6700000,?,?,130.00000,Regular,Open
250548502269,MA-0821-08210605,2505485,MA-0821,09,12,Diman Regional Vocational Technical High,Greater Fall River Regional Vocational Technical,Bristol County,251 Stonehaven Rd,Fall River,MA,02723,,(508)678-2891,21,"Suburban, Large",No,1463.00000,142.11000,10.2900000,?,?,637.00000,Vocational,Open
250549000798,MA-0114-01140025,2505490,MA-0114,KG,04,Discovery School at Four Corners,Greenfield,Franklin County,21 Ferrante Avenue,Greenfield,MA,01301,,(413)772-1378,32,"Town, Distant",No,185.00000,18.33000,10.0900000,?,?,80.00000,Regular,Open
251323002209,MA-0348-03480512,2513230,MA-0348,09,12,Doherty Memorial High,Worcester,Worcester County,299 Highland Street,Worcester,MA,01602,,(508)799-3270,12,"City, Midsize",No,1573.00000,103.02000,15.2700000,?,?,941.00000,Regular,Open
250195002510,MA-0009-00090305,2501950,MA-0009,06,08,Doherty Middle,Andover,Essex County,50 Bartlet Street,Andover,MA,01810,,(978)247-9400,21,"Suburban, Large",No,493.00000,44.98000,10.9600000,?,?,40.00000,Regular,Open
251191001941,MA-0305-03050005,2511910,MA-0305,KG,04,Dolbeare,Wakefield,Middlesex County,340 Lowell Street,Wakefield,MA,01880,,(781)246-6480,21,"Suburban, Large",No,443.00000,37.17000,11.9200000,?,?,72.00000,Regular,Open
250774001376,MA-0181-01810060,2507740,MA-0181,KG,08,Donald P Timony Grammar,Methuen,Essex County,45 Pleasant View Street,Methuen,MA,01844,,(978)722-9001,21,"Suburban, Large",No,1172.00000,89.27000,13.1300000,?,?,685.00000,Regular,Open
250294000363,MA-0040-00400050,2502940,MA-0040,KG,04,Donald Ross,Braintree,Norfolk County,20 Hayward Street,Braintree,MA,02184,,(781)380-0240,21,"Suburban, Large",No,182.00000,20.15000,9.0300000,?,?,73.00000,Regular,Open
250420002430,MA-0650-06500310,2504200,MA-0650,05,08,Dorothy L Beckwith,Dighton-Rehoboth,Bristol County,330R Winthrop Street,Rehoboth,MA,02769,1898,(508)252-5080,41,"Rural, Fringe",No,479.00000,38.13000,12.5600000,?,?,79.00000,Regular,Open
250423002791,MA-0077-00770015,2504230,MA-0077,02,05,Douglas Elementary School,Douglas,Worcester County,19 Davis Street,Douglas,MA,01516,,(508)476-4200,21,"Suburban, Large",No,340.00000,26.31000,12.9200000,?,?,79.00000,Regular,Open
250423000570,MA-0077-00770505,2504230,MA-0077,09,12,Douglas High School,Douglas,Worcester County,33 Davis Street,Douglas,MA,01516,,(508)476-4100,21,"Suburban, Large",No,267.00000,36.93000,7.2300000,?,?,72.00000,Regular,Open
251200001967,MA-0308-03080032,2512000,MA-0308,KG,05,Douglas MacArthur Elementary School,Waltham,Middlesex County,494 Lincoln Street,Waltham,MA,02451,,(781)314-5721,13,"City, Small",No,475.00000,41.45000,11.4600000,?,?,138.00000,Regular,Open
250423002788,MA-0077-00770305,2504230,MA-0077,06,08,Douglas Middle School,Douglas,Worcester County,21 Davis Street,Douglas,MA,01516,,(508)476-3332,21,"Suburban, Large",No,284.00000,23.78000,11.9400000,?,?,70.00000,Regular,Open
250423002798,MA-0077-00770005,2504230,MA-0077,PK,01,Douglas Primary School,Douglas,Worcester County,17 Gleason Court,Douglas,MA,01516,,(508)476-2154,21,"Suburban, Large",No,222.00000,15.99000,13.8800000,?,?,43.00000,Regular,Open
250429000574,MA-0655-06550505,2504290,MA-0655,09,12,Dover-Sherborn Regional High,Dover-Sherborn,Norfolk County,9 Junction Street,Dover,MA,02030,,(508)785-1730,41,"Rural, Fringe",No,610.00000,62.13000,9.8200000,?,?,36.00000,Regular,Open
250429000575,MA-0655-06550405,2504290,MA-0655,06,08,Dover-Sherborn Regional Middle School,Dover-Sherborn,Norfolk County,155 Farm Street,Dover,MA,02030,,(508)785-0635,41,"Rural, Fringe",No,471.00000,49.65000,9.4900000,?,?,29.00000,Regular,Open
250309000387,MA-0044-00440110,2503090,MA-0044,PK,05,Downey,Brockton,Plymouth County,55 Electric Avenue,Brockton,MA,02302,3699,(508)580-7221,21,"Suburban, Large",No,602.00000,41.20000,14.6100000,?,?,469.00000,Regular,Open
251281002096,MA-0335-03350012,2512810,MA-0335,KG,05,Downey,Westwood,Norfolk County,250 Downey Street,Westwood,MA,02090,,(781)326-7500,21,"Suburban, Large",No,271.00000,21.68000,12.5000000,?,?,16.00000,Regular,Open
250702000086,MA-0160-01600345,2507020,MA-0160,05,08,Dr An Wang School,Lowell,Middlesex County,365 West Meadow Road,Lowell,MA,01854,,(978)937-7683,21,"Suburban, Large",No,663.00000,43.30000,15.3100000,?,?,458.00000,Regular,Open
250945000414,MA-0745-07450020,2509450,MA-0745,PK,02,Dr Frederick N Sweetsir,Pentucket,Essex County,104 Church Street,Merrimac,MA,01860,1501,(978)346-8319,21,"Suburban, Large",No,217.00000,17.43000,12.4500000,?,?,41.00000,Regular,Open
250702000067,MA-0160-01600002,2507020,MA-0160,PK,04,Dr Gertrude Bailey,Lowell,Middlesex County,175 Campbell Drive,Lowell,MA,01851,,(978)937-7644,21,"Suburban, Large",No,454.00000,36.00000,12.6100000,?,?,287.00000,Regular,Open
250945000408,MA-0745-07450015,2509450,MA-0745,PK,06,Dr John C Page School,Pentucket,Essex County,694 Main Street,West Newbury,MA,01985,1298,(978)363-2671,41,"Rural, Fringe",No,327.00000,27.93000,11.7100000,?,?,18.00000,Regular,Open
250597000852,MA-0128-01280050,2505970,MA-0128,05,08,Dr Paul Nettle,Haverhill,Essex County,150 Boardman Street,Haverhill,MA,01830,6495,(978)374-5792,21,"Suburban, Large",No,503.00000,44.00000,11.4300000,?,?,328.00000,Regular,Open
250309000388,MA-0044-00440001,2503090,MA-0044,PK,05,Dr W Arnone Community School,Brockton,Plymouth County,135 Belmont Street,Brockton,MA,02301,3898,(508)894-4440,21,"Suburban, Large",No,763.00000,43.40000,17.5800000,?,?,635.00000,Regular,Open
250702002876,MA-0160-01600605,2507020,MA-0160,PK,12,Dr. Janice Adie Day School,Lowell,Middlesex County,60 Carlisle Street,Chelmsford,MA,01851,,(978)674-2405,21,"Suburban, Large",No,70.00000,15.00000,4.6700000,?,?,48.00000,Special Education,Open
251059001700,MA-0265-02650405,2510590,MA-0265,06,08,Dr. Kevin M. Hurley Middle School,Seekonk,Bristol County,650 Newman Avenue,Seekonk,MA,02771,4497,(508)761-7570,21,"Suburban, Large",No,500.00000,43.61000,11.4700000,?,?,80.00000,Regular,Open
250906001468,MA-0220-02200305,2509060,MA-0220,06,08,Dr. Philip O. Coakley Middle School,Norwood,Norfolk County,1315 Washington Street,Norwood,MA,02062,0067,(781)762-7880,21,"Suburban, Large",No,807.00000,70.48000,11.4500000,?,?,341.00000,Regular,Open
250987002969,MA-0243-02430150,2509870,MA-0243,PK,07,Dr. Rick DeCristofaro Learning Center,Quincy,Norfolk County,180 Old Colony Avenue,Quincy,MA,02170,,(617)984-8777,21,"Suburban, Large",No,261.00000,28.50000,9.1600000,?,?,130.00000,Regular,New
250432000579,MA-0079-00790505,2504320,MA-0079,09,12,Dracut Senior High,Dracut,Middlesex County,1540 Lakeview Avenue,Dracut,MA,01826,,(978)957-1500,21,"Suburban, Large",No,792.00000,61.41000,12.9000000,?,?,275.00000,Regular,Open
250867001387,MA-0209-02090505,2508670,MA-0209,07,12,Drury High,North Adams,Berkshire County,1130 South Church Street,North Adams,MA,01247,,(413)662-3240,41,"Rural, Fringe",No,438.00000,44.38000,9.8700000,?,?,270.00000,Regular,Open
251200002863,MA-0308-03080001,2512000,MA-0308,KG,05,Dual Language School,Waltham,Middlesex County,617 Lexington St,Waltham,MA,02452,,(781)314-5402,13,"City, Small",No,222.00000,16.90000,13.1400000,?,?,108.00000,Regular,Open
250436000588,MA-0658-06580005,2504360,MA-0658,02,04,Dudley Elementary,Dudley-Charlton Reg,Worcester County,16 School Street,Dudley,MA,01571,,(508)943-3351,41,"Rural, Fringe",No,315.00000,27.00000,11.6700000,?,?,114.00000,Regular,Open
250436001595,MA-0658-06580305,2504360,MA-0658,05,08,Dudley Middle School,Dudley-Charlton Reg,Worcester County,70 Dudley-Oxford Road,Dudley,MA,01571,,(508)943-2224,21,"Suburban, Large",No,540.00000,41.60000,12.9800000,?,?,213.00000,Regular,Open
250054302763,MA-0407-04070405,2500543,MA-0407,PK,05,Dudley Street Neighborhood Charter School,Dudley Street Neighborhood Charter School,Suffolk County,6 Shirley Street,Boston,MA,02119,,(617)227-8055,11,"City, Large",Yes,293.00000,19.00000,15.4200000,?,?,230.00000,Regular,Open
250366000722,MA-0061-00610310,2503660,MA-0061,06,08,Dupont Middle,Chicopee,Hampden County,650 Front Street,Chicopee,MA,01013,3115,(413)594-1881,21,"Suburban, Large",No,683.00000,71.60000,9.5400000,?,?,475.00000,Regular,Open
250441000594,MA-0082-00820505,2504410,MA-0082,09,12,Duxbury High,Duxbury,Plymouth County,71 Alden Street,Duxbury,MA,02332,,(781)934-7650,21,"Suburban, Large",No,808.00000,81.25000,9.9400000,?,?,57.00000,Regular,Open
250441000975,MA-0082-00820305,2504410,MA-0082,06,08,Duxbury Middle,Duxbury,Plymouth County,71 Alden Street,Duxbury,MA,02332,,(781)934-7640,21,"Suburban, Large",No,599.00000,54.16000,11.0600000,?,?,46.00000,Regular,Open
250882000505,MA-0217-02170003,2508820,MA-0217,PK,05,E Ethel Little School,North Reading,Middlesex County,7 Barberry Lane,North Reading,MA,01864,2398,(978)664-7820,21,"Suburban, Large",No,303.00000,25.46000,11.9000000,?,?,29.00000,Regular,Open
250711001070,MA-0163-01630045,2507110,MA-0163,PK,05,E J Harrington,Lynn,Essex County,21 Dexter Street,Lynn,MA,01902,,(781)477-7380,21,"Suburban, Large",No,687.00000,57.37000,11.9700000,?,?,591.00000,Regular,Open
250627002581,MA-0137-01370045,2506270,MA-0137,PK,05,E N White Elementary,Holyoke,Hampden County,1 Jefferson Street,Holyoke,MA,01040,,(413)534-2058,21,"Suburban, Large",No,453.00000,35.20000,12.8700000,?,?,283.00000,Regular,Open
251089001736,MA-0274-02740111,2510890,MA-0274,PK,08,E Somerville Community,Somerville,Middlesex County,50 Cross Street,Somerville,MA,02145,,(617)625-6600,21,"Suburban, Large",No,747.00000,55.88000,13.3700000,?,?,435.00000,Regular,Open
251281002097,MA-0335-03350305,2512810,MA-0335,06,08,E W Thurston Middle,Westwood,Norfolk County,850 High Street,Westwood,MA,02090,,(781)326-7500,21,"Suburban, Large",No,664.00000,50.94000,13.0300000,?,?,52.00000,Regular,Open
250963002915,MA-0236-02360525,2509630,MA-0236,06,12,Eagle Education Academy,Pittsfield,Berkshire County,53 Eagle Street,Pittsfield,MA,01201,,(413)499-9724,13,"City, Small",No,24.00000,10.00000,2.4000000,?,?,21.00000,Special Education,Open
250735000760,MA-0171-01710005,2507350,MA-0171,KG,05,Eames Way School,Marshfield,Plymouth County,165 Eames Way,Marshfield,MA,02050,,(781)834-5090,41,"Rural, Fringe",No,249.00000,21.30000,11.6900000,?,?,22.00000,Regular,Open
250732001368,MA-0170-01700006,2507320,MA-0170,PK,PK,Early Childhood Center,Marlborough,Middlesex County,17 Washington Street,Marlborough,MA,01752,,(508)460-3503,21,"Suburban, Large",No,195.00000,13.00000,15.0000000,?,?,103.00000,Regular,Open
250405000460,MA-0073-00730005,2504050,MA-0073,PK,KG,Early Childhood Center,Dedham,Norfolk County,1100 High Street,Dedham,MA,02026,,(781)310-8000,21,"Suburban, Large",No,285.00000,24.32000,11.7200000,?,?,79.00000,Regular,Open
250762001800,MA-0178-01780003,2507620,MA-0178,PK,KG,Early Childhood Center,Melrose,Middlesex County,16 Franklin Street,Melrose,MA,02176,,(781)979-2260,21,"Suburban, Large",No,246.00000,17.63000,13.9500000,?,?,30.00000,Regular,Open
250774002942,MA-0181-01810001,2507740,MA-0181,PK,KG,Early Childhood Center,Methuen,Essex County,9 Branch Street,Methuen,MA,01844,,(978)722-6000,21,"Suburban, Large",No,163.00000,15.20000,10.7200000,?,?,103.00000,Regular,Open
250711002801,MA-0163-01630004,2507110,MA-0163,PK,PK,Early Childhood Center,Lynn,Essex County,100 Bennet Street,Lynn,MA,01905,,(781)477-7220,21,"Suburban, Large",No,135.00000,13.40000,10.0700000,?,?,87.00000,Regular,Open
251188002730,MA-0775-07750001,2511880,MA-0775,PK,PK,Early Childhood Center,Wachusett,Worcester County,1745 Main Street,Jefferson,MA,01522,,(508)829-4786,41,"Rural, Fringe",No,127.00000,7.00000,18.1400000,?,?,38.00000,Regular,Open
251191002826,MA-0305-03050001,2511910,MA-0305,PK,PK,Early Childhood Center at the Doyle School,Wakefield,Middlesex County,11 Paul Avenue,Wakefield,MA,01880,,(781)246-6420,21,"Suburban, Large",No,128.00000,9.10000,14.0700000,?,?,24.00000,Regular,Open
251113002853,MA-0281-02810001,2511130,MA-0281,PK,PK,Early Childhood Education Center,Springfield,Hampden County,15 Catherine Street,Springfield,MA,01109,,(413)787-7100,12,"City, Midsize",No,165.00000,18.25000,9.0400000,?,?,150.00000,Regular,Open
250483002938,MA-0095-00950001,2504830,MA-0095,PK,PK,Early Learning Center,Fall River,Bristol County,300 N Eastern Ave.,Fall River,MA,02723,,(508)675-8421,21,"Suburban, Large",No,164.00000,13.00000,12.6200000,?,?,135.00000,Regular,Open
250219001610,MA-0016-00160008,2502190,MA-0016,PK,PK,Early Learning Center,Attleboro,Bristol County,160 James St,Attleboro,MA,02703,,(508)223-1563,21,"Suburban, Large",No,244.00000,10.00000,24.4000000,?,?,107.00000,Regular,Open
251115002450,MA-0370-03700040,2511150,MA-0370,01,12,East Area,Institutional Schools,Worcester County,PO Box 1320,Westborough,MA,01581,,(781)338-3305,21,"Suburban, Large",No,?,?,?,?,?,?,Special Education,Open
250279001118,MA-0035-00350009,2502790,MA-0035,PK,01,East Boston Early Education Center,Boston,Suffolk County,135 Grove Street,East Boston,MA,02128,,(617)635-6456,11,"City, Large",No,176.00000,15.61000,11.2700000,?,?,88.00000,Regular,Open
250279000226,MA-0035-00350530,2502790,MA-0035,07,12,East Boston High School,Boston,Suffolk County,86 White Street,East Boston,MA,02128,,(617)635-9896,11,"City, Large",No,1252.00000,108.47000,11.5400000,?,?,939.00000,Regular,Open
250444000597,MA-0083-00830505,2504440,MA-0083,07,12,East Bridgewater JR./SR. High School,East Bridgewater,Plymouth County,143 Plymouth Street,East Bridgewater,MA,02333,1991,(508)378-8214,21,"Suburban, Large",No,881.00000,66.00000,13.3500000,?,?,202.00000,Regular,Open
250000201766,MA-0767-07670008,2500002,MA-0767,PK,06,East Brookfield Elementary,Spencer-E Brookfield,Worcester County,410 East Main Street,East Brookfield,MA,01515,,(508)885-8536,31,"Town, Fringe",No,247.00000,18.80000,13.1400000,?,?,88.00000,Regular,Open
251062001703,MA-0266-02660010,2510620,MA-0266,KG,05,East Elementary,Sharon,Norfolk County,45 Wilshire Drive,Sharon,MA,02067,,(781)784-1551,21,"Suburban, Large",No,458.00000,28.47000,16.0900000,?,?,49.00000,Regular,Open
250609002671,MA-0131-01310005,2506090,MA-0131,PK,05,East Elementary School,Hingham,Plymouth County,2 Collins Street,Hingham,MA,02043,,(781)741-1570,21,"Suburban, Large",No,502.00000,40.80000,12.3000000,?,?,44.00000,Regular,Open
250480000640,MA-0094-00940010,2504800,MA-0094,PK,05,East Fairhaven,Fairhaven,Bristol County,2 New Boston Road,Fairhaven,MA,02719,,(508)979-4058,22,"Suburban, Midsize",No,316.00000,29.68000,10.6500000,?,?,141.00000,Regular,Open
250486000685,MA-0096-00960005,2504860,MA-0096,PK,04,East Falmouth Elementary,Falmouth,Barnstable County,33 Davisville Rd,East Falmouth,MA,02536,6105,(508)548-1052,21,"Suburban, Large",No,303.00000,30.80000,9.8400000,?,?,160.00000,Regular,Open
250450000603,MA-0087-00870505,2504500,MA-0087,09,12,East Longmeadow High,East Longmeadow,Hampden County,180 Maple Street,East Longmeadow,MA,01028,,(413)525-5460,21,"Suburban, Large",No,753.00000,78.41000,9.6000000,?,?,193.00000,Regular,Open
250540000789,MA-0111-01110004,2505400,MA-0111,PK,06,East Meadow,Granby,Hampshire County,393 East State Street,Granby,MA,01033,,(413)467-7199,41,"Rural, Fringe",No,375.00000,31.84000,11.7800000,?,?,125.00000,Regular,Open
250294000364,MA-0040-00400305,2502940,MA-0040,05,08,East Middle School,Braintree,Norfolk County,305 River St.,Braintree,MA,02184,,(781)380-0170,21,"Suburban, Large",No,999.00000,76.47000,13.0600000,?,?,314.00000,Regular,Open
250309000389,MA-0044-00440405,2503090,MA-0044,06,08,East Middle School,Brockton,Plymouth County,464 Centre Street,Brockton,MA,02302,3211,(508)580-7351,21,"Suburban, Large",No,421.00000,34.10000,12.3500000,?,?,327.00000,Regular,Open
250705002663,MA-0161-01610010,2507050,MA-0161,PK,01,East Street Elementary School,Ludlow,Hampden County,508 East Street,Ludlow,MA,01056,,(413)589-9121,21,"Suburban, Large",No,368.00000,31.05000,11.8500000,?,?,145.00000,Regular,Open
251152001065,MA-0293-02930010,2511520,MA-0293,PK,04,East Taunton Elementary,Taunton,Bristol County,58R Stevens Street,East Taunton,MA,02718,,(508)821-1330,21,"Suburban, Large",No,564.00000,44.99000,12.5400000,?,?,293.00000,Regular,Open
250528002956,MA-0107-01070030,2505280,MA-0107,KG,05,East Veterans Elementary School,Gloucester,Essex County,11 Webster Street,Gloucester,MA,01930,,(978)281-9820,21,"Suburban, Large",No,451.00000,40.00000,11.2800000,?,?,245.00000,Regular,Open
251101001764,MA-0277-02770010,2511010,MA-0277,PK,01,Eastford Road,Southbridge,Worcester County,120 Eastford Road,Southbridge,MA,01550,,(508)764-5460,31,"Town, Fringe",No,397.00000,26.00000,15.2700000,?,?,319.00000,Regular,Open
250453000607,MA-0085-00850005,2504530,MA-0085,PK,05,Eastham Elementary,Eastham,Barnstable County,200 Schoolhouse Road,Eastham,MA,02642,,(508)255-0808,21,"Suburban, Large",No,177.00000,22.24000,7.9600000,?,?,62.00000,Regular,Open
250459000612,MA-0086-00860505,2504590,MA-0086,09,12,Easthampton High,Easthampton,Hampshire County,70 Williston Avenue,Easthampton,MA,01027,,(413)529-1585,23,"Suburban, Small",No,377.00000,38.44000,9.8100000,?,?,150.00000,Regular,Open
250462000618,MA-0088-00880405,2504620,MA-0088,06,08,Easton Middle School,Easton,Bristol County,98 Columbus Avenue,North Easton,MA,02356,2098,(508)230-3222,21,"Suburban, Large",No,798.00000,67.12000,11.8900000,?,?,142.00000,Regular,Open
250297000841,MA-0041-00410010,2502970,MA-0041,03,05,Eddy Elementary,Brewster,Barnstable County,2298 Main Street,Brewster,MA,02631,,(508)896-4531,21,"Suburban, Large",No,197.00000,21.92000,8.9900000,?,?,66.00000,Regular,Open
250309000390,MA-0044-00440023,2503090,MA-0044,KG,08,Edgar B Davis,Brockton,Plymouth County,380 Plain Street,Brockton,MA,02302,4599,(508)580-7360,21,"Suburban, Large",No,1009.00000,56.57000,17.8400000,?,?,779.00000,Regular,Open
250354000855,MA-0057-00570030,2503540,MA-0057,01,04,Edgar F. Hooks Elementary,Chelsea,Suffolk County,300 Crescent Avenue,Chelsea,MA,02150,,(617)466-5400,21,"Suburban, Large",No,430.00000,40.00000,10.7500000,?,?,327.00000,Regular,Open
250909001469,MA-0089-00890005,2509090,MA-0089,PK,08,Edgartown Elementary,Edgartown,Dukes County,35 Robinson Road,Edgartown,MA,02539,,(508)627-3316,31,"Town, Fringe",No,357.00000,48.82000,7.3100000,?,?,157.00000,Regular,Open
250279002689,MA-0035-00350375,2502790,MA-0035,PK,06,Edison Elementary School,Boston,Suffolk County,60 Glenmont Road,Brighton,MA,02135,,(617)635-8436,11,"City, Large",No,502.00000,56.80000,8.8400000,?,?,389.00000,Regular,Open
250309002752,MA-0044-00440520,2503090,MA-0044,11,12,Edison Evening Academy,Brockton,Plymouth County,470 Forest Avenue,Brockton,MA,02301,,(508)580-7638,21,"Suburban, Large",No,225.00000,4.37000,51.4900000,?,?,149.00000,Regular,Open
250315000416,MA-0046-00460005,2503150,MA-0046,KG,08,Edith C Baker,Brookline,Norfolk County,205 Beverly Rd,Chestnut Hill,MA,02467,,(617)879-4500,21,"Suburban, Large",No,665.00000,44.84000,14.8300000,?,?,101.00000,Regular,Open
251152001905,MA-0293-02930007,2511520,MA-0293,KG,04,Edmund Hatch Bennett,Taunton,Bristol County,47 North Walker Street,Taunton,MA,02780,,(508)821-1245,41,"Rural, Fringe",No,313.00000,23.55000,13.2900000,?,?,147.00000,Regular,Open
250711001072,MA-0163-01630095,2507110,MA-0163,PK,05,Edward A Sisson,Lynn,Essex County,58 Conomo Avenue,Lynn,MA,01904,,(781)477-7455,21,"Suburban, Large",No,449.00000,37.88000,11.8500000,?,?,275.00000,Regular,Open
251152000133,MA-0293-02930005,2511520,MA-0293,PK,PK,Edward F. Leddy Preschool,Taunton,Bristol County,36 Second Street,Taunton,MA,02780,,(508)821-1275,21,"Suburban, Large",No,245.00000,11.00000,22.2700000,?,?,146.00000,Regular,Open
250666001627,MA-0149-01490053,2506660,MA-0149,KG,04,Edward F. Parthum,Lawrence,Essex County,255 E Haverhill Street,Lawrence,MA,01841,,(978)691-7200,21,"Suburban, Large",No,656.00000,49.00000,13.3900000,?,?,552.00000,Regular,Open
250858002624,MA-0204-02040030,2508580,MA-0204,04,05,Edward G. Molin Elementary School,Newburyport,Essex County,70 Low Street,Newburyport,MA,01950,,(978)463-8212,21,"Suburban, Large",No,310.00000,32.73000,9.4700000,?,?,43.00000,Regular,Open
250005401258,MA-0452-04520505,2500054,MA-0452,09,12,Edward M. Kennedy Academy for Health Careers (Horace Mann,Edward M. Kennedy Academy for Health Careers: A Horace Mann,Suffolk County,10 Fenwood Road,Boston,MA,02115,,(617)635-8450,11,"City, Large",Yes,383.00000,39.97000,9.5800000,?,?,302.00000,Regular,Open
251113001794,MA-0281-02810010,2511130,MA-0281,PK,05,Edward P. Boland School,Springfield,Hampden County,426 Armory Street,Springfield,MA,01104,,(413)750-2511,12,"City, Midsize",No,587.00000,45.90000,12.7900000,?,?,525.00000,Regular,Open
251125001860,MA-0285-02850012,2511250,MA-0285,PK,PK,Edwin A Jones Early Childhood Center,Stoughton,Norfolk County,137 Walnut Street,Stoughton,MA,02072,2638,(781)344-1003,21,"Suburban, Large",No,101.00000,10.00000,10.1000000,?,?,45.00000,Regular,Open
250963001519,MA-0236-02360035,2509630,MA-0236,PK,05,Egremont,Pittsfield,Berkshire County,84 Egremont Avenue,Pittsfield,MA,01201,,(413)448-9655,13,"City, Small",No,376.00000,29.62000,12.6900000,?,?,197.00000,Regular,Open
251113001801,MA-0281-02810030,2511130,MA-0281,PK,05,Elias Brookings,Springfield,Hampden County,433 Walnut Street,Springfield,MA,01105,,(413)787-7200,12,"City, Midsize",No,304.00000,29.50000,10.3100000,?,?,284.00000,Regular,Open
250279000230,MA-0035-00350096,2502790,MA-0035,PK,08,Eliot K-8 Innovation School,Boston,Suffolk County,16 Charter Street,Boston,MA,02113,,(617)635-8545,11,"City, Large",No,784.00000,58.60000,13.3800000,?,?,167.00000,Regular,Open
250843001322,MA-0201-02010015,2508430,MA-0201,KG,05,Elizabeth Carter Brooks,New Bedford,Bristol County,212 Nemasket Street,New Bedford,MA,02740,2833,(508)997-4511,22,"Suburban, Midsize",No,261.00000,20.65000,12.6400000,?,?,193.00000,Regular,Open
251152001907,MA-0293-02930027,2511520,MA-0293,PK,04,Elizabeth Pole,Taunton,Bristol County,215 Harris Street,Taunton,MA,02780,,(508)821-1260,21,"Suburban, Large",No,635.00000,47.10000,13.4800000,?,?,445.00000,Regular,Open
251146001890,MA-0292-02920006,2511460,MA-0292,03,05,Elizabeth S Brown,Swansea,Bristol County,29 Gardners Neck Road,Swansea,MA,02777,,(508)675-7892,21,"Suburban, Large",No,283.00000,16.54000,17.1100000,?,?,66.00000,Regular,Open
250843001323,MA-0201-02010075,2508430,MA-0201,KG,05,Ellen R Hathaway,New Bedford,Bristol County,256 Court Street,New Bedford,MA,02740,3880,(508)997-4511,22,"Suburban, Midsize",No,201.00000,21.00000,9.5700000,?,?,166.00000,Regular,Open
250279000220,MA-0035-00350072,2502790,MA-0035,PK,06,Ellis Elementary School,Boston,Suffolk County,302 Walnut Avenue,Roxbury,MA,02119,,(617)635-8257,11,"City, Large",No,391.00000,31.33000,12.4800000,?,?,362.00000,Regular,Open
250279001115,MA-0035-00350008,2502790,MA-0035,PK,03,Ellison-Parks Early Education School,Boston,Suffolk County,108 Babson Street,Mattapan,MA,02126,,(617)635-7680,11,"City, Large",No,190.00000,19.40000,9.7900000,?,?,148.00000,Regular,Open
251323002211,MA-0348-03480095,2513230,MA-0348,PK,06,Elm Park Community,Worcester,Worcester County,23 North Ashland Street,Worcester,MA,01609,,(508)799-3568,12,"City, Midsize",No,478.00000,32.02000,14.9300000,?,?,427.00000,Regular,Open
251197001235,MA-0307-03070005,2511970,MA-0307,KG,05,Elm Street School,Walpole,Norfolk County,415 Elm Street,Walpole,MA,02081,,(508)660-7374,21,"Suburban, Large",No,438.00000,34.50000,12.7000000,?,?,53.00000,Regular,Open
250945000403,MA-0745-07450005,2509450,MA-0745,PK,06,Elmer S Bagnall,Pentucket,Essex County,253 School Street,Groveland,MA,01834,2099,(978)372-8856,21,"Suburban, Large",No,519.00000,42.85000,12.1100000,?,?,92.00000,Regular,Open
250633000919,MA-0139-01390010,2506330,MA-0139,02,03,Elmwood,Hopkinton,Middlesex County,14 Elm Street,Hopkinton,MA,01748,,(508)497-9860,21,"Suburban, Large",No,648.00000,45.05000,14.3800000,?,?,54.00000,Regular,Open
250789001248,MA-0186-01860017,2507890,MA-0186,PK,02,Elmwood Street,Millbury,Worcester County,40 Elmwood Street,Millbury,MA,01527,,(508)865-5241,21,"Suburban, Large",No,455.00000,30.80000,14.7700000,?,?,138.00000,Regular,Open
251260002058,MA-0321-03210025,2512600,MA-0321,PK,03,Elsie A Hastings Elementary,Westborough,Worcester County,111 East Main Street,Westborough,MA,01581,,(508)836-7750,21,"Suburban, Large",No,478.00000,53.21000,8.9800000,?,?,119.00000,Regular,Open
250843001324,MA-0201-02010020,2508430,MA-0201,PK,05,Elwyn G Campbell,New Bedford,Bristol County,145 Essex Street,New Bedford,MA,02745,3502,(508)997-4511,22,"Suburban, Midsize",No,267.00000,28.80000,9.2700000,?,?,185.00000,Regular,Open
251113002916,MA-0281-02810318,2511130,MA-0281,06,11,Emergence Academy,Springfield,Hampden County,415 State Street,Springfield,MA,01105,,(413)750-2887,12,"City, Midsize",No,382.00000,31.60000,12.0900000,?,?,354.00000,Regular,Open
250666000955,MA-0149-01490080,2506660,MA-0149,KG,08,Emily G Wetherbee,Lawrence,Essex County,75 Newton Street,Lawrence,MA,01843,,(978)557-2900,21,"Suburban, Large",No,480.00000,55.00000,8.7300000,?,?,410.00000,Regular,Open
251053001688,MA-0263-02630010,2510530,MA-0263,PK,06,Emma L Miller Elementary School,Savoy,Berkshire County,26 Chapel Rd,Savoy,MA,01256,,(413)743-1992,42,"Rural, Distant",No,38.00000,7.40000,5.1400000,?,?,17.00000,Regular,Open
250279000327,MA-0035-00350535,2502790,MA-0035,07,12,English High School,Boston,Suffolk County,144 McBride Street,Jamaica Plain,MA,02130,,(617)635-8979,11,"City, Large",No,720.00000,70.91000,10.1500000,?,?,615.00000,Regular,Open
250231002851,MA-0020-00200001,2502310,MA-0020,PK,PK,Enoch Cobb Early Learning Center,Barnstable,Barnstable County,50 Old Craigville Road,Hyannis,MA,02601,,(508)790-6493,13,"City, Small",No,150.00000,7.20000,20.8300000,?,?,92.00000,Regular,Open
251134001872,MA-0288-02880305,2511340,MA-0288,06,08,Ephraim Curtis Middle,Sudbury,Middlesex County,22 Pratts Mill Road,Sudbury,MA,01776,,(978)443-1071,21,"Suburban, Large",No,816.00000,82.39000,9.9000000,?,?,73.00000,Regular,Open
250471000626,MA-0091-00910030,2504710,MA-0091,PK,06,Erving Elementary,Erving,Franklin County,28 Northfield Road,Erving,MA,01344,,(413)423-3326,41,"Rural, Fringe",No,113.00000,18.40000,6.1400000,?,?,49.00000,Regular,Open
250006700627,MA-0698-06980020,2500067,MA-0698,KG,05,Essex Elementary,Manchester Essex Regional,Essex County,12 Story Street,Essex,MA,01929,,(978)768-7324,21,"Suburban, Large",No,215.00000,22.25000,9.6600000,?,?,38.00000,Regular,Open
250055402833,MA-0817-08170505,2500554,MA-0817,09,12,Essex North Shore Agricultural and Technical School,Essex North Shore Agricultural and Technical School District,Essex County,P.O. Box 346,Hathorne,MA,01937,0346,(978)304-4700,21,"Suburban, Large",No,1830.00000,143.43000,12.7600000,?,?,455.00000,Vocational,Open
250354001772,MA-0057-00570045,2503540,MA-0057,05,08,Eugene Wright Science and Technology Academy,Chelsea,Suffolk County,180 Walnut Street,Chelsea,MA,02150,,(617)466-5240,21,"Suburban, Large",No,436.00000,44.50000,9.8000000,?,?,332.00000,Regular,Open
250279000227,MA-0035-00350088,2502790,MA-0035,PK,06,Everett Elementary School,Boston,Suffolk County,71 Pleasant Street,Dorchester,MA,02125,,(617)635-8778,11,"City, Large",No,288.00000,25.55000,11.2700000,?,?,204.00000,Regular,Open
250477000634,MA-0093-00930505,2504770,MA-0093,09,12,Everett High,Everett,Middlesex County,100 Elm Street,Everett,MA,02149,3758,(617)394-2490,21,"Suburban, Large",No,2307.00000,190.59000,12.1000000,?,?,1615.00000,Regular,Open
250723001111,MA-0167-01670007,2507230,MA-0167,KG,02,Everett W Robinson,Mansfield,Bristol County,245 East Street,Mansfield,MA,02048,,(508)261-7513,21,"Suburban, Large",No,664.00000,55.15000,12.0400000,?,?,132.00000,Regular,Open
250007502084,MA-0410-04100205,2500075,MA-0410,05,12,Excel Academy Charter School,Excel Academy Charter,Suffolk County,58 Moore Street,East Boston,MA,02128,,(617)874-4080,11,"City, Large",Yes,1379.00000,128.26000,10.7500000,?,?,874.00000,Regular,Open
250279002016,MA-0035-00350522,2502790,MA-0035,09,12,Excel High School,Boston,Suffolk County,95 G. Street,South Boston,MA,02127,,(617)635-9870,11,"City, Large",No,301.00000,41.28000,7.2900000,?,?,258.00000,Regular,Open
250414000559,MA-0645-06450005,2504140,MA-0645,PK,03,Ezra H Baker Innovation School,Dennis-Yarmouth,Barnstable County,810 Route 28,West Dennis,MA,02670,0085,(508)398-7690,21,"Suburban, Large",No,385.00000,39.00000,9.8700000,?,?,232.00000,Regular,Open
250906001463,MA-0220-02200015,2509060,MA-0220,01,05,F A Cleveland,Norwood,Norfolk County,33 George Willett Parkway,Norwood,MA,02062,0067,(781)762-6522,21,"Suburban, Large",No,339.00000,29.92000,11.3300000,?,?,87.00000,Regular,Open
250861000314,MA-0207-02070315,2508610,MA-0207,06,08,F A Day Middle,Newton,Middlesex County,21 Minot Place,Newtonville,MA,02460,,(617)559-9100,13,"City, Small",No,860.00000,79.50000,10.8200000,?,?,108.00000,Regular,Open
250480000642,MA-0094-00940505,2504800,MA-0094,09,12,Fairhaven High,Fairhaven,Bristol County,12 Huttleston Avenue,Fairhaven,MA,02719,,(508)979-4052,22,"Suburban, Midsize",No,568.00000,49.88000,11.3900000,?,?,170.00000,Regular,Open
250366002463,MA-0061-00610050,2503660,MA-0061,PK,05,Fairview Elementary,Chicopee,Hampden County,26 Memorial Ave.,Chicopee,MA,01020,5015,(413)594-3501,21,"Suburban, Large",No,387.00000,36.12000,10.7100000,?,?,295.00000,Regular,Open
250678000981,MA-0153-01530007,2506780,MA-0153,KG,05,Fall Brook,Leominster,Worcester County,25 DeCicco Dr,Leominster,MA,01453,,(978)534-7745,22,"Suburban, Midsize",No,670.00000,44.60000,15.0200000,?,?,302.00000,Regular,Open
250873001402,MA-0212-02120010,2508730,MA-0212,KG,05,Falls,North Attleborough,Bristol County,2 Jackson Street,North Attleborough,MA,02760,,(508)643-2170,21,"Suburban, Large",No,243.00000,16.80000,14.4600000,?,?,41.00000,Regular,Open
250486000686,MA-0096-00960505,2504860,MA-0096,09,12,Falmouth High,Falmouth,Barnstable County,874 Gifford Street,Falmouth,MA,02540,2992,(508)540-2200,41,"Rural, Fringe",No,714.00000,66.21000,10.7800000,?,?,254.00000,Regular,Open
250888001436,MA-0213-02130015,2508880,MA-0213,KG,05,Fannie E Proctor,Northborough,Worcester County,26 Jefferson Rd,Northborough,MA,01532,,(508)351-7040,21,"Suburban, Large",No,238.00000,19.77000,12.0400000,?,?,48.00000,Regular,Open
251332100402,MA-0662-06620020,2513321,MA-0662,PK,06,Farmington River Elementary,Farmington River Reg,Berkshire County,555 N Main Street,Otis,MA,01253,0679,(413)269-4466,42,"Rural, Distant",No,124.00000,13.30000,9.3200000,?,?,68.00000,Regular,Open
250711002647,MA-0163-01630525,2507110,MA-0163,06,12,Fecteau-Leary Junior/Senior High School,Lynn,Essex County,33 North Common Street,Lynn,MA,01902,,(781)268-3007,21,"Suburban, Large",No,94.00000,30.86000,3.0500000,?,?,79.00000,Regular,Open
250972001540,MA-0239-02390011,2509720,MA-0239,KG,05,Federal Furnace School,Plymouth,Plymouth County,860 Federal Furnace Road,Plymouth,MA,02360,,(508)830-4360,41,"Rural, Fringe",No,359.00000,35.74000,10.0400000,?,?,126.00000,Regular,Open
250549002577,MA-0114-01140010,2505490,MA-0114,KG,04,Federal Street School,Greenfield,Franklin County,125 Federal Street,Greenfield,MA,01301,,(413)772-1380,32,"Town, Distant",No,195.00000,17.39000,11.2100000,?,?,119.00000,Regular,Open
250279000695,MA-0035-00350540,2502790,MA-0035,09,12,Fenway High School,Boston,Suffolk County,67 Alleghany St,Roxbury,MA,02120,,(617)635-9911,11,"City, Large",No,362.00000,30.80000,11.7500000,?,?,266.00000,Other/Alternative,Open
250717001345,MA-0165-01650013,2507170,MA-0165,KG,08,Ferryway,Malden,Middlesex County,150 Cross Street,Malden,MA,02148,,(781)388-0659,21,"Suburban, Large",No,920.00000,68.50000,13.4300000,?,?,597.00000,Regular,Open
251275000785,MA-0330-03300012,2512750,MA-0330,04,05,Field Elementary School,Weston,Middlesex County,16 Alphabet Lane,Weston,MA,02493,,(781)786-5500,21,"Suburban, Large",No,317.00000,23.55000,13.4600000,?,?,21.00000,Regular,Open
251197001960,MA-0307-03070015,2511970,MA-0307,KG,05,Fisher,Walpole,Norfolk County,65 Gould Street,Walpole,MA,02081,,(508)660-7234,21,"Suburban, Large",No,463.00000,37.00000,12.5100000,?,?,58.00000,Regular,Open
250918001475,MA-0223-02230010,2509180,MA-0223,PK,06,Fisher Hill School,Orange,Franklin County,59 Dexter Street,Orange,MA,01364,,(978)544-0018,41,"Rural, Fringe",No,494.00000,39.50000,12.5100000,?,?,330.00000,Regular,Open
250684000996,MA-0155-01550015,2506840,MA-0155,KG,05,Fiske,Lexington,Middlesex County,55 Adams Street,Lexington,MA,02420,,(781)541-5001,21,"Suburban, Large",No,324.00000,35.60000,9.1000000,?,?,29.00000,Regular,Open
250489000697,MA-0097-00970505,2504890,MA-0097,09,12,Fitchburg High,Fitchburg,Worcester County,140 Arn-How Farm Rd,Fitchburg,MA,01420,,(978)345-3240,41,"Rural, Fringe",No,1220.00000,102.50000,11.9000000,?,?,823.00000,Regular,Open
251323002212,MA-0348-03480090,2513230,MA-0348,KG,06,Flagg Street,Worcester,Worcester County,115 Flagg Street,Worcester,MA,01602,,(508)799-3522,12,"City, Midsize",No,412.00000,22.52000,18.2900000,?,?,115.00000,Regular,Open
250327001518,MA-0049-00490090,2503270,MA-0049,PK,05,Fletcher/Maynard Academy,Cambridge,Middlesex County,225 Windsor Street,Cambridge,MA,02139,,(617)349-6588,12,"City, Midsize",No,249.00000,34.00000,7.3200000,?,?,161.00000,Regular,Open
251077001047,MA-0271-02710020,2510770,MA-0271,KG,04,Floral Street School,Shrewsbury,Worcester County,57 Floral Street,Shrewsbury,MA,01545,,(508)841-8720,21,"Suburban, Large",No,524.00000,41.74000,12.5500000,?,?,86.00000,Regular,Open
250550000808,MA-0673-06730010,2505500,MA-0673,KG,04,Florence Roche School,Groton-Dunstable,Middlesex County,P O Box 738,Groton,MA,01450,0738,(978)448-6665,41,"Rural, Fringe",No,615.00000,44.20000,13.9100000,?,?,64.00000,Regular,Open
250831001102,MA-0725-07250025,2508310,MA-0725,PK,08,Florence Sawyer School,Nashoba,Worcester County,100 Mechanic Street,Bolton,MA,01740,,(978)779-2821,41,"Rural, Fringe",No,734.00000,57.60000,12.7400000,?,?,67.00000,Regular,Open
250315000417,MA-0046-00460015,2503150,MA-0046,PK,08,Florida Ruffin Ridley School,Brookline,Norfolk County,345 Harvard Street,Brookline,MA,02446,,(617)879-4400,21,"Suburban, Large",No,857.00000,61.77000,13.8700000,?,?,146.00000,Regular,Open
250639000925,MA-0141-01410015,2506390,MA-0141,PK,04,Forest Avenue Elementary,Hudson,Middlesex County,136 Forest Avenue,Hudson,MA,01749,2838,(978)567-6190,21,"Suburban, Large",No,269.00000,27.20000,9.8900000,?,?,76.00000,Regular,Open
251323002213,MA-0348-03480415,2513230,MA-0348,07,08,Forest Grove Middle,Worcester,Worcester County,495 Grove Street,Worcester,MA,01605,,(508)799-3420,12,"City, Midsize",No,839.00000,73.27000,11.4500000,?,?,511.00000,Regular,Open
251113002600,MA-0281-02810325,2511130,MA-0281,06,08,Forest Park Middle,Springfield,Hampden County,46 Oakland Street,Springfield,MA,01108,,(413)787-7420,12,"City, Midsize",No,282.00000,27.25000,10.3500000,?,?,253.00000,Regular,Open
250717001351,MA-0165-01650027,2507170,MA-0165,KG,08,Forestdale,Malden,Middlesex County,74 Sylvan Street,Malden,MA,02148,,(781)397-7326,21,"Suburban, Large",No,539.00000,51.59000,10.4500000,?,?,272.00000,Regular,Open
251047002857,MA-0261-02610002,2510470,MA-0261,PK,02,Forestdale School,Sandwich,Barnstable County,151 Route 130,Sandwich,MA,02644,,(508)477-6600,21,"Suburban, Large",No,557.00000,48.61000,11.4600000,?,?,141.00000,Regular,Open
251263002452,MA-0325-03250003,2512630,MA-0325,PK,PK,Fort Meadow Early Childhood Center,Westfield,Hampden County,35 White Street,Westfield,MA,01085,3899,(413)572-6422,21,"Suburban, Large",No,162.00000,8.06000,20.1000000,?,?,85.00000,Regular,Open
250189000039,MA-0008-00080020,2501890,MA-0008,KG,06,Fort River Elementary,Amherst,Hampshire County,70 So East Street,Amherst,MA,01002,,(413)362-1200,13,"City, Small",No,371.00000,40.07000,9.2600000,?,?,125.00000,Regular,Open
250007602086,MA-0413-04130505,2500076,MA-0413,07,12,Four Rivers Charter Public School,Four Rivers Charter Public,Franklin County,248 Colrain Road,Greenfield,MA,01301,,(413)775-4577,41,"Rural, Fringe",Yes,213.00000,22.98000,9.2700000,?,?,70.00000,Regular,Open
250750000105,MA-0174-01740305,2507500,MA-0174,04,08,Fowler School,Maynard,Middlesex County,3 Tiger Drive,Maynard,MA,01754,,(978)897-6700,41,"Rural, Fringe",No,451.00000,41.41000,10.8900000,?,?,120.00000,Regular,Open
250324000427,MA-0048-00480007,2503240,MA-0048,KG,05,Fox Hill,Burlington,Middlesex County,1 Fox Hill Rd,Burlington,MA,01803,,(781)270-1791,21,"Suburban, Large",No,437.00000,40.84000,10.7000000,?,?,81.00000,Regular,Open
250495000708,MA-0099-00990505,2504950,MA-0099,09,12,Foxborough High,Foxborough,Norfolk County,60 South Street,Foxborough,MA,02035,,(508)543-1616,21,"Suburban, Large",No,736.00000,64.99000,11.3200000,?,?,171.00000,Regular,Open
250005201250,MA-0446-04460550,2500052,MA-0446,KG,12,Foxborough Regional Charter School,Foxborough Regional Charter,Norfolk County,131 Central Street,Foxborough,MA,02035,,(508)543-2508,21,"Suburban, Large",Yes,1459.00000,115.35000,12.6500000,?,?,688.00000,Regular,Open
250498002573,MA-0100-01000515,2504980,MA-0100,09,12,Framingham High School,Framingham,Middlesex County,115 A Street,Framingham,MA,01701,4195,(508)620-4963,13,"City, Small",No,2534.00000,199.25000,12.7200000,?,?,1348.00000,Regular,Open
250678002637,MA-0153-01530010,2506780,MA-0153,KG,05,Frances Drake School,Leominster,Worcester County,95 Viscoloid Ave,Leominster,MA,01453,,(978)534-7751,22,"Suburban, Midsize",No,512.00000,40.70000,12.5800000,?,?,323.00000,Regular,Open
250732001130,MA-0170-01700008,2507320,MA-0170,KG,05,Francis J Kane,Marlborough,Middlesex County,520 Farm Road,Marlborough,MA,01752,2760,(508)460-3507,21,"Suburban, Large",No,575.00000,43.98000,13.0700000,?,?,351.00000,Regular,Open
251323002214,MA-0348-03480177,2513230,MA-0348,PK,06,Francis J McGrath Elementary,Worcester,Worcester County,493 Grove Street,Worcester,MA,01605,,(508)799-3584,12,"City, Midsize",No,200.00000,17.66000,11.3300000,?,?,153.00000,Regular,Open
250666000956,MA-0149-01490040,2506660,MA-0149,PK,05,Francis M Leahy,Lawrence,Essex County,233 Haverhill Street,Lawrence,MA,01840,,(978)975-5959,21,"Suburban, Large",No,525.00000,39.00000,13.4600000,?,?,468.00000,Regular,Open
250858001350,MA-0204-02040005,2508580,MA-0204,PK,03,Francis T Bresnahan Elementary,Newburyport,Essex County,333 High Street,Newburyport,MA,01950,,(978)465-4431,21,"Suburban, Large",No,584.00000,61.13000,9.5500000,?,?,79.00000,Regular,Open
250987001567,MA-0243-02430075,2509870,MA-0243,KG,05,Francis W Parker,Quincy,Norfolk County,148 Billings Rd,Quincy,MA,02171,,(617)984-8710,21,"Suburban, Large",No,323.00000,27.57000,11.7200000,?,?,192.00000,Regular,Open
250003800581,MA-0478-04780505,2500038,MA-0478,07,12,Francis W. Parker Charter Essential School,Francis W. Parker Charter Essential,Middlesex County,49 Antietam St,Devens,MA,01434,,(978)772-3293,21,"Suburban, Large",Yes,388.00000,41.22000,9.4100000,?,?,50.00000,Regular,Open
250324000844,MA-0048-00480035,2503240,MA-0048,KG,05,Francis Wyman Elementary,Burlington,Middlesex County,41 Terrace Hall Avenue,Burlington,MA,01803,,(781)270-1701,21,"Suburban, Large",No,514.00000,51.70000,9.9400000,?,?,121.00000,Regular,Open
251113001803,MA-0281-02810075,2511130,MA-0281,PK,05,Frank H Freedman,Springfield,Hampden County,90 Cherokee Dr,Springfield,MA,01109,,(413)787-7443,12,"City, Midsize",No,252.00000,19.40000,12.9900000,?,?,190.00000,Regular,Open
250354000859,MA-0057-00570040,2503540,MA-0057,01,04,Frank M Sokolowski Elementary,Chelsea,Suffolk County,300 Crescent Avenue,Chelsea,MA,02150,,(617)466-8464,21,"Suburban, Large",No,472.00000,42.25000,11.1700000,?,?,412.00000,Regular,Open
250870001395,MA-0211-02110010,2508700,MA-0211,01,05,Franklin,North Andover,Essex County,2 Cypress Terrace,North Andover,MA,01845,,(978)794-1990,21,"Suburban, Large",No,383.00000,29.09000,13.1700000,?,?,64.00000,Regular,Open
250861001366,MA-0207-02070055,2508610,MA-0207,KG,05,Franklin,Newton,Middlesex County,125 Derby Street,West Newton,MA,02465,,(617)559-9500,13,"City, Small",No,320.00000,32.40000,9.8800000,?,?,44.00000,Regular,Open
251263002064,MA-0325-03250015,2512630,MA-0325,KG,04,Franklin Ave,Westfield,Hampden County,22 Franklin Avenue,Westfield,MA,01085,3899,(413)572-6424,21,"Suburban, Large",No,176.00000,16.38000,10.7400000,?,?,138.00000,Regular,Open
250502000744,MA-0818-08180605,2505020,MA-0818,09,12,Franklin County Technical,Franklin County Regional Vocational Technical,Franklin County,82 Industrial Blvd,Turners Falls,MA,01376,,(413)863-9561,32,"Town, Distant",No,643.00000,54.91000,11.7100000,?,?,254.00000,Vocational,Open
250501000986,MA-0101-01010003,2505010,MA-0101,PK,PK,Franklin Early Childhood Development Center,Franklin,Norfolk County,224 Oak Street,Franklin,MA,02038,,(508)541-8166,21,"Suburban, Large",No,142.00000,10.80000,13.1500000,?,?,34.00000,Regular,Open
250501000737,MA-0101-01010505,2505010,MA-0101,09,12,Franklin High,Franklin,Norfolk County,218 Oak Street,Franklin,MA,02038,,(508)613-1400,21,"Suburban, Large",No,1453.00000,98.12000,14.8100000,?,?,200.00000,Regular,Open
251284002565,MA-0336-03360050,2512840,MA-0336,KG,05,Frederick C Murphy,Weymouth,Norfolk County,417 Front Street,Weymouth,MA,02188,,(781)331-2862,21,"Suburban, Large",No,274.00000,19.62000,13.9700000,?,?,122.00000,Regular,Open
251113001804,MA-0281-02810080,2511130,MA-0281,PK,05,Frederick Harris,Springfield,Hampden County,58 Hartford Ter,Springfield,MA,01118,,(413)787-7254,12,"City, Midsize",No,570.00000,46.80000,12.1800000,?,?,420.00000,Regular,Open
250267000179,MA-0031-00310007,2502670,MA-0031,KG,04,Frederick J Dutile,Billerica,Middlesex County,10 Biagiotti Way,North Billerica,MA,01862,,(978)528-8530,21,"Suburban, Large",No,310.00000,21.73000,14.2700000,?,?,66.00000,Regular,Open
250279002013,MA-0035-00350383,2502790,MA-0035,07,08,Frederick Pilot Middle School,Boston,Suffolk County,270 Columbia Road,Dorchester,MA,02121,,(617)635-1650,11,"City, Large",No,215.00000,32.00000,6.7200000,?,?,202.00000,Regular,Open
250271501082,MA-0622-06220405,2502715,MA-0622,04,07,Frederick W. Hartnett Middle School,Blackstone-Millville,Worcester County,35 Federal Street,Blackstone,MA,01504,,(508)876-0190,21,"Suburban, Large",No,487.00000,32.40000,15.0300000,?,?,192.00000,Regular,Open
250711002941,MA-0163-01630575,2507110,MA-0163,09,11,Fredrick Douglass Collegiate Academy,Lynn,Essex County,300 Broad Street,Lynn,MA,01901,,(781)477-2292,21,"Suburban, Large",No,235.00000,15.53000,15.1300000,?,?,154.00000,Regular,Open
250864001384,MA-0208-02080005,2508640,MA-0208,03,06,Freeman-Kennedy School,Norfolk,Norfolk County,70 Boardman Street,Norfolk,MA,02056,,(508)528-1266,21,"Suburban, Large",No,579.00000,46.40000,12.4800000,?,?,35.00000,Regular,Open
250507002735,MA-0665-06650001,2505070,MA-0665,PK,03,Freetown Elementary School,Freetown-Lakeville,Bristol County,43 Bullock Road,East Freetown,MA,02717,,(508)763-5121,41,"Rural, Fringe",No,371.00000,34.20000,10.8500000,?,?,88.00000,Regular,Open
250507000748,MA-0665-06650305,2505070,MA-0665,06,08,Freetown-Lakeville Middle School,Freetown-Lakeville,Plymouth County,96 Howland Road,Lakeville,MA,02347,,(508)923-3518,41,"Rural, Fringe",No,699.00000,53.10000,13.1600000,?,?,148.00000,Regular,Open
250510000749,MA-0670-06700505,2505100,MA-0670,07,12,Frontier Regional,Frontier,Franklin County,113 North Main Street,South Deerfield,MA,01373,,(413)665-2118,31,"Town, Fringe",No,588.00000,53.13000,11.0700000,?,?,127.00000,Regular,Open
250666002654,MA-0149-01490525,2506660,MA-0149,05,08,Frost Middle School,Lawrence,Essex County,33 Hamlet Street,Lawrence,MA,01843,,(978)722-8810,21,"Suburban, Large",No,508.00000,35.00000,14.5100000,?,?,380.00000,Regular,Open
250483002957,MA-0095-00950002,2504830,MA-0095,PK,PK,FRPS Early Learning Center,Fall River,Bristol County,2501 South Main Street,Fall River,MA,02724,,(508)675-8420,21,"Suburban, Large",No,53.00000,6.00000,8.8300000,?,?,37.00000,Regular,Open
251089002499,MA-0274-02740510,2510890,MA-0274,09,12,Full Circle High School,Somerville,Middlesex County,81 Highland Ave,Somerville,MA,02143,,(617)629-5640,21,"Suburban, Large",No,67.00000,11.45000,5.8500000,?,?,49.00000,Other/Alternative,Open
250783002588,MA-0184-01840003,2507830,MA-0184,KG,02,Fuller Meadow,Middleton,Essex County,143 South Main Street,Middleton,MA,01949,2497,(978)750-4756,21,"Suburban, Large",No,269.00000,29.71000,9.0500000,?,?,39.00000,Regular,Open
250498000464,MA-0100-01000305,2504980,MA-0100,06,08,Fuller Middle,Framingham,Middlesex County,31 Flagg Drive,Framingham,MA,01701,,(508)620-4956,13,"City, Small",No,592.00000,68.85000,8.6000000,?,?,406.00000,Regular,Open
250735001143,MA-0171-01710310,2507350,MA-0171,06,08,Furnace Brook Middle,Marshfield,Plymouth County,500 Furnace Street,Marshfield,MA,02050,,(781)834-5020,21,"Suburban, Large",No,799.00000,76.31000,10.4700000,?,?,127.00000,Regular,Open
251191000776,MA-0305-03050310,2511910,MA-0305,05,08,Galvin Middle School,Wakefield,Middlesex County,525 Main Street,Wakefield,MA,01880,,(781)246-6410,21,"Suburban, Large",No,1056.00000,96.15000,10.9800000,?,?,162.00000,Regular,Open
251146001892,MA-0292-02920015,2511460,MA-0292,KG,02,Gardner,Swansea,Bristol County,10 Church Street,Swansea,MA,02777,,(508)675-7899,21,"Suburban, Large",No,276.00000,14.86000,18.5700000,?,?,89.00000,Regular,Open
250513002692,MA-0103-01030515,2505130,MA-0103,09,12,Gardner Academy for Learning and Technology,Gardner,Worcester County,160 Elm Street,Gardner,MA,01440,,(978)632-1673,22,"Suburban, Midsize",No,123.00000,4.96000,24.8000000,?,?,75.00000,Other/Alternative,Open
250513000750,MA-0103-01030001,2505130,MA-0103,PK,04,Gardner Elementary School,Gardner,Worcester County,278 Pearl Street,Gardner,MA,01440,,(978)991-0900,22,"Suburban, Midsize",No,1087.00000,72.51000,14.9900000,?,?,725.00000,Regular,Open
250513000751,MA-0103-01030505,2505130,MA-0103,08,12,Gardner High,Gardner,Worcester County,200 Catherine Street,Gardner,MA,01440,,(978)632-1600,22,"Suburban, Midsize",No,808.00000,59.86000,13.5000000,?,?,457.00000,Regular,Open
250513002431,MA-0103-01030405,2505130,MA-0103,05,07,Gardner Middle School,Gardner,Worcester County,297 Catherine Street,Gardner,MA,01440,,(978)632-1603,22,"Suburban, Midsize",No,514.00000,38.75000,13.2600000,?,?,338.00000,Regular,Open
250279000331,MA-0035-00350326,2502790,MA-0035,PK,08,Gardner Pilot Academy,Boston,Suffolk County,30 Athol Street,Allston,MA,02134,,(617)635-8365,11,"City, Large",No,364.00000,38.35000,9.4900000,?,?,272.00000,Regular,Open
251005001975,MA-0248-02480056,2510050,MA-0248,PK,05,Garfield Elementary School,Revere,Suffolk County,176 Garfield Avenue,Revere,MA,02151,,(781)286-8296,21,"Suburban, Large",No,639.00000,65.06000,9.8200000,?,?,464.00000,Regular,Open
251005001976,MA-0248-02480057,2510050,MA-0248,06,08,Garfield Middle School,Revere,Suffolk County,176 Garfield Avenue,Revere,MA,02151,,(781)286-8298,21,"Suburban, Large",No,542.00000,50.27000,10.7800000,?,?,330.00000,Regular,Open
251323002217,MA-0348-03480110,2513230,MA-0348,PK,06,Gates Lane,Worcester,Worcester County,1238 Main Street,Worcester,MA,01603,,(508)799-3488,12,"City, Midsize",No,547.00000,44.15000,12.3900000,?,?,403.00000,Regular,Open
251056001690,MA-0264-02640305,2510560,MA-0264,06,08,Gates Middle School,Scituate,Plymouth County,460 First Parish Rd,Scituate,MA,02066,,(781)545-8760,21,"Suburban, Large",No,639.00000,63.09000,10.1300000,?,?,60.00000,Regular,Open
250597002907,MA-0128-01280515,2505970,MA-0128,07,12,Gateway Academy,Haverhill,Essex County,415 Primrose St,Haverhill,MA,01830,,(978)374-3473,21,"Suburban, Large",No,156.00000,14.00000,11.1400000,?,?,119.00000,Regular,Open
250516000758,MA-0672-06720505,2505160,MA-0672,06,12,Gateway Regional School,Gateway,Hampshire County,12 Littleville Road,Huntington,MA,01050,,(413)685-1105,42,"Rural, Distant",No,333.00000,43.08000,7.7300000,?,?,144.00000,Regular,Open
251185002862,MA-0304-03040515,2511850,MA-0304,09,12,Gateway to College,Uxbridge,Worcester County,300 Quaker Highway,Uxbridge,MA,01569,,(508)278-8633,21,"Suburban, Large",No,44.00000,0.00000,?,?,?,15.00000,Other/Alternative,Open
251113002743,MA-0281-02810575,2511130,MA-0281,10,12,Gateway to College at Holyoke Community College,Springfield,Hampden County,303 Homestead Avenue,Holyoke,MA,01040,,(413)552-2370,41,"Rural, Fringe",No,21.00000,0.01000,2100.0000000,?,?,15.00000,Regular,Open
251113002809,MA-0281-02810580,2511130,MA-0281,09,12,Gateway to College at Springfield Technical Community Colleg,Springfield,Hampden County,1 Armory Square Bldg. 19 Room 238,Springfield,MA,01102,,(413)755-4480,12,"City, Midsize",No,25.00000,0.01000,2500.0000000,?,?,19.00000,Other/Alternative,Open
250366000500,MA-0061-00610090,2503660,MA-0061,KG,05,Gen John J Stefanik,Chicopee,Hampden County,720 Meadow Street,Chicopee,MA,01013,,(413)594-3464,21,"Suburban, Large",No,392.00000,33.16000,11.8200000,?,?,310.00000,Regular,Open
251134000507,MA-0288-02880025,2511340,MA-0288,PK,05,General John Nixon Elementary,Sudbury,Middlesex County,472 Concord Road,Sudbury,MA,01776,,(978)443-1080,41,"Rural, Fringe",No,382.00000,31.80000,12.0100000,?,?,35.00000,Regular,Open
250354000858,MA-0057-00570035,2503540,MA-0057,01,05,George F. Kelly Elementary,Chelsea,Suffolk County,300 Crescent Avenue,Chelsea,MA,02150,,(617)466-5350,21,"Suburban, Large",No,527.00000,44.08000,11.9600000,?,?,400.00000,Regular,Open
250906001557,MA-0220-02200075,2509060,MA-0220,KG,KG,George F. Willett,Norwood,Norfolk County,100 Westover Parkway,Norwood,MA,02062,0067,(781)762-6805,21,"Suburban, Large",No,256.00000,23.90000,10.7100000,?,?,101.00000,Regular,Open
250402000542,MA-0072-00720030,2504020,MA-0072,PK,05,George H Potter,Dartmouth,Bristol County,185 Cross Rd,North Dartmouth,MA,02747,,(508)996-8259,22,"Suburban, Midsize",No,407.00000,28.00000,14.5400000,?,?,130.00000,Regular,Open
250432002822,MA-0079-00790045,2504320,MA-0079,KG,05,George H. Englesby Elementary School,Dracut,Middlesex County,1580 Lakeview Ave,Dracut,MA,01826,,(978)957-9745,21,"Suburban, Large",No,520.00000,34.83000,14.9300000,?,?,215.00000,Regular,Open
250477002038,MA-0093-00930028,2504770,MA-0093,KG,08,George Keverian School,Everett,Middlesex County,20 Nichols Street,Everett,MA,02149,,(617)394-5020,21,"Suburban, Large",No,873.00000,72.37000,12.0600000,?,?,656.00000,Regular,Open
250507001852,MA-0665-06650015,2505070,MA-0665,04,05,George R Austin Intermediate School,Freetown-Lakeville,Plymouth County,112 Howland Road,Lakeville,MA,02347,,(508)923-3506,41,"Rural, Fringe",No,462.00000,34.70000,13.3100000,?,?,105.00000,Regular,Open
251059001695,MA-0265-02650007,2510590,MA-0265,KG,05,George R Martin,Seekonk,Bristol County,445 Cole Street,Seekonk,MA,02771,5812,(508)336-7558,21,"Suburban, Large",No,443.00000,37.00000,11.9700000,?,?,91.00000,Regular,Open
250522000764,MA-0105-01050505,2505220,MA-0105,09,12,Georgetown High School,Georgetown,Essex County,11 Winter Street,Georgetown,MA,01833,2091,(978)352-5790,21,"Suburban, Large",No,268.00000,28.68000,9.3400000,?,?,46.00000,Regular,Open
250522002764,MA-0105-01050305,2505220,MA-0105,07,08,Georgetown Middle School,Georgetown,Essex County,11 Winter Street,Georgetown,MA,01833,,(978)352-5790,21,"Suburban, Large",No,187.00000,17.15000,10.9000000,?,?,21.00000,Regular,Open
250666001626,MA-0149-01490022,2506660,MA-0149,01,04,Gerard A. Guilmette,Lawrence,Essex County,80 Bodwell Street,Lawrence,MA,01841,,(978)686-8150,21,"Suburban, Large",No,485.00000,44.21000,10.9700000,?,?,417.00000,Regular,Open
251113001822,MA-0281-02810195,2511130,MA-0281,PK,05,German Gerena Community School,Springfield,Hampden County,200 Birnie Avenue,Springfield,MA,01107,,(413)787-7320,12,"City, Midsize",No,621.00000,55.90000,11.1100000,?,?,528.00000,Regular,Open
250198002889,MA-0010-00100305,2501980,MA-0010,06,06,Gibbs School,Arlington,Middlesex County,41 Foster Street,Arlington,MA,02474,,(781)316-9003,21,"Suburban, Large",No,529.00000,42.60000,12.4200000,?,?,56.00000,Regular,Open
250527002382,MA-0674-06740005,2505270,MA-0674,KG,06,Gill Elementary,Gill-Montague,Franklin County,48 Boyle Rd,Gill,MA,01354,,(413)863-3255,41,"Rural, Fringe",No,110.00000,10.26000,10.7200000,?,?,42.00000,Regular,Open
250309000398,MA-0044-00440055,2503090,MA-0044,PK,05,Gilmore Elementary School,Brockton,Plymouth County,150 Clinton Street,Brockton,MA,02302,3856,(508)580-7235,21,"Suburban, Large",No,444.00000,26.85000,16.5400000,?,?,366.00000,Regular,Open
250699001019,MA-0159-01590017,2506990,MA-0159,06,08,Glenbrook Middle,Longmeadow,Hampden County,110 Cambridge Circle,Longmeadow,MA,01106,2898,(413)565-4250,21,"Suburban, Large",No,327.00000,26.66000,12.2700000,?,?,42.00000,Regular,Open
251113001805,MA-0281-02810065,2511130,MA-0281,PK,05,Glenwood,Springfield,Hampden County,50 Morrison Terrace,Springfield,MA,01104,,(413)787-7527,12,"City, Midsize",No,275.00000,23.50000,11.7000000,?,?,233.00000,Regular,Open
251188002131,MA-0775-07750060,2511880,MA-0775,03,05,Glenwood Elementary School,Wachusett,Worcester County,65 Glenwood Road,Rutland,MA,01543,,(508)886-0399,41,"Rural, Fringe",No,382.00000,25.74000,14.8400000,?,?,65.00000,Regular,Open
251113001562,MA-0281-02810068,2511130,MA-0281,PK,05,Glickman Elementary,Springfield,Hampden County,120 Ashland Avenue,Springfield,MA,01119,,(413)750-2756,12,"City, Midsize",No,310.00000,31.45000,9.8600000,?,?,260.00000,Regular,Open
250051902629,MA-0496-04960305,2500519,MA-0496,05,12,Global Learning Charter Public School,Global Learning Charter Public,Bristol County,101 Nye St.,New Bedford,MA,02746,,(508)991-4105,22,"Suburban, Midsize",Yes,508.00000,48.32000,10.5100000,?,?,366.00000,Regular,Open
250528000774,MA-0107-01070505,2505280,MA-0107,09,12,Gloucester High,Gloucester,Essex County,32 Leslie O. Johnson Rd,Gloucester,MA,01930,,(978)281-9870,21,"Suburban, Large",No,776.00000,77.25000,10.0500000,?,?,352.00000,Regular,Open
250528002574,MA-0107-01070025,2505280,MA-0107,PK,PK,Gloucester PreSchool,Gloucester,Essex County,2 Blackburn Drive,Gloucester,MA,01930,,(978)281-9848,21,"Suburban, Large",No,101.00000,10.00000,10.1000000,?,?,37.00000,Regular,Open
250726001121,MA-0168-01680020,2507260,MA-0168,PK,03,Glover,Marblehead,Essex County,9 Maple Street,Marblehead,MA,01945,,(781)639-3190,21,"Suburban, Large",No,318.00000,24.00000,13.2500000,?,?,20.00000,Regular,Open
250798001261,MA-0189-01890010,2507980,MA-0189,KG,05,Glover,Milton,Norfolk County,255 Canton Avenue,Milton,MA,02186,,(617)696-4288,21,"Suburban, Large",No,593.00000,41.58000,14.2600000,?,?,54.00000,Regular,Open
251323002215,MA-0348-03480100,2513230,MA-0348,PK,06,Goddard School/Science Technical,Worcester,Worcester County,14 Richards Street,Worcester,MA,01603,,(508)799-3594,12,"City, Midsize",No,359.00000,29.09000,12.3400000,?,?,303.00000,Regular,Open
250597000296,MA-0128-01280026,2505970,MA-0128,KG,04,Golden Hill,Haverhill,Essex County,140 Boardman Street,Haverhill,MA,01830,6403,(978)374-5794,21,"Suburban, Large",No,502.00000,42.00000,11.9500000,?,?,349.00000,Regular,Open
250732002913,MA-0170-01700020,2507320,MA-0170,KG,05,Goodnow Brothers Elementary School,Marlborough,Middlesex County,441 Bolton Street,Marlborough,MA,01752,,(508)460-3508,21,"Suburban, Large",No,781.00000,58.83000,13.2800000,?,?,468.00000,Regular,Open
250489002110,MA-0097-00970510,2504890,MA-0097,09,12,Goodrich Academy,Fitchburg,Worcester County,111 Goodrich Street,Fitchburg,MA,01420,,(978)345-3244,22,"Suburban, Midsize",No,186.00000,9.40000,19.7900000,?,?,141.00000,Regular,Open
251320002184,MA-0347-03470005,2513200,MA-0347,KG,05,Goodyear Elementary School,Woburn,Middlesex County,41 Central Street,Woburn,MA,01801,,(781)937-8237,21,"Suburban, Large",No,352.00000,31.61000,11.1400000,?,?,161.00000,Regular,Open
250444000976,MA-0083-00830010,2504440,MA-0083,03,06,Gordon W. Mitchell School,East Bridgewater,Plymouth County,435 Central Street,East Bridgewater,MA,02333,2098,(508)378-8209,21,"Suburban, Large",No,612.00000,53.00000,11.5500000,?,?,182.00000,Regular,Open
250735001140,MA-0171-01710020,2507350,MA-0171,KG,05,Gov Edward Winslow,Marshfield,Plymouth County,60 Regis Rd,Marshfield,MA,02050,,(781)834-5060,21,"Suburban, Large",No,357.00000,28.60000,12.4800000,?,?,45.00000,Regular,Open
250547002267,MA-0823-08230605,2505470,MA-0823,09,12,Gr Lawrence Regional Vocational Technical,Greater Lawrence Regional Vocational Technical,Essex County,57 River Rd,Andover,MA,01810,,(978)686-0194,21,"Suburban, Large",No,1837.00000,143.88000,12.7700000,?,?,1158.00000,Vocational,Open
250548002268,MA-0828-08280605,2505480,MA-0828,09,12,Gr Lowell Regional Vocational Technical,Greater Lowell Regional Vocational Technical,Middlesex County,250 Pawtucket Blvd,Tyngsborough,MA,01879,2199,(978)441-4807,21,"Suburban, Large",No,2314.00000,205.72000,11.2500000,?,?,1024.00000,Vocational,Open
250844002266,MA-0825-08250605,2508440,MA-0825,09,12,Gr New Bedford Vocational Technical,Greater New Bedford Regional Vocational Technical,Bristol County,1121 Ashley Blvd,New Bedford,MA,02745,,(508)998-3321,22,"Suburban, Midsize",No,2151.00000,190.88000,11.2700000,?,?,1081.00000,Vocational,Open
250903001454,MA-0219-02190005,2509030,MA-0219,PK,05,Grace Farrar Cole,Norwell,Plymouth County,81 High Street,Norwell,MA,02061,,(781)659-8823,21,"Suburban, Large",No,528.00000,36.10000,14.6300000,?,?,26.00000,Regular,Open
250537000786,MA-0110-01100505,2505370,MA-0110,09,12,Grafton High School,Grafton,Worcester County,24 Providence Road,Grafton,MA,01519,1178,(508)839-5425,21,"Suburban, Large",No,914.00000,70.90000,12.8900000,?,?,179.00000,Regular,Open
250537002520,MA-0110-01100305,2505370,MA-0110,07,08,Grafton Middle,Grafton,Worcester County,22 Providence Road,Grafton,MA,01519,1178,(508)839-5420,21,"Suburban, Large",No,478.00000,37.89000,12.6200000,?,?,91.00000,Regular,Open
251323002219,MA-0348-03480115,2513230,MA-0348,KG,06,Grafton Street,Worcester,Worcester County,311 Grafton Street,Worcester,MA,01604,,(508)799-3478,12,"City, Midsize",No,386.00000,33.59000,11.4900000,?,?,335.00000,Regular,Open
250327000437,MA-0049-00490080,2503270,MA-0049,PK,05,Graham and Parks,Cambridge,Middlesex County,44 Linnaean Street,Cambridge,MA,02138,,(617)349-6577,12,"City, Midsize",No,367.00000,32.80000,11.1900000,?,?,115.00000,Other/Alternative,Open
250540000790,MA-0111-01110505,2505400,MA-0111,07,12,Granby Jr Sr High School,Granby,Hampshire County,385 East State Street,Granby,MA,01033,,(413)467-7105,41,"Rural, Fringe",No,290.00000,26.32000,11.0200000,?,?,100.00000,Regular,Open
250804002903,MA-0191-01910030,2508040,MA-0191,01,06,Granite Valley School,Monson,Hampden County,21 Thompson Street,Monson,MA,01057,,(413)267-4155,41,"Rural, Fringe",No,400.00000,32.88000,12.1700000,?,?,151.00000,Regular,Open
250527002386,MA-0674-06740310,2505270,MA-0674,06,08,Great Falls Middle,Gill-Montague,Franklin County,224 Turnpike Rd,Montague,MA,01351,,(413)863-7300,32,"Town, Distant",No,228.00000,23.38000,9.7500000,?,?,121.00000,Regular,Open
250399000531,MA-0071-00710015,2503990,MA-0071,KG,05,Great Oak,Danvers,Essex County,76 Pickering Street,Danvers,MA,01923,2391,(978)774-2533,21,"Suburban, Large",No,291.00000,22.40000,12.9900000,?,?,93.00000,Regular,Open
250055102808,MA-3901-39010900,2500551,MA-3901,KG,12,Greater Commonwealth Virtual School,Greater Commonwealth Virtual District,Franklin County,238 Main St.,Greenfield,MA,01301,,(413)475-3879,32,"Town, Distant",No,1184.00000,83.04000,14.2600000,?,?,?,Regular,Open
250279000837,MA-0035-00350543,2502790,MA-0035,09,12,Greater Egleston High School,Boston,Suffolk County,80 School St,Roxbury,MA,02119,,(617)635-6429,11,"City, Large",No,78.00000,8.87000,8.7900000,?,?,62.00000,Regular,Open
250750001152,MA-0174-01740010,2507500,MA-0174,PK,03,Green Meadow,Maynard,Middlesex County,5 Tiger Drive,Maynard,MA,01754,,(978)897-8246,41,"Rural, Fringe",No,456.00000,38.30000,11.9100000,?,?,109.00000,Regular,Open
250573000822,MA-0680-06800005,2505730,MA-0680,PK,05,Green Meadows Elementary,Hampden-Wilbraham,Hampden County,38 North Rd,Hampden,MA,01036,,(413)566-3996,41,"Rural, Fringe",No,285.00000,22.60000,12.6100000,?,?,72.00000,Regular,Open
250549000801,MA-0114-01140505,2505490,MA-0114,08,12,Greenfield High,Greenfield,Franklin County,21 Barr Avenue,Greenfield,MA,01301,,(413)772-1350,32,"Town, Distant",No,404.00000,37.00000,10.9200000,?,?,250.00000,Regular,Open
250549000800,MA-0114-01140305,2505490,MA-0114,05,07,Greenfield Middle,Greenfield,Franklin County,195 Federal Street,Greenfield,MA,01301,,(413)772-1360,32,"Town, Distant",No,325.00000,28.57000,11.3800000,?,?,204.00000,Regular,Open
250702001033,MA-0160-01600015,2507020,MA-0160,PK,04,Greenhalge,Lowell,Middlesex County,149 Ennell Street,Lowell,MA,01850,,(978)937-7670,21,"Suburban, Large",No,480.00000,41.00000,11.7100000,?,?,395.00000,Regular,Open
250597001698,MA-0128-01280033,2505970,MA-0128,06,12,Greenleaf Academy,Haverhill,Essex County,58 Chadwick Street,Bradford,MA,01835,,(978)374-3487,21,"Suburban, Large",No,34.00000,5.00000,6.8000000,?,?,28.00000,Regular,Open
250405000550,MA-0073-00730025,2504050,MA-0073,01,05,Greenlodge,Dedham,Norfolk County,191 Greenlodge Street,Dedham,MA,02026,,(781)310-4000,21,"Suburban, Large",No,320.00000,28.12000,11.3800000,?,?,58.00000,Regular,Open
250432000582,MA-0079-00790030,2504320,MA-0079,KG,05,Greenmont Avenue,Dracut,Middlesex County,37 Greenmont Avenue,Dracut,MA,01826,,(978)453-1797,21,"Suburban, Large",No,211.00000,16.92000,12.4700000,?,?,104.00000,Regular,Open
251191001944,MA-0305-03050020,2511910,MA-0305,KG,04,Greenwood,Wakefield,Middlesex County,1030 Main Street,Wakefield,MA,01880,,(781)246-6460,21,"Suburban, Large",No,227.00000,18.25000,12.4400000,?,?,13.00000,Regular,Open
250279000323,MA-0035-00350308,2502790,MA-0035,PK,08,Greenwood Sarah K-8 School,Boston,Suffolk County,189 Glenway Street,Dorchester,MA,02121,,(617)635-8710,11,"City, Large",No,357.00000,38.25000,9.3300000,?,?,318.00000,Regular,Open
250279000247,MA-0035-00350135,2502790,MA-0035,PK,06,Grew Elementary School,Boston,Suffolk County,40 Gordon Avenue,Hyde Park,MA,02136,,(617)635-8715,11,"City, Large",No,198.00000,19.90000,9.9500000,?,?,140.00000,Regular,Open
250550000807,MA-0673-06730505,2505500,MA-0673,09,12,Groton Dunstable Regional,Groton-Dunstable,Middlesex County,P O Box 730,Groton,MA,01450,0730,(978)448-6362,41,"Rural, Fringe",No,659.00000,47.97000,13.7400000,?,?,65.00000,Regular,Open
250550000805,MA-0673-06730305,2505500,MA-0673,05,08,Groton Dunstable Regional Middle,Groton-Dunstable,Middlesex County,P O Box 727,Groton,MA,01450,0727,(978)448-6155,41,"Rural, Fringe",No,739.00000,57.48000,12.8600000,?,?,74.00000,Regular,Open
250279000218,MA-0035-00350062,2502790,MA-0035,PK,06,Guild Elementary School,Boston,Suffolk County,195 Leyden Street,East Boston,MA,02128,,(617)635-8523,11,"City, Large",No,259.00000,29.60000,8.7500000,?,?,210.00000,Regular,Open
250666002630,MA-0149-01490025,2506660,MA-0149,05,08,Guilmette Middle School,Lawrence,Essex County,80 Bodwell St,Lawrence,MA,01841,,(978)722-8270,21,"Suburban, Large",No,457.00000,51.00000,8.9600000,?,?,389.00000,Regular,Open
251152001908,MA-0293-02930057,2511520,MA-0293,KG,04,H H Galligan,Taunton,Bristol County,15 Sheridan Street,Taunton,MA,02780,,(508)821-1295,21,"Suburban, Large",No,286.00000,24.55000,11.6500000,?,?,222.00000,Regular,Open
250864000317,MA-0208-02080015,2508640,MA-0208,PK,02,H Olive Day,Norfolk,Norfolk County,232 Main Street,Norfolk,MA,02056,,(508)541-5475,21,"Suburban, Large",No,477.00000,42.55000,11.2100000,?,?,46.00000,Regular,Open
250627002795,MA-0137-01370070,2506270,MA-0137,PK,05,H.B. Lawrence School,Holyoke,Hampden County,156 Cabot Street,Holyoke,MA,01040,,(413)534-2075,21,"Suburban, Large",No,305.00000,23.33000,13.0700000,?,?,296.00000,Regular,Open
250558000879,MA-0117-01170015,2505580,MA-0117,PK,06,Hadley Elementary,Hadley,Hampshire County,21 River Drive,Hadley,MA,01035,,(413)584-5011,23,"Suburban, Small",No,315.00000,26.33000,11.9600000,?,?,97.00000,Regular,Open
250327000441,MA-0049-00490020,2503270,MA-0049,PK,05,Haggerty,Cambridge,Middlesex County,110 Cushing Street,Cambridge,MA,02138,,(617)349-6555,12,"City, Midsize",No,250.00000,30.00000,8.3300000,?,?,102.00000,Regular,Open
250267000180,MA-0031-00310026,2502670,MA-0031,KG,04,Hajjar Elementary,Billerica,Middlesex County,59 Rogers Street,Billerica,MA,01862,,(978)528-8550,21,"Suburban, Large",No,401.00000,28.65000,14.0000000,?,?,141.00000,Regular,Open
250831001868,MA-0725-07250310,2508310,MA-0725,06,08,Hale,Nashoba,Middlesex County,55 Hartley Road,Stow,MA,01775,,(978)897-4788,21,"Suburban, Large",No,247.00000,22.29000,11.0800000,?,?,16.00000,Regular,Open
250279000295,MA-0035-00350243,2502790,MA-0035,PK,06,Hale Elementary School,Boston,Suffolk County,51 Cedar Street,Roxbury,MA,02119,,(617)635-8205,11,"City, Large",No,162.00000,15.21000,10.6500000,?,?,74.00000,Regular,Open
250279000223,MA-0035-00350077,2502790,MA-0035,PK,08,Haley Pilot School,Boston,Suffolk County,570 American Legion Highway,Roslindale,MA,02131,,(617)635-8169,11,"City, Large",No,360.00000,43.64000,8.2500000,?,?,233.00000,Regular,Open
250561000815,MA-0118-01180005,2505610,MA-0118,KG,06,Halifax Elementary,Halifax,Plymouth County,464 Plymouth Street,Halifax,MA,02338,,(781)293-2581,41,"Rural, Fringe",No,531.00000,39.10000,13.5800000,?,?,134.00000,Regular,Open
250567000820,MA-0675-06750505,2505670,MA-0675,09,12,Hamilton-Wenham Regional High,Hamilton-Wenham,Essex County,775 Bay Rd,South Hamilton,MA,01982,,(978)468-0400,41,"Rural, Fringe",No,448.00000,37.95000,11.8100000,?,?,39.00000,Regular,Open
250052202680,MA-0499-04990305,2500522,MA-0499,06,12,Hampden Charter School of Science,Hampden Charter School of Science,Hampden County,20 Johnson Rd,Chicopee,MA,01022,,(413)593-9090,21,"Suburban, Large",Yes,938.00000,76.80000,12.2100000,?,?,540.00000,Regular,Open
250574000825,MA-0683-06830505,2505740,MA-0683,07,12,Hampshire Regional High,Hampshire,Hampshire County,19 Stage Rd,Westhampton,MA,01027,,(413)527-7680,41,"Rural, Fringe",No,718.00000,71.88000,9.9900000,?,?,143.00000,Regular,Open
250309000396,MA-0044-00440045,2503090,MA-0044,PK,05,Hancock,Brockton,Plymouth County,125 Pearl Street,Brockton,MA,02301,2817,(508)580-7252,21,"Suburban, Large",No,680.00000,42.30000,16.0800000,?,?,477.00000,Regular,Open
250576000826,MA-0121-01210005,2505760,MA-0121,PK,06,Hancock Elementary,Hancock,Berkshire County,3080 Hancock Road,Hancock,MA,01237,,(413)738-5676,41,"Rural, Fringe",No,48.00000,5.80000,8.2800000,?,?,?,Regular,Open
250264000169,MA-0030-00300033,2502640,MA-0030,KG,04,Hannah Elementary,Beverly,Essex County,41R Brimbal Avenue,Beverly,MA,01915,,(978)921-6126,21,"Suburban, Large",No,312.00000,26.00000,12.0000000,?,?,88.00000,Regular,Open
250579000829,MA-0122-01220505,2505790,MA-0122,09,12,Hanover High,Hanover,Plymouth County,287 Cedar Street,Hanover,MA,02339,,(781)878-5450,21,"Suburban, Large",No,663.00000,49.95000,13.2700000,?,?,69.00000,Regular,Open
250579002548,MA-0122-01220305,2505790,MA-0122,05,08,Hanover Middle,Hanover,Plymouth County,45 Whiting Street,Hanover,MA,02339,,(781)871-1122,21,"Suburban, Large",No,826.00000,62.12000,13.3000000,?,?,75.00000,Regular,Open
250690001008,MA-0157-01570305,2506900,MA-0157,PK,08,Hanscom School,Lincoln,Middlesex County,6 Ent Road,Hanscom Air Force Base,MA,01731,,(781)274-0050,21,"Suburban, Large",No,493.00000,60.35000,8.1700000,?,?,24.00000,Regular,Open
251293001286,MA-0780-07800315,2512930,MA-0780,05,08,Hanson Middle School,Whitman-Hanson,Plymouth County,111 Liberty Street,Hanson,MA,02341,,(781)618-7575,21,"Suburban, Large",No,442.00000,33.30000,13.2700000,?,?,107.00000,Regular,Open
251221002008,MA-0315-03150015,2512210,MA-0315,KG,05,Happy Hollow School,Wayland,Middlesex County,63 Pequot Rd,Wayland,MA,01778,3718,(508)358-8641,21,"Suburban, Large",No,330.00000,28.47000,11.5900000,?,?,31.00000,Regular,Open
250000102398,MA-0753-07530005,2500001,MA-0753,PK,05,Hardwick Elementary,Quabbin,Worcester County,76 School House Dr.,Gilbertville,MA,01031,,(413)477-6351,42,"Rural, Distant",No,169.00000,13.57000,12.4500000,?,?,81.00000,Regular,Open
250198000058,MA-0010-00100030,2501980,MA-0010,KG,05,Hardy,Arlington,Middlesex County,52 Lake Street,Arlington,MA,02474,,(781)316-3781,21,"Suburban, Large",No,382.00000,33.59000,11.3700000,?,?,40.00000,Regular,Open
250498000734,MA-0100-01000055,2504980,MA-0100,KG,05,Harmony Grove Elementary,Framingham,Middlesex County,169 Leland Street,Framingham,MA,01702,,(508)626-9164,13,"City, Small",No,453.00000,41.20000,11.0000000,?,?,383.00000,Regular,Open
250723001112,MA-0167-01670035,2507230,MA-0167,06,08,Harold L Qualters Middle,Mansfield,Bristol County,240 East Street,Mansfield,MA,02048,,(508)261-7530,21,"Suburban, Large",No,750.00000,77.91000,9.6300000,?,?,144.00000,Regular,Open
250684000998,MA-0155-01550030,2506840,MA-0155,KG,05,Harrington,Lexington,Middlesex County,328 Lowell Street,Lexington,MA,02420,,(781)860-0012,21,"Suburban, Large",No,374.00000,37.50000,9.9700000,?,?,46.00000,Regular,Open
250705002925,MA-0161-01610665,2507050,MA-0161,02,05,Harris Brook Elementary School,Ludlow,Hampden County,209 Fuller Street,Ludlow,MA,01056,,(413)583-5695,21,"Suburban, Large",No,593.00000,53.00000,11.1900000,?,?,237.00000,Regular,Open
250288000357,MA-0038-00380005,2502880,MA-0038,PK,02,Harry Lee Cole,Boxford,Essex County,26 Middleton Rd,Boxford,MA,01921,2336,(978)887-2856,41,"Rural, Fringe",No,367.00000,28.20000,13.0100000,?,?,18.00000,Regular,Open
250279000244,MA-0035-00350200,2502790,MA-0035,PK,06,Harvard-Kent Elementary School,Boston,Suffolk County,50 Bunker Hill Street,Charlestown,MA,02129,,(617)635-8358,11,"City, Large",No,334.00000,36.72000,9.1000000,?,?,189.00000,Regular,Open
250054400840,MA-0712-07120002,2500544,MA-0712,PK,04,Harwich Elementary School,Monomoy Regional School District,Barnstable County,263 South Street,Harwich,MA,02645,,(508)430-7216,21,"Suburban, Large",No,449.00000,45.49000,9.8700000,?,?,170.00000,Regular,Open
250480002572,MA-0094-00940305,2504800,MA-0094,06,08,Hastings Middle,Fairhaven,Bristol County,30 School Street,Fairhaven,MA,02719,,(508)979-4063,22,"Suburban, Midsize",No,415.00000,33.75000,12.3000000,?,?,165.00000,Regular,Open
250594000843,MA-0127-01270005,2505940,MA-0127,PK,06,Hatfield Elementary,Hatfield,Hampshire County,33 Main Street,Hatfield,MA,01038,9702,(413)247-5010,23,"Suburban, Small",No,201.00000,18.36000,10.9500000,?,?,53.00000,Regular,Open
251056001691,MA-0264-02640010,2510560,MA-0264,KG,05,Hatherly Elementary,Scituate,Plymouth County,72 Ann Vinal Rd,Scituate,MA,02066,,(781)545-8780,21,"Suburban, Large",No,263.00000,22.88000,11.4900000,?,?,19.00000,Regular,Open
250597000856,MA-0128-01280505,2505970,MA-0128,09,12,Haverhill High,Haverhill,Essex County,137 Monument Street,Haverhill,MA,01832,2597,(978)374-5700,21,"Suburban, Large",No,1922.00000,153.72000,12.5000000,?,?,1072.00000,Regular,Open
250600000869,MA-0685-06850005,2506000,MA-0685,PK,06,Hawlemont Regional,Hawlemont,Franklin County,10 School Street,Charlemont,MA,01339,,(413)339-8316,42,"Rural, Distant",No,71.00000,9.15000,7.7600000,?,?,39.00000,Regular,Open
250879002280,MA-0735-07350030,2508790,MA-0735,05,08,Hawthorne Brook,North Middlesex,Middlesex County,64 Brookline Street,Townsend,MA,01469,,(978)597-6914,41,"Rural, Fringe",No,449.00000,37.25000,12.0500000,?,?,120.00000,Regular,Open
250843001327,MA-0201-02010078,2508430,MA-0201,PK,05,Hayden/McFadden,New Bedford,Bristol County,361 Cedar Grove,New Bedford,MA,02746,1699,(508)997-4511,22,"Suburban, Midsize",No,748.00000,59.00000,12.6800000,?,?,658.00000,Regular,Open
250279001126,MA-0035-00350010,2502790,MA-0035,PK,01,Haynes Early Education Center,Boston,Suffolk County,263 Blue Hill Avenue,Roxbury,MA,02119,,(617)635-6446,11,"City, Large",No,168.00000,15.25000,11.0200000,?,?,134.00000,Regular,Open
251323002684,MA-0348-03480002,2513230,MA-0348,PK,PK,Head Start,Worcester,Worcester County,770 Main Street,Worcester,MA,01610,3159,(508)799-3662,12,"City, Midsize",No,349.00000,23.00000,15.1700000,?,?,326.00000,Regular,Open
251323002224,MA-0348-03480136,2513230,MA-0348,KG,06,Heard Street,Worcester,Worcester County,200 Heard Street,Worcester,MA,01603,,(508)799-3525,12,"City, Midsize",No,245.00000,17.71000,13.8300000,?,?,138.00000,Regular,Open
251158001921,MA-0295-02950010,2511580,MA-0295,PK,01,Heath-Brook,Tewksbury,Middlesex County,165 Shawsheen Street,Tewksbury,MA,01876,,(978)640-7865,21,"Suburban, Large",No,300.00000,23.81000,12.6000000,?,?,52.00000,Regular,Open
250972001541,MA-0239-02390010,2509720,MA-0239,KG,05,Hedge,Plymouth,Plymouth County,258 Standish Avenue,Plymouth,MA,02360,,(508)830-4340,21,"Suburban, Large",No,210.00000,22.43000,9.3600000,?,?,141.00000,Regular,Open
251062001704,MA-0266-02660015,2510620,MA-0266,KG,05,Heights Elementary,Sharon,Norfolk County,454 South Main Street,Sharon,MA,02067,1799,(781)784-1595,21,"Suburban, Large",No,545.00000,32.73000,16.6500000,?,?,64.00000,Regular,Open
251125001858,MA-0285-02850010,2511250,MA-0285,KG,05,Helen Hansen Elementary,Stoughton,Norfolk County,1800 Central Street,Stoughton,MA,02072,1429,(781)344-7006,21,"Suburban, Large",No,285.00000,22.68000,12.5700000,?,?,127.00000,Regular,Open
250501001694,MA-0101-01010012,2505010,MA-0101,KG,05,Helen Keller Elementary,Franklin,Norfolk County,500 Lincoln Street,Franklin,MA,02038,,(508)553-0322,21,"Suburban, Large",No,560.00000,43.31000,12.9300000,?,?,77.00000,Regular,Open
250945000406,MA-0745-07450010,2509450,MA-0745,03,06,Helen R Donaghue School,Pentucket,Essex County,24 Union Street Ext.,Merrimac,MA,01860,2244,(978)346-8921,21,"Suburban, Large",No,262.00000,23.39000,11.2000000,?,?,49.00000,Regular,Open
250498000721,MA-0100-01000015,2504980,MA-0100,KG,05,Hemenway,Framingham,Middlesex County,729 Water Street,Framingham,MA,01701,3213,(508)626-9149,13,"City, Small",No,538.00000,40.03000,13.4400000,?,?,188.00000,Regular,Open
250279000303,MA-0035-00350266,2502790,MA-0035,PK,01,Henderson K-12 Inclusion School Lower,Boston,Suffolk County,1669 Dorchester Avenue,Dorchester,MA,02122,,(617)635-8725,11,"City, Large",No,196.00000,25.33000,7.7400000,?,?,126.00000,Regular,Open
250279000952,MA-0035-00350426,2502790,MA-0035,02,12,Henderson K-12 Inclusion School Upper,Boston,Suffolk County,18 Croftland Av,Dorchester,MA,02124,,(617)635-6365,11,"City, Large",No,631.00000,77.97000,8.0900000,?,?,511.00000,Regular,Open
250279000259,MA-0035-00350153,2502790,MA-0035,KG,08,Hennigan K-8 School,Boston,Suffolk County,200 Heath Street,Jamaica Plain,MA,02130,,(617)635-8264,11,"City, Large",No,472.00000,49.98000,9.4400000,?,?,434.00000,Regular,Open
250900001209,MA-0218-02180060,2509000,MA-0218,04,05,Henri A. Yelle,Norton,Bristol County,64 West Main Street,Norton,MA,02766,2713,(508)285-0190,21,"Suburban, Large",No,371.00000,27.47000,13.5100000,?,?,95.00000,Regular,Open
250777001223,MA-0182-01820008,2507770,MA-0182,01,05,Henry B. Burkland Elementary School,Middleborough,Plymouth County,41 Mayflower Avenue,Middleborough,MA,02346,,(508)946-2040,21,"Suburban, Large",No,545.00000,40.20000,13.5600000,?,?,260.00000,Regular,Open
250195000048,MA-0009-00090010,2501950,MA-0009,KG,05,Henry C Sanborn Elementary,Andover,Essex County,90 Lovejoy Road,Andover,MA,01810,,(978)247-9700,21,"Suburban, Large",No,332.00000,23.80000,13.9500000,?,?,37.00000,Regular,Open
250210000072,MA-0014-00140010,2502100,MA-0014,KG,02,Henry E Warren Elementary,Ashland,Middlesex County,73 Fruit Street,Ashland,MA,01721,,(508)881-0188,21,"Suburban, Large",No,584.00000,46.57000,12.5400000,?,?,137.00000,Regular,Open
250702001034,MA-0160-01600330,2507020,MA-0160,05,08,Henry J Robinson Middle,Lowell,Middlesex County,110 June Street,Lowell,MA,01850,,(978)937-8974,21,"Suburban, Large",No,600.00000,52.60000,11.4100000,?,?,494.00000,Regular,Open
250483002811,MA-0095-00950017,2504830,MA-0095,KG,08,Henry Lord Community School,Fall River,Bristol County,151 Amity Street,Fall River,MA,02721,,(508)675-8208,21,"Suburban, Large",No,817.00000,65.63000,12.4500000,?,?,713.00000,Regular,Open
250768001200,MA-0710-07100179,2507680,MA-0710,PK,04,Henry P Clough,Mendon-Upton,Worcester County,10 North Avenue,Mendon,MA,01756,0005,(508)634-1580,41,"Rural, Fringe",No,398.00000,28.00000,14.2100000,?,?,55.00000,Regular,Open
251200001969,MA-0308-03080065,2512000,MA-0308,KG,05,Henry Whittemore Elementary School,Waltham,Middlesex County,30 Parmenter Road,Waltham,MA,02453,,(781)314-5785,13,"City, Small",No,372.00000,41.05000,9.0600000,?,?,267.00000,Regular,Open
250762001190,MA-0178-01780017,2507620,MA-0178,KG,05,Herbert Clark Hoover,Melrose,Middlesex County,37 Glendower Road,Melrose,MA,02176,,(781)979-2180,21,"Suburban, Large",No,260.00000,18.96000,13.7100000,?,?,43.00000,Regular,Open
250436002518,MA-0658-06580030,2504360,MA-0658,02,04,Heritage School,Dudley-Charlton Reg,Worcester County,34 Oxford Rd,Charlton,MA,01507,,(508)248-4884,41,"Rural, Fringe",No,425.00000,33.80000,12.5700000,?,?,126.00000,Regular,Open
250279000312,MA-0035-00350691,2502790,MA-0035,PK,08,Hernandez K-8 School,Boston,Suffolk County,61 School Street,Roxbury,MA,02119,,(617)635-8187,11,"City, Large",No,372.00000,26.94000,13.8100000,?,?,238.00000,Regular,Open
250279002806,MA-0035-00350015,2502790,MA-0035,PK,02,Higginson Inclusion K0-2 School,Boston,Suffolk County,160 Harrishof Street,Roxbury,MA,02119,,(617)635-8247,11,"City, Large",No,154.00000,17.60000,8.7500000,?,?,140.00000,Regular,Open
250279002677,MA-0035-00350377,2502790,MA-0035,03,08,Higginson-Lewis K-8 School,Boston,Suffolk County,131 Walnut Avenue,Roxbury,MA,02119,,(617)635-8247,11,"City, Large",No,213.00000,23.09000,9.2200000,?,?,193.00000,Regular,Open
250195001676,MA-0009-00090004,2501950,MA-0009,KG,05,High Plain Elementary,Andover,Essex County,333 High Plain Road,Andover,MA,01810,,(978)247-8600,21,"Suburban, Large",No,505.00000,43.73000,11.5500000,?,?,65.00000,Regular,Open
250837002690,MA-0199-01990410,2508370,MA-0199,06,06,High Rock School,Needham,Norfolk County,77 Ferndale Road,Needham,MA,02492,,(781)455-0400,21,"Suburban, Large",No,441.00000,37.41000,11.7900000,?,?,29.00000,Regular,Open
250666002628,MA-0149-01490536,2506660,MA-0149,09,12,High School Learning Center,Lawrence,Essex County,1 Parker Street,Lawrence,MA,01843,,(978)975-5917,21,"Suburban, Large",No,198.00000,15.40000,12.8600000,?,?,165.00000,Regular,Open
251113001806,MA-0281-02810510,2511130,MA-0281,09,12,High School Of Commerce,Springfield,Hampden County,415 State Street,Springfield,MA,01105,,(413)787-7220,12,"City, Midsize",No,966.00000,88.85000,10.8700000,?,?,803.00000,Regular,Open
251263002065,MA-0325-03250025,2512630,MA-0325,PK,04,Highland,Westfield,Hampden County,34 Western Avenue,Westfield,MA,01085,3899,(413)572-6428,21,"Suburban, Large",No,305.00000,24.63000,12.3800000,?,?,113.00000,Regular,Open
250399000532,MA-0071-00710010,2503990,MA-0071,KG,05,Highlands,Danvers,Essex County,190 Hobart,Danvers,MA,01923,,(978)774-5011,21,"Suburban, Large",No,385.00000,23.40000,16.4500000,?,?,116.00000,Regular,Open
250294000365,MA-0040-00400015,2502940,MA-0040,KG,04,Highlands,Braintree,Norfolk County,144 Wildwood Avenue,Braintree,MA,02184,,(781)380-0190,21,"Suburban, Large",No,350.00000,28.39000,12.3300000,?,?,71.00000,Regular,Open
250588000839,MA-0125-01250005,2505880,MA-0125,PK,05,Hildreth Elementary School,Harvard,Worcester County,27 Massachusetts Avenue,Harvard,MA,01451,,(978)456-4145,41,"Rural, Fringe",No,451.00000,33.50000,13.4600000,?,?,53.00000,Regular,Open
250008301846,MA-0455-04550050,2500083,MA-0455,KG,08,Hill View Montessori Charter Public School,Hill View Montessori Charter Public,Essex County,75 Foundation Avenue,Haverhill,MA,01835,,(978)521-2616,21,"Suburban, Large",Yes,306.00000,25.00000,12.2400000,?,?,111.00000,Regular,Open
250219000089,MA-0016-00160045,2502190,MA-0016,KG,04,Hill-Roberts Elementary School,Attleboro,Bristol County,80 Roy Avenue,Attleboro,MA,02703,,(508)399-7560,21,"Suburban, Large",No,412.00000,30.00000,13.7300000,?,?,164.00000,Regular,Open
250527002816,MA-0674-06740015,2505270,MA-0674,PK,01,Hillcrest Elementary School,Gill-Montague,Franklin County,30 Griswold Street,Turners Falls,MA,01376,,(413)863-9526,32,"Town, Distant",No,122.00000,14.20000,8.5900000,?,?,71.00000,Regular,Open
250003100549,MA-0450-04500105,2500031,MA-0450,KG,08,Hilltown Cooperative Charter Public School,Hilltown Cooperative Charter Public,Hampshire County,1 Industrial Parkway,Easthampton,MA,01027,,(413)529-7178,23,"Suburban, Small",Yes,218.00000,20.91000,10.4300000,?,?,?,Regular,Open
250609000872,MA-0131-01310505,2506090,MA-0131,09,12,Hingham High,Hingham,Plymouth County,17 Union Street,Hingham,MA,02043,2523,(781)741-1560,21,"Suburban, Large",No,1066.00000,82.80000,12.8700000,?,?,98.00000,Regular,Open
250609000875,MA-0131-01310410,2506090,MA-0131,06,08,Hingham Middle School,Hingham,Plymouth County,1103 Main Street,Hingham,MA,02043,2523,(781)741-1550,21,"Suburban, Large",No,798.00000,68.60000,11.6300000,?,?,66.00000,Regular,Open
251113001807,MA-0281-02810050,2511130,MA-0281,PK,05,Hiram L Dorman,Springfield,Hampden County,20 Lydia Street,Springfield,MA,01109,,(413)787-7554,12,"City, Midsize",No,279.00000,20.55000,13.5800000,?,?,253.00000,Regular,Open
250942001509,MA-0231-02310010,2509420,MA-0231,KG,06,Hobomock Elementary,Pembroke,Plymouth County,81 Learning Lane,Pembroke,MA,02359,,(781)294-0911,21,"Suburban, Large",No,385.00000,32.35000,11.9000000,?,?,61.00000,Regular,Open
250615000878,MA-0133-01330505,2506150,MA-0133,06,12,Holbrook Middle High School,Holbrook,Norfolk County,245 So. Franklin Street,Holbrook,MA,02343,,(781)767-4616,21,"Suburban, Large",No,665.00000,46.40000,14.3300000,?,?,302.00000,Regular,Open
250621000889,MA-0135-01350005,2506210,MA-0135,PK,06,Holland Elementary,Holland,Hampden County,28 Sturbridge Road,Holland,MA,01521,0109,(413)245-9644,42,"Rural, Distant",No,212.00000,20.00000,10.6000000,?,?,71.00000,Regular,Open
250294002570,MA-0040-00400005,2502940,MA-0040,KG,04,Hollis,Braintree,Norfolk County,482 Washington Street,Braintree,MA,02184,5310,(781)380-0120,21,"Suburban, Large",No,365.00000,30.56000,11.9400000,?,?,114.00000,Regular,Open
250624000894,MA-0136-01360505,2506240,MA-0136,09,12,Holliston High,Holliston,Middlesex County,370 Hollis Street,Holliston,MA,01746,,(508)429-0677,21,"Suburban, Large",No,809.00000,65.03000,12.4400000,?,?,94.00000,Regular,Open
250279002569,MA-0035-00350138,2502790,MA-0035,PK,06,Holmes Elementary School,Boston,Suffolk County,40 School Street,Dorchester,MA,02124,,(617)635-8681,11,"City, Large",No,283.00000,30.06000,9.4100000,?,?,261.00000,Regular,Open
250399002517,MA-0071-00710305,2503990,MA-0071,06,08,Holten Richmond Middle School,Danvers,Essex County,55 Conant Street,Danvers,MA,01923,,(978)774-8590,21,"Suburban, Large",No,745.00000,73.83000,10.0900000,?,?,195.00000,Regular,Open
250008701997,MA-0453-04530005,2500087,MA-0453,KG,08,Holyoke Community Charter School,Holyoke Community Charter,Hampden County,2200 Northampton St,Holyoke,MA,01040,,(413)533-0111,21,"Suburban, Large",Yes,701.00000,33.00000,21.2400000,?,?,570.00000,Regular,Open
250627000900,MA-0137-01370505,2506270,MA-0137,09,12,Holyoke High,Holyoke,Hampden County,500 Beech Street,Holyoke,MA,01040,,(413)534-2020,21,"Suburban, Large",No,1569.00000,125.30000,12.5200000,?,?,1278.00000,Regular,Open
250627002897,MA-0137-01370320,2506270,MA-0137,06,08,Holyoke STEM Academy,Holyoke,Hampden County,1045 Main Street,Holyoke,MA,01040,,(413)535-0345,21,"Suburban, Large",No,289.00000,19.00000,15.2100000,?,?,258.00000,Regular,Open
250711001074,MA-0163-01630055,2507110,MA-0163,PK,05,Hood,Lynn,Essex County,24 Oakwood Avenue,Lynn,MA,01902,,(781)477-7390,21,"Suburban, Large",No,541.00000,42.28000,12.8000000,?,?,417.00000,Regular,Open
250178000023,MA-0603-06030020,2501780,MA-0603,PK,03,Hoosac Valley Elementary School,Hoosac Valley Regional,Berkshire County,14 Commercial Street,Adams,MA,01220,2007,(413)743-0876,31,"Town, Fringe",No,398.00000,33.33000,11.9400000,?,?,238.00000,Regular,Open
250178000021,MA-0603-06030505,2501780,MA-0603,08,12,Hoosac Valley High School,Hoosac Valley Regional,Berkshire County,125 Savoy Road,Cheshire,MA,01225,9511,(413)743-5200,41,"Rural, Fringe",No,296.00000,28.05000,10.5500000,?,?,162.00000,Regular,Open
250178002879,MA-0603-06030315,2501780,MA-0603,04,07,Hoosac Valley Middle School,Hoosac Valley Regional,Berkshire County,125 Savoy Road,Cheshire,MA,01225,,(413)743-8404,41,"Rural, Fringe",No,304.00000,31.34000,9.7000000,?,?,180.00000,Regular,Open
250630000915,MA-0138-01380505,2506300,MA-0138,07,12,Hopedale Jr Sr High,Hopedale,Worcester County,25 Adin Street,Hopedale,MA,01747,,(508)634-2217,21,"Suburban, Large",No,456.00000,44.73000,10.1900000,?,?,100.00000,Regular,Open
250558000813,MA-0117-01170505,2505580,MA-0117,07,12,Hopkins Academy,Hadley,Hampshire County,131 Russell Street,Hadley,MA,01035,,(413)584-1106,23,"Suburban, Small",No,203.00000,27.80000,7.3000000,?,?,57.00000,Regular,Open
250633001180,MA-0139-01390015,2506330,MA-0139,04,05,Hopkins Elementary School,Hopkinton,Middlesex County,104 Hayden Rowe Street,Hopkinton,MA,01748,,(508)497-9824,21,"Suburban, Large",No,682.00000,46.27000,14.7400000,?,?,52.00000,Regular,Open
250633000920,MA-0139-01390505,2506330,MA-0139,09,12,Hopkinton High,Hopkinton,Middlesex County,90 Hayden Rowe Street,Hopkinton,MA,01748,,(508)497-9820,21,"Suburban, Large",No,1267.00000,88.19000,14.3700000,?,?,91.00000,Regular,Open
250633000468,MA-0139-01390305,2506330,MA-0139,06,08,Hopkinton Middle School,Hopkinton,Middlesex County,88 Hayden Rowe Street,Hopkinton,MA,01748,,(508)497-9831,21,"Suburban, Large",No,996.00000,70.34000,14.1600000,?,?,72.00000,Regular,Open
250633002043,MA-0139-01390003,2506330,MA-0139,PK,PK,Hopkinton Pre-School,Hopkinton,Middlesex County,88 Hayden Rowe Street,Hopkinton,MA,01748,,(508)497-9806,21,"Suburban, Large",No,89.00000,6.17000,14.4200000,?,?,4.00000,Regular,Open
250762001191,MA-0178-01780025,2507620,MA-0178,KG,05,Horace Mann,Melrose,Middlesex County,40 Damon Avenue,Melrose,MA,02176,,(781)979-2190,21,"Suburban, Large",No,254.00000,17.20000,14.7700000,?,?,13.00000,Regular,Open
250861001367,MA-0207-02070075,2508610,MA-0207,KG,05,Horace Mann,Newton,Middlesex County,225 Nevada Street,Newtonville,MA,02460,,(617)559-9510,13,"City, Small",No,351.00000,33.30000,10.5400000,?,?,54.00000,Regular,Open
250501000738,MA-0101-01010405,2505010,MA-0101,06,08,Horace Mann,Franklin,Norfolk County,224 Oak Street,Franklin,MA,02038,,(508)541-6230,21,"Suburban, Large",No,407.00000,32.59000,12.4900000,?,?,55.00000,Regular,Open
251038001658,MA-0258-02580030,2510380,MA-0258,PK,05,Horace Mann Laboratory,Salem,Essex County,79 Willson Street,Salem,MA,01970,,(978)740-1290,21,"Suburban, Large",No,293.00000,24.71000,11.8600000,?,?,190.00000,Regular,Open
250279002374,MA-0035-00350750,2502790,MA-0035,PK,12,Horace Mann School for the Deaf Hard of Hearing,Boston,Suffolk County,28 Walker St,Charlestown,MA,02129,,(617)635-8534,11,"City, Large",No,73.00000,37.13000,1.9700000,?,?,54.00000,Special Education,Open
251218002001,MA-0314-03140020,2512180,MA-0314,PK,05,Hosmer,Watertown,Middlesex County,1 Concord Rd,Watertown,MA,02472,,(617)926-7740,21,"Suburban, Large",No,758.00000,70.65000,10.7300000,?,?,255.00000,Regular,Open
251188001476,MA-0775-07750027,2511880,MA-0775,KG,04,Houghton Elementary,Wachusett,Worcester County,32 Boutelle Road,Sterling,MA,01564,2698,(978)422-2333,21,"Suburban, Large",No,317.00000,27.84000,11.3900000,?,?,63.00000,Regular,Open
251242002036,MA-0323-03230305,2512420,MA-0323,04,06,Howard School,West Bridgewater,Plymouth County,70 Howard Street,West Bridgewater,MA,02379,,(508)894-1250,21,"Suburban, Large",No,335.00000,19.57000,17.1200000,?,?,77.00000,Regular,Open
250783001236,MA-0184-01840005,2507830,MA-0184,03,06,Howe-Manning,Middleton,Essex County,26 Central Street,Middleton,MA,01949,1714,(978)739-2800,21,"Suburban, Large",No,461.00000,39.30000,11.7300000,?,?,63.00000,Regular,Open
250000102399,MA-0753-07530010,2500001,MA-0753,PK,05,Hubbardston Center,Quabbin,Worcester County,8 Elm Street,Hubbardston,MA,01452,,(978)928-4487,41,"Rural, Fringe",No,304.00000,15.25000,19.9300000,?,?,64.00000,Regular,Open
250714001089,MA-0164-01640010,2507140,MA-0164,KG,04,Huckleberry Hill,Lynnfield,Essex County,5 Knoll Road,Lynnfield,MA,01940,1789,(781)334-5835,21,"Suburban, Large",No,416.00000,31.00000,13.4200000,?,?,46.00000,Regular,Open
250639000926,MA-0141-01410505,2506390,MA-0141,08,12,Hudson High,Hudson,Middlesex County,69 Brigham Street,Hudson,MA,01749,2787,(978)567-6250,21,"Suburban, Large",No,784.00000,77.10000,10.1700000,?,?,299.00000,Regular,Open
250642000930,MA-0142-01420505,2506420,MA-0142,08,12,Hull High,Hull,Plymouth County,180 Main Street,Hull,MA,02045,,(781)925-3000,21,"Suburban, Large",No,278.00000,31.50000,8.8300000,?,?,88.00000,Regular,Open
251227002022,MA-0317-03170025,2512270,MA-0317,KG,05,Hunnewell,Wellesley,Norfolk County,28 Cameron Street,Wellesley,MA,02482,,(781)446-6275,21,"Suburban, Large",No,294.00000,27.80000,10.5800000,?,?,22.00000,Regular,Open
251320002183,MA-0347-03470020,2513200,MA-0347,KG,05,Hurld-Wyman Elementary School,Woburn,Middlesex County,39 Wyman Street,Woburn,MA,01801,,(781)937-8243,21,"Suburban, Large",No,418.00000,31.83000,13.1300000,?,?,111.00000,Regular,Open
250279000272,MA-0035-00350182,2502790,MA-0035,PK,08,Hurley K-8 School,Boston,Suffolk County,70 Worcester Street,Boston,MA,02118,,(617)635-8489,11,"City, Large",No,335.00000,27.50000,12.1800000,?,?,195.00000,Regular,Open
250231000121,MA-0020-00200025,2502310,MA-0020,KG,03,Hyannis West Elementary,Barnstable,Barnstable County,549 West Main Street,Hyannis,MA,02601,3459,(508)790-6480,13,"City, Small",No,309.00000,35.00000,8.8300000,?,?,240.00000,Regular,Open
250219000090,MA-0016-00160040,2502190,MA-0016,KG,04,Hyman Fine Elementary School,Attleboro,Bristol County,790 Oak Hill Avenue,Attleboro,MA,02703,,(508)222-1560,21,"Suburban, Large",No,472.00000,27.00000,17.4800000,?,?,186.00000,Regular,Open
251113002837,MA-0281-02810366,2511130,MA-0281,06,08,Impact Prep at Chestnut,Springfield,Hampden County,355 Plainfield Street,Springfield,MA,01107,,(413)750-2333,12,"City, Midsize",No,278.00000,18.30000,15.1900000,?,?,251.00000,Regular,Open
250972001542,MA-0239-02390012,2509720,MA-0239,KG,05,Indian Brook,Plymouth,Plymouth County,1181 State Rd,Plymouth,MA,02360,,(508)830-4370,21,"Suburban, Large",No,520.00000,43.68000,11.9000000,?,?,105.00000,Regular,Open
251293001497,MA-0780-07800035,2512930,MA-0780,KG,04,Indian Head,Whitman-Hanson,Plymouth County,720 Indian Head Street,Hanson,MA,02341,,(781)618-7065,21,"Suburban, Large",No,494.00000,32.00000,15.4400000,?,?,107.00000,Regular,Open
251113001810,MA-0281-02810100,2511130,MA-0281,PK,05,Indian Orchard Elementary,Springfield,Hampden County,95 Milton Street,Indian Orchard,MA,01151,,(413)787-7255,12,"City, Midsize",No,580.00000,44.70000,12.9800000,?,?,508.00000,Regular,Open
250711001075,MA-0163-01630060,2507110,MA-0163,KG,05,Ingalls,Lynn,Essex County,1 Collins Street Terrace,Lynn,MA,01902,,(781)477-7400,21,"Suburban, Large",No,719.00000,60.07000,11.9700000,?,?,597.00000,Regular,Open
250002500524,MA-0435-04350305,2500025,MA-0435,05,12,Innovation Academy Charter School,Innovation Academy Charter,Middlesex County,72 Tyng Road,Tyngsboro,MA,01879,2600,(978)649-0432,21,"Suburban, Large",Yes,770.00000,69.67000,11.0500000,?,?,239.00000,Regular,Open
250648000935,MA-0144-01440505,2506480,MA-0144,09,12,Ipswich High,Ipswich,Essex County,134 High Street,Ipswich,MA,01938,,(978)356-3137,31,"Town, Fringe",No,447.00000,49.75000,8.9800000,?,?,85.00000,Regular,Open
250648000937,MA-0144-01440305,2506480,MA-0144,06,08,Ipswich Middle School,Ipswich,Essex County,130 High Street,Ipswich,MA,01938,,(978)356-3535,31,"Town, Fringe",No,377.00000,42.06000,8.9600000,?,?,69.00000,Regular,Open
250843001333,MA-0201-02010070,2508430,MA-0201,PK,05,Irwin M. Jacobs Elementary School,New Bedford,Bristol County,47 Emery Street,New Bedford,MA,02744,,(508)997-4511,22,"Suburban, Midsize",No,388.00000,33.60000,11.5500000,?,?,352.00000,Regular,Open
251134001407,MA-0288-02880015,2511340,MA-0288,KG,05,Israel Loring School,Sudbury,Middlesex County,80 Woodside Road,Sudbury,MA,01776,,(978)579-0870,21,"Suburban, Large",No,426.00000,41.00000,10.3900000,?,?,58.00000,Regular,Open
250399000534,MA-0071-00710032,2503990,MA-0071,KG,05,Ivan G Smith,Danvers,Essex County,15 Lobao Drive,Danvers,MA,01923,2391,(978)774-1350,21,"Suburban, Large",No,389.00000,32.40000,12.0100000,?,?,89.00000,Regular,Open
250900001449,MA-0218-02180015,2509000,MA-0218,PK,03,J C Solmonese,Norton,Bristol County,315 West Main Street,Norton,MA,02766,,(508)285-0120,21,"Suburban, Large",No,491.00000,41.21000,11.9100000,?,?,92.00000,Regular,Open
250993002596,MA-0244-02440018,2509930,MA-0244,PK,05,J F Kennedy Elementary,Randolph,Norfolk County,20 Hurley Dr,Randolph,MA,02368,,(781)961-6211,21,"Suburban, Large",No,453.00000,42.88000,10.5600000,?,?,293.00000,Regular,Open
250501000740,MA-0101-01010013,2505010,MA-0101,KG,05,J F Kennedy Memorial,Franklin,Norfolk County,551 Pond Street,Franklin,MA,02038,,(508)541-5260,21,"Suburban, Large",No,341.00000,24.46000,13.9400000,?,?,33.00000,Regular,Open
250834001297,MA-0198-01980305,2508340,MA-0198,05,08,J F Kennedy Middle School,Natick,Middlesex County,165 Mill Street,Natick,MA,01760,,(508)647-6650,21,"Suburban, Large",No,911.00000,81.99000,11.1100000,?,?,127.00000,Regular,Open
251260002056,MA-0321-03210005,2512600,MA-0321,KG,03,J Harding Armstrong,Westborough,Worcester County,18 Fisher Street,Westborough,MA,01581,,(508)836-7760,21,"Suburban, Large",No,391.00000,33.51000,11.6700000,?,?,77.00000,Regular,Open
250936001495,MA-0229-02290305,2509360,MA-0229,06,08,J Henry Higgins Middle,Peabody,Essex County,85 Perkins Street,Peabody,MA,01960,5398,(978)536-4800,21,"Suburban, Large",No,1320.00000,106.70000,12.3700000,?,?,619.00000,Regular,Open
250882001419,MA-0217-02170010,2508820,MA-0217,PK,05,J Turner Hood,North Reading,Middlesex County,298A Haverhill St,North Reading,MA,01864,2398,(978)664-7817,21,"Suburban, Large",No,416.00000,33.02000,12.6000000,?,?,42.00000,Regular,Open
250999001608,MA-0246-02460017,2509990,MA-0246,KG,05,J Warren Killam,Reading,Middlesex County,333 Charles Street,Reading,MA,01867,,(781)944-7831,21,"Suburban, Large",No,406.00000,30.20000,13.4400000,?,?,59.00000,Regular,Open
250243001873,MA-0024-00240025,2502430,MA-0024,07,08,Jabish Middle School,Belchertown,Hampshire County,62 North Washington Street,Belchertown,MA,01007,,(413)323-0433,41,"Rural, Fringe",No,343.00000,25.10000,13.6700000,?,?,80.00000,Regular,Open
250885001429,MA-0210-02100020,2508850,MA-0210,KG,05,Jackson Street,Northampton,Hampshire County,120 Jackson Street,Northampton,MA,01060,,(413)587-1510,13,"City, Small",No,279.00000,25.80000,10.8100000,?,?,89.00000,Regular,Open
251323002566,MA-0348-03480140,2513230,MA-0348,PK,06,Jacob Hiatt Magnet,Worcester,Worcester County,772 Main Street,Worcester,MA,01610,,(508)799-3601,12,"City, Midsize",No,367.00000,26.22000,14.0000000,?,?,275.00000,Regular,Open
250843001329,MA-0201-02010040,2508430,MA-0201,KG,05,James B Congdon,New Bedford,Bristol County,50 Hemlock Street,New Bedford,MA,02740,3120,(508)997-4511,22,"Suburban, Midsize",No,299.00000,28.10000,10.6400000,?,?,234.00000,Regular,Open
250180000030,MA-0005-00050030,2501800,MA-0005,KG,04,James Clark School,Agawam,Hampden County,65 Oxford Street,Agawam,MA,01001,3609,(413)821-0576,21,"Suburban, Large",No,297.00000,18.36000,16.1800000,?,?,149.00000,Regular,Open
250666000958,MA-0149-01490020,2506660,MA-0149,PK,02,James F Hennessey,Lawrence,Essex County,122 Hancock Street,Lawrence,MA,01841,,(978)975-5950,21,"Suburban, Large",No,300.00000,31.50000,9.5200000,?,?,268.00000,Regular,Open
251200001970,MA-0308-03080060,2512000,MA-0308,KG,05,James Fitzgerald Elementary School,Waltham,Middlesex County,138 Beal Road,Waltham,MA,02453,,(781)314-5685,13,"City, Small",No,350.00000,35.15000,9.9600000,?,?,110.00000,Regular,Open
251152002697,MA-0293-02930015,2511520,MA-0293,PK,04,James L. Mulcahey Elementary School,Taunton,Bristol County,28 Clifford Street,Taunton,MA,02780,,(508)821-1255,21,"Suburban, Large",No,898.00000,60.05000,14.9500000,?,?,586.00000,Regular,Open
250402002028,MA-0072-00720040,2504020,MA-0072,KG,05,James M. Quinn School,Dartmouth,Bristol County,529 Hawthorn Street,Dartmouth,MA,02747,,(508)997-3178,22,"Suburban, Midsize",No,703.00000,56.17000,12.5200000,?,?,218.00000,Regular,Open
251218002002,MA-0314-03140025,2512180,MA-0314,PK,05,James Russell Lowell,Watertown,Middlesex County,123 Lowell Ave.,Watertown,MA,02472,1800,(617)926-7770,21,"Suburban, Large",No,422.00000,43.15000,9.7800000,?,?,111.00000,Regular,Open
250702001036,MA-0160-01600315,2507020,MA-0160,05,08,James S Daley Middle School,Lowell,Middlesex County,150 Fleming Street,Lowell,MA,01851,,(978)937-8981,21,"Suburban, Large",No,669.00000,50.50000,13.2500000,?,?,371.00000,Regular,Open
250702000073,MA-0160-01600340,2507020,MA-0160,05,08,James Sullivan Middle School,Lowell,Middlesex County,150 Draper Street,Lowell,MA,01852,,(978)937-8993,21,"Suburban, Large",No,625.00000,50.10000,12.4800000,?,?,446.00000,Regular,Open
250483000665,MA-0095-00950140,2504830,MA-0095,KG,05,James Tansey,Fall River,Bristol County,711 Ray Street,Fall River,MA,02720,,(508)675-8206,21,"Suburban, Large",No,280.00000,18.10000,15.4700000,?,?,169.00000,Regular,Open
250501000868,MA-0101-01010010,2505010,MA-0101,KG,05,Jefferson Elementary,Franklin,Norfolk County,628 Washington Street,Franklin,MA,02038,,(508)541-2140,21,"Suburban, Large",No,321.00000,26.54000,12.0900000,?,?,48.00000,Regular,Open
250735002953,MA-0171-01710001,2507350,MA-0171,PK,PK,Jeffrey W. Granatino Early Education Center,Marshfield,Plymouth County,255 Furnace Street,Marshfield,MA,02050,,(781)834-5048,21,"Suburban, Large",No,83.00000,4.00000,20.7500000,?,?,13.00000,Regular,Open
251056002068,MA-0264-02640015,2510560,MA-0264,KG,05,Jenkins Elementary School,Scituate,Plymouth County,54 Vinal Avenue,Scituate,MA,02066,,(781)545-4910,21,"Suburban, Large",No,341.00000,29.95000,11.3900000,?,?,38.00000,Regular,Open
250843001330,MA-0201-02010130,2508430,MA-0201,PK,05,Jireh Swift,New Bedford,Bristol County,2203 Acushnet Avenue,New Bedford,MA,02745,2998,(508)997-4511,22,"Suburban, Midsize",No,204.00000,19.25000,10.6000000,?,?,131.00000,Regular,Open
250198000059,MA-0010-00100005,2501980,MA-0010,KG,05,John A Bishop,Arlington,Middlesex County,25 Columbia Road,Arlington,MA,02474,,(781)316-3791,21,"Suburban, Large",No,375.00000,30.32000,12.3700000,?,?,16.00000,Regular,Open
251266001737,MA-0326-03260045,2512660,MA-0326,03,05,John A. Crisafulli Elementary School,Westford,Middlesex County,13 Robinson Road,Westford,MA,01886,,(978)392-4483,21,"Suburban, Large",No,342.00000,25.45000,13.4400000,?,?,34.00000,Regular,Open
251251002504,MA-0332-03320005,2512510,MA-0332,PK,KG,John Ashley,West Springfield,Hampden County,88 Massasoit Avenue,West Springfield,MA,01089,,(413)263-3323,21,"Suburban, Large",No,148.00000,17.60000,8.4100000,?,?,83.00000,Regular,Open
250843001331,MA-0201-02010115,2508430,MA-0201,PK,05,John Avery Parker,New Bedford,Bristol County,705 County Street,New Bedford,MA,02740,5042,(508)997-4511,22,"Suburban, Midsize",No,289.00000,24.00000,12.0400000,?,?,233.00000,Regular,Open
250843001332,MA-0201-02010050,2508430,MA-0201,KG,05,John B Devalles,New Bedford,Bristol County,120 Katherine Street,New Bedford,MA,02744,1099,(508)997-4511,22,"Suburban, Midsize",No,292.00000,26.00000,11.2300000,?,?,256.00000,Regular,Open
250666000730,MA-0149-01490003,2506660,MA-0149,PK,KG,John Breen School,Lawrence,Essex County,114 Osgood Street,Lawrence,MA,01843,,(978)975-5932,21,"Suburban, Large",No,262.00000,26.00000,10.0800000,?,?,224.00000,Regular,Open
251227002023,MA-0317-03170020,2512270,MA-0317,KG,05,John D Hardy,Wellesley,Norfolk County,293 Weston Rd,Wellesley,MA,02482,,(781)446-6270,21,"Suburban, Large",No,280.00000,26.52000,10.5600000,?,?,20.00000,Regular,Open
250759001185,MA-0177-01770013,2507590,MA-0177,PK,01,John D Mc Govern Elementary,Medway,Norfolk County,9 Lovering Street,Medway,MA,02053,,(508)533-3243,21,"Suburban, Large",No,353.00000,27.20000,12.9800000,?,?,64.00000,Regular,Open
250315000419,MA-0046-00460045,2503150,MA-0046,PK,08,John D Runkle,Brookline,Norfolk County,50 Druce Street,Brookline,MA,02445,,(617)879-4650,21,"Suburban, Large",No,476.00000,37.02000,12.8600000,?,?,68.00000,Regular,Open
250936001496,MA-0229-02290007,2509360,MA-0229,KG,05,John E Burke,Peabody,Essex County,127 Birch Street,Peabody,MA,01960,2099,(978)536-5400,21,"Suburban, Large",No,294.00000,26.53000,11.0800000,?,?,60.00000,Regular,Open
250936001821,MA-0229-02290016,2509360,MA-0229,KG,05,John E. McCarthy,Peabody,Essex County,76 Lake Street,Peabody,MA,01960,,(978)536-5625,21,"Suburban, Large",No,385.00000,28.92000,13.3100000,?,?,218.00000,Regular,Open
250837001314,MA-0199-01990020,2508370,MA-0199,KG,05,John Eliot,Needham,Norfolk County,135 Wellesley Avenue,Needham,MA,02494,,(781)455-0452,21,"Suburban, Large",No,397.00000,33.87000,11.7200000,?,?,51.00000,Regular,Open
250615000880,MA-0133-01330018,2506150,MA-0133,PK,05,John F Kennedy,Holbrook,Norfolk County,245 So. Franklin Street,Holbrook,MA,02343,,(781)767-4600,21,"Suburban, Large",No,685.00000,51.50000,13.3000000,?,?,313.00000,Regular,Open
250330000454,MA-0050-00500017,2503300,MA-0050,KG,05,John F Kennedy,Canton,Norfolk County,100 Dedham Street,Canton,MA,02021,1508,(781)821-5080,21,"Suburban, Large",No,462.00000,35.61000,12.9700000,?,?,66.00000,Regular,Open
251089001738,MA-0274-02740083,2510890,MA-0274,PK,08,John F Kennedy,Somerville,Middlesex County,5 Cherry Street,Somerville,MA,02144,,(617)629-5440,21,"Suburban, Large",No,439.00000,30.62000,14.3400000,?,?,106.00000,Regular,Open
250309000401,MA-0044-00440017,2503090,MA-0044,KG,05,John F Kennedy,Brockton,Plymouth County,900 Ash Street,Brockton,MA,02301,6214,(508)580-7278,21,"Suburban, Large",No,539.00000,35.27000,15.2800000,?,?,366.00000,Regular,Open
250267000181,MA-0031-00310012,2502670,MA-0031,KG,04,John F Kennedy,Billerica,Middlesex County,20 Kimbrough Rd,Billerica,MA,01821,,(978)528-8570,21,"Suburban, Large",No,330.00000,22.24000,14.8400000,?,?,68.00000,Regular,Open
250271502372,MA-0622-06220008,2502715,MA-0622,03,03,John F Kennedy Elementary,Blackstone-Millville,Worcester County,200 Lincoln Street,Blackstone,MA,01504,,(508)876-0118,21,"Suburban, Large",No,0.00000,0.00000,?,?,?,?,Regular,Open
251113002601,MA-0281-02810328,2511130,MA-0281,06,08,John F Kennedy Middle,Springfield,Hampden County,1385 Berkshire Avenue,Springfield,MA,01151,,(413)787-7510,12,"City, Midsize",No,366.00000,39.20000,9.3400000,?,?,334.00000,Regular,Open
251200001971,MA-0308-03080404,2512000,MA-0308,06,08,John F Kennedy Middle,Waltham,Middlesex County,655 Lexington St,Waltham,MA,02452,,(781)314-5563,13,"City, Small",No,635.00000,61.40000,10.3400000,?,?,236.00000,Regular,Open
251320002186,MA-0347-03470405,2513200,MA-0347,06,08,John F Kennedy Middle School,Woburn,Middlesex County,33 Middle Street,Woburn,MA,01801,,(781)937-8230,21,"Suburban, Large",No,521.00000,50.60000,10.3000000,?,?,218.00000,Regular,Open
250885001430,MA-0210-02100410,2508850,MA-0210,06,08,John F Kennedy Middle School,Northampton,Hampshire County,100 Bridge Rd,Florence,MA,01062,,(413)587-1489,13,"City, Small",No,577.00000,56.70000,10.1800000,?,?,186.00000,Regular,Open
251152002416,MA-0293-02930305,2511520,MA-0293,05,07,John F Parker Middle,Taunton,Bristol County,60 Williams Street,Taunton,MA,02780,,(508)821-1112,21,"Suburban, Large",No,517.00000,34.63000,14.9300000,?,?,369.00000,Regular,Open
251158001426,MA-0295-02950023,2511580,MA-0295,05,06,John F. Ryan,Tewksbury,Middlesex County,135 Pleasant Street,Tewksbury,MA,01876,,(978)640-7880,21,"Suburban, Large",No,500.00000,42.91000,11.6500000,?,?,122.00000,Regular,Open
250597000857,MA-0128-01280085,2505970,MA-0128,05,08,John G Whittier,Haverhill,Essex County,256 Concord Street,Haverhill,MA,01830,2299,(978)374-5782,21,"Suburban, Large",No,487.00000,37.20000,13.0900000,?,?,299.00000,Regular,Open
250240000130,MA-0023-00230305,2502400,MA-0023,06,08,John Glenn Middle,Bedford,Middlesex County,99 McMahon Road,Bedford,MA,01730,,(781)275-3201,21,"Suburban, Large",No,604.00000,59.13000,10.2100000,?,?,94.00000,Regular,Open
251293000200,MA-0780-07800030,2512930,MA-0780,KG,05,John H Duval,Whitman-Hanson,Plymouth County,60 Regal Street,Whitman,MA,02382,,(781)618-7055,21,"Suburban, Large",No,430.00000,34.20000,12.5700000,?,?,190.00000,Regular,Open
250495000709,MA-0099-00990405,2504950,MA-0099,05,08,John J Ahern,Foxborough,Norfolk County,111 Mechanic Street,Foxborough,MA,02035,,(508)543-1610,21,"Suburban, Large",No,772.00000,67.09000,11.5100000,?,?,178.00000,Regular,Open
250483000666,MA-0095-00950045,2504830,MA-0095,PK,08,John J Doran,Fall River,Bristol County,101 Fountain Street,Fall River,MA,02721,,(508)675-8225,21,"Suburban, Large",No,525.00000,37.67000,13.9400000,?,?,456.00000,Regular,Open
251113002599,MA-0281-02810320,2511130,MA-0281,06,12,John J Duggan Academy,Springfield,Hampden County,1015 Wilbraham Rd,Springfield,MA,01109,,(413)787-7410,12,"City, Midsize",No,823.00000,69.76000,11.8000000,?,?,597.00000,Regular,Open
250756001634,MA-0176-01760068,2507560,MA-0176,KG,05,John J McGlynn Elementary School,Medford,Middlesex County,3002 Mystic Valley Pkwy,Medford,MA,02155,,(781)393-2333,21,"Suburban, Large",No,505.00000,44.33000,11.3900000,?,?,270.00000,Regular,Open
250702001048,MA-0160-01600050,2507020,MA-0160,PK,04,John J Shaughnessy,Lowell,Middlesex County,1158 Gorham Street,Lowell,MA,01852,,(978)937-7657,21,"Suburban, Large",No,485.00000,35.98000,13.4800000,?,?,359.00000,Regular,Open
250756002063,MA-0176-01760320,2507560,MA-0176,06,08,John J. McGlynn Middle School,Medford,Middlesex County,3004 Mystic Valley Parkway,Medford,MA,02155,,(781)393-2333,21,"Suburban, Large",No,464.00000,52.59000,8.8200000,?,?,223.00000,Regular,Open
250666002477,MA-0149-01490075,2506660,MA-0149,01,05,John K Tarbox,Lawrence,Essex County,59 Alder Street,Lawrence,MA,01841,,(978)975-5983,21,"Suburban, Large",No,281.00000,24.50000,11.4700000,?,?,252.00000,Regular,Open
250327000442,MA-0049-00490065,2503270,MA-0049,PK,05,John M Tobin,Cambridge,Middlesex County,359 Broadway,Cambridge,MA,02139,,(617)349-6600,12,"City, Midsize",No,291.00000,27.00000,10.7800000,?,?,99.00000,Regular,Open
250906001465,MA-0220-02200020,2509060,MA-0220,01,05,John P Oldham,Norwood,Norfolk County,165 Prospect Street,Norwood,MA,02062,,(781)769-2417,21,"Suburban, Large",No,261.00000,26.43000,9.8800000,?,?,98.00000,Regular,Open
251251002044,MA-0332-03320010,2512510,MA-0332,KG,05,John R Fausey,West Springfield,Hampden County,784 Amostown Rd,West Springfield,MA,01089,,(413)263-3314,21,"Suburban, Large",No,435.00000,37.38000,11.6400000,?,?,195.00000,Regular,Open
250963001525,MA-0236-02360305,2509630,MA-0236,06,08,John T Reid Middle,Pittsfield,Berkshire County,950 North Street,Pittsfield,MA,01201,,(413)448-9620,13,"City, Small",No,407.00000,43.51000,9.3500000,?,?,305.00000,Regular,Open
250777001378,MA-0182-01820305,2507770,MA-0182,06,08,John T. Nichols Middle,Middleborough,Plymouth County,112 Tiger Drive,Middleborough,MA,02346,,(508)946-2020,41,"Rural, Fringe",No,688.00000,56.20000,12.2400000,?,?,262.00000,Regular,Open
251017001642,MA-0251-02510305,2510170,MA-0251,05,08,John W Rogers Middle,Rockland,Plymouth County,100 Taunton Avenue,Rockland,MA,02370,,(781)878-4341,21,"Suburban, Large",No,687.00000,55.20000,12.4500000,?,?,323.00000,Regular,Open
251200001977,MA-0308-03080415,2512000,MA-0308,06,08,John W. McDevitt Middle School,Waltham,Middlesex County,75 Church Street,Waltham,MA,02453,,(781)314-5595,13,"City, Small",No,618.00000,64.56000,9.5700000,?,?,353.00000,Regular,Open
251158000366,MA-0295-02950305,2511580,MA-0295,07,08,John W. Wynn Middle,Tewksbury,Middlesex County,1 Griffin Way,Tewksbury,MA,01876,,(978)640-7846,21,"Suburban, Large",No,539.00000,43.81000,12.3000000,?,?,128.00000,Regular,Open
250861001369,MA-0207-02070120,2508610,MA-0207,KG,05,John Ward,Newton,Middlesex County,10 Dolphin Rd,Newton Centre,MA,02459,,(617)559-6450,13,"City, Small",No,186.00000,21.10000,8.8200000,?,?,8.00000,Regular,Open
250678000985,MA-0153-01530025,2506780,MA-0153,KG,05,Johnny Appleseed,Leominster,Worcester County,845 Main Street,Leominster,MA,01453,,(978)534-7765,22,"Suburban, Midsize",No,692.00000,48.95000,14.1400000,?,?,367.00000,Regular,Open
250822002394,MA-0196-01960010,2508220,MA-0196,PK,06,Johnson,Nahant,Essex County,290 Castle Road,Nahant,MA,01908,,(781)581-1600,21,"Suburban, Large",No,163.00000,11.26000,14.4800000,?,?,28.00000,Regular,Open
250684002551,MA-0155-01550305,2506840,MA-0155,06,08,Jonas Clarke Middle,Lexington,Middlesex County,17 Stedman Rd,Lexington,MA,02421,,(781)861-2450,21,"Suburban, Large",No,796.00000,84.65000,9.4000000,?,?,79.00000,Regular,Open
250723001365,MA-0167-01670014,2507230,MA-0167,03,05,Jordan/Jackson Elementary,Mansfield,Bristol County,255 East Street,Mansfield,MA,02048,,(508)261-7520,21,"Suburban, Large",No,760.00000,58.60000,12.9700000,?,?,155.00000,Regular,Open
250432000583,MA-0079-00790020,2504320,MA-0079,PK,05,Joseph A Campbell Elementary,Dracut,Middlesex County,1021 Methuen Street,Dracut,MA,01826,,(978)459-6186,21,"Suburban, Large",No,565.00000,36.20000,15.6100000,?,?,130.00000,Regular,Open
250354001776,MA-0057-00570055,2503540,MA-0057,05,08,Joseph A. Browne School,Chelsea,Suffolk County,180 Walnut Street,Chelsea,MA,02150,,(617)466-5235,21,"Suburban, Large",No,487.00000,54.00000,9.0200000,?,?,391.00000,Regular,Open
251152001565,MA-0293-02930008,2511520,MA-0293,PK,04,Joseph C Chamberlain,Taunton,Bristol County,480 Norton Avenue,Taunton,MA,02780,,(508)821-3216,21,"Suburban, Large",No,496.00000,36.55000,13.5700000,?,?,255.00000,Regular,Open
251146001893,MA-0292-02920505,2511460,MA-0292,09,12,Joseph Case High,Swansea,Bristol County,70 School Street,Swansea,MA,02777,,(508)675-7483,21,"Suburban, Large",No,514.00000,46.75000,10.9900000,?,?,127.00000,Regular,Open
251146001894,MA-0292-02920305,2511460,MA-0292,06,08,Joseph Case Jr High,Swansea,Bristol County,195 Main Street,Swansea,MA,02777,,(508)675-0116,21,"Suburban, Large",No,490.00000,40.95000,11.9700000,?,?,133.00000,Regular,Open
250402000544,MA-0072-00720015,2504020,MA-0072,KG,05,Joseph Demello,Dartmouth,Bristol County,654 Dartmouth Street,South Dartmouth,MA,02748,,(508)996-6750,22,"Suburban, Midsize",No,392.00000,26.58000,14.7500000,?,?,116.00000,Regular,Open
251227002024,MA-0317-03170015,2512270,MA-0317,KG,05,Joseph E Fiske,Wellesley,Norfolk County,45 Hastings Street,Wellesley,MA,02481,,(781)446-6265,21,"Suburban, Large",No,278.00000,24.40000,11.3900000,?,?,32.00000,Regular,Open
250684001000,MA-0155-01550010,2506840,MA-0155,KG,05,Joseph Estabrook,Lexington,Middlesex County,117 Grove Street,Lexington,MA,02420,,(781)861-2520,21,"Suburban, Large",No,490.00000,43.50000,11.2600000,?,?,28.00000,Regular,Open
250246000142,MA-0025-00250020,2502460,MA-0025,PK,03,Joseph F DiPietro Elementary School,Bellingham,Norfolk County,70 Harpin Street,Bellingham,MA,02019,,(508)883-8001,21,"Suburban, Large",No,385.00000,30.40000,12.6600000,?,?,124.00000,Regular,Open
251146001895,MA-0292-02920020,2511460,MA-0292,03,05,Joseph G Luther,Swansea,Bristol County,100 Pearse Road,Swansea,MA,02777,,(508)675-7499,21,"Suburban, Large",No,194.00000,13.55000,14.3200000,?,?,51.00000,Regular,Open
251125001861,MA-0285-02850025,2511250,MA-0285,KG,05,Joseph H Gibbons,Stoughton,Norfolk County,235 Morton Street,Stoughton,MA,02072,3227,(781)344-7008,21,"Suburban, Large",No,389.00000,28.54000,13.6300000,?,?,174.00000,Regular,Open
251152001911,MA-0293-02930042,2511520,MA-0293,05,07,Joseph H Martin,Taunton,Bristol County,131 Caswell Street,East Taunton,MA,02718,,(508)821-1250,21,"Suburban, Large",No,647.00000,45.75000,14.1400000,?,?,353.00000,Regular,Open
250702000477,MA-0160-01600010,2507020,MA-0160,PK,04,Joseph McAvinnue,Lowell,Middlesex County,131 Mammoth Road,Lowell,MA,01854,,(978)937-2871,21,"Suburban, Large",No,447.00000,34.50000,12.9600000,?,?,326.00000,Regular,Open
250627001178,MA-0137-01370003,2506270,MA-0137,06,08,Joseph Metcalf School,Holyoke,Hampden County,2019 Northampton Street,Holyoke,MA,01040,,(413)534-2104,21,"Suburban, Large",No,213.00000,21.50000,9.9100000,?,?,187.00000,Regular,Open
250378000520,MA-0065-00650010,2503780,MA-0065,PK,02,Joseph Osgood,Cohasset,Norfolk County,210 Sohier St,Cohasset,MA,02025,,(781)383-6117,21,"Suburban, Large",No,369.00000,30.00000,12.3000000,?,?,15.00000,Regular,Open
251106002291,MA-0829-08290605,2511060,MA-0829,09,12,Joseph P Keefe Technical High School,South Middlesex Regional Vocational Technical,Middlesex County,750 Winter Street,Framingham,MA,01702,,(508)416-2252,13,"City, Small",No,896.00000,90.18000,9.9400000,?,?,466.00000,Vocational,Open
251125001862,MA-0285-02850014,2511250,MA-0285,KG,05,Joseph R Dawe Jr Elementary,Stoughton,Norfolk County,131 Pine Street,Stoughton,MA,02072,1845,(781)344-7007,21,"Suburban, Large",No,403.00000,35.31000,11.4100000,?,?,163.00000,Regular,Open
250873001404,MA-0212-02120013,2508730,MA-0212,KG,05,Joseph W Martin Jr Elementary,North Attleborough,Bristol County,37 Landry Avenue,North Attleborough,MA,02760,,(508)643-2140,21,"Suburban, Large",No,549.00000,40.40000,13.5900000,?,?,114.00000,Regular,Open
250999001609,MA-0246-02460010,2509990,MA-0246,KG,05,Joshua Eaton,Reading,Middlesex County,365 Summer Avenue,Reading,MA,01867,,(781)942-9161,21,"Suburban, Large",No,388.00000,28.30000,13.7100000,?,?,24.00000,Regular,Open
251134001876,MA-0288-02880010,2511340,MA-0288,KG,05,Josiah Haynes,Sudbury,Middlesex County,169 Haynes Road,Sudbury,MA,01776,,(978)443-1093,21,"Suburban, Large",No,397.00000,33.45000,11.8700000,?,?,22.00000,Regular,Open
250711001077,MA-0163-01630030,2507110,MA-0163,PK,05,Julia F Callahan,Lynn,Essex County,200 O'Callaghan Way,Lynn,MA,01905,,(781)477-7340,21,"Suburban, Large",No,373.00000,39.05000,9.5500000,?,?,251.00000,Regular,Open
250498002820,MA-0100-01000001,2504980,MA-0100,PK,PK,Juniper Hill School,Framingham,Middlesex County,29 Upper Joclyn Avenue,Framingham,MA,01701,,(508)788-2380,13,"City, Small",No,245.00000,23.50000,10.4300000,?,?,124.00000,Regular,Open
250432001625,MA-0079-00790410,2504320,MA-0079,06,08,Justus C. Richardson Middle School,Dracut,Middlesex County,1570 Lakeview Ave,Dracut,MA,01826,,(978)957-3330,21,"Suburban, Large",No,916.00000,62.85000,14.5700000,?,?,319.00000,Regular,Open
251227002025,MA-0317-03170005,2512270,MA-0317,KG,05,Katharine Lee Bates,Wellesley,Norfolk County,116 Elmwood Rd,Wellesley,MA,02481,,(781)446-6260,21,"Suburban, Large",No,286.00000,22.17000,12.9000000,?,?,5.00000,Regular,Open
250702001955,MA-0160-01600360,2507020,MA-0160,05,08,Kathryn P. Stoklosa Middle School,Lowell,Middlesex County,560 Broadway Street,Lowell,MA,01854,3305,(978)275-6330,21,"Suburban, Large",No,613.00000,48.00000,12.7700000,?,?,474.00000,Regular,Open
250843001334,MA-0201-02010405,2508430,MA-0201,06,08,Keith Middle School,New Bedford,Bristol County,225 Hathaway Blvd,New Bedford,MA,02740,2898,(508)997-4511,22,"Suburban, Midsize",No,949.00000,89.44000,10.6100000,?,?,753.00000,Regular,Open
250627000904,MA-0137-01370040,2506270,MA-0137,PK,05,Kelly Elementary,Holyoke,Hampden County,216 West Street,Holyoke,MA,01040,,(413)534-2078,21,"Suburban, Large",No,464.00000,38.34000,12.1000000,?,?,427.00000,Regular,Open
250279000265,MA-0035-00350166,2502790,MA-0035,PK,06,Kennedy John F Elementary School,Boston,Suffolk County,7 Bolster Street,Jamaica Plain,MA,02130,,(617)635-8127,11,"City, Large",No,399.00000,29.27000,13.6300000,?,?,284.00000,Regular,Open
250279000302,MA-0035-00350264,2502790,MA-0035,PK,06,Kennedy Patrick J Elementary School,Boston,Suffolk County,343 Saratoga Street,East Boston,MA,02128,,(617)635-8466,11,"City, Large",No,279.00000,25.60000,10.9000000,?,?,234.00000,Regular,Open
250327000444,MA-0049-00490040,2503270,MA-0049,PK,05,Kennedy-Longfellow,Cambridge,Middlesex County,158 Spring Street,Cambridge,MA,02141,,(617)349-6841,12,"City, Midsize",No,215.00000,30.60000,7.0300000,?,?,136.00000,Regular,Open
250744002528,MA-0172-01720005,2507440,MA-0172,PK,02,Kenneth Coombs School,Mashpee,Barnstable County,152 Old Barnstable Road,Mashpee,MA,02649,,(508)539-1520,21,"Suburban, Large",No,387.00000,36.00000,10.7500000,?,?,168.00000,Regular,Open
250279000332,MA-0035-00350328,2502790,MA-0035,PK,06,Kenny Elementary School,Boston,Suffolk County,19 Oakton Avenue,Dorchester,MA,02122,,(617)635-8789,11,"City, Large",No,329.00000,32.13000,10.2400000,?,?,199.00000,Regular,Open
251113001813,MA-0281-02810110,2511130,MA-0281,PK,05,Kensington International School,Springfield,Hampden County,31 Kensington Avenue,Springfield,MA,01108,,(413)787-7522,12,"City, Midsize",No,278.00000,21.55000,12.9000000,?,?,260.00000,Regular,Open
250246002543,MA-0025-00250510,2502460,MA-0025,07,12,Keough Memorial Academy,Bellingham,Norfolk County,60 Harpin Street,Bellingham,MA,02019,,(508)883-5403,21,"Suburban, Large",No,29.00000,6.67000,4.3500000,?,?,15.00000,Other/Alternative,Open
251113002918,MA-0281-02810316,2511130,MA-0281,06,08,Kiley Academy,Springfield,Hampden County,180 Cooley Street,Springfield,MA,01128,,(413)787-7240,12,"City, Midsize",No,268.00000,24.35000,11.0100000,?,?,231.00000,Regular,Open
251113002920,MA-0281-02810315,2511130,MA-0281,06,08,Kiley Prep,Springfield,Hampden County,180 Cooley Street,Springfield,MA,01128,,(413)787-7240,12,"City, Midsize",No,298.00000,25.05000,11.9000000,?,?,263.00000,Regular,Open
250279000278,MA-0035-00350190,2502790,MA-0035,PK,08,Kilmer K-8 School,Boston,Suffolk County,35 Baker Street,West Roxbury,MA,02132,,(617)635-8060,11,"City, Large",No,401.00000,40.11000,10.0000000,?,?,193.00000,Regular,Open
250498002823,MA-0100-01000005,2504980,MA-0100,KG,05,King Elementary School,Framingham,Middlesex County,454 Water Street,Framingham,MA,01701,,(508)782-7201,13,"City, Small",No,385.00000,34.58000,11.1300000,?,?,168.00000,Regular,Open
250279002669,MA-0035-00350376,2502790,MA-0035,PK,06,King Elementary School,Boston,Suffolk County,77 Lawrence Avenue,Dorchester,MA,02121,,(617)635-8212,11,"City, Large",No,464.00000,46.78000,9.9200000,?,?,423.00000,Regular,Open
250327000228,MA-0049-00490035,2503270,MA-0049,PK,05,King Open,Cambridge,Middlesex County,850 Cambridge Street,Cambridge,MA,02139,,(617)349-6540,12,"City, Midsize",No,391.00000,37.45000,10.4400000,?,?,159.00000,Other/Alternative,Open
250651000941,MA-0690-06900510,2506510,MA-0690,07,08,King Philip Middle School,King Philip,Norfolk County,18 King Street,Norfolk,MA,02056,,(508)541-7324,21,"Suburban, Large",No,706.00000,49.87000,14.1600000,?,?,111.00000,Regular,Open
250651000940,MA-0690-06900505,2506510,MA-0690,09,12,King Philip Regional High,King Philip,Norfolk County,201 Franklin Street,Wrentham,MA,02093,,(508)384-1000,21,"Suburban, Large",No,1114.00000,82.45000,13.5100000,?,?,192.00000,Regular,Open
250654000943,MA-0145-01450005,2506540,MA-0145,KG,02,Kingston Elementary,Kingston,Plymouth County,150 Main Street,Kingston,MA,02364,,(781)585-3821,41,"Rural, Fringe",No,523.00000,31.09000,16.8200000,?,?,130.00000,Regular,Open
250654001531,MA-0145-01450020,2506540,MA-0145,03,06,Kingston Intermediate,Kingston,Plymouth County,65 Second Brook Street,Kingston,MA,02364,,(781)585-0472,41,"Rural, Fringe",No,645.00000,43.00000,15.0000000,?,?,150.00000,Regular,Open
250053702716,MA-0463-04630205,2500537,MA-0463,KG,08,KIPP Academy Boston Charter School,KIPP Academy Boston Charter School,Suffolk County,37 Babson Street,Mattapan,MA,02126,,(617)393-5682,11,"City, Large",Yes,646.00000,47.55000,13.5900000,?,?,499.00000,Regular,Open
250008201845,MA-0429-04290010,2500082,MA-0429,KG,12,KIPP Academy Lynn Charter School,KIPP Academy Lynn Charter,Essex County,90 High Rock Street,Lynn,MA,01902,,(781)598-1609,21,"Suburban, Large",Yes,1637.00000,118.56000,13.8100000,?,?,1059.00000,Regular,Open
250339000465,MA-0635-06350035,2503390,MA-0635,PK,05,Kittredge,Central Berkshire,Berkshire County,80 Maple Street,Hinsdale,MA,01235,,(413)655-2525,41,"Rural, Fringe",No,185.00000,12.80000,14.4500000,?,?,70.00000,Regular,Open
250870001396,MA-0211-02110015,2508700,MA-0211,01,05,Kittredge,North Andover,Essex County,601 Main Street,North Andover,MA,01845,,(978)794-1688,21,"Suburban, Large",No,211.00000,17.91000,11.7800000,?,?,30.00000,Regular,Open
250000200639,MA-0767-07670415,2500002,MA-0767,05,08,Knox Trail Middle School,Spencer-E Brookfield,Worcester County,73 Ash Street,Spencer,MA,01562,2349,(508)885-8550,31,"Town, Fringe",No,415.00000,30.33000,13.6800000,?,?,197.00000,Regular,Open
250882001420,MA-0217-02170005,2508820,MA-0217,KG,05,L D Batchelder,North Reading,Middlesex County,175 Park Street,North Reading,MA,01864,,(978)664-7814,21,"Suburban, Large",No,462.00000,31.22000,14.8000000,?,?,36.00000,Regular,Open
251158001922,MA-0295-02950001,2511580,MA-0295,PK,01,L F Dewing,Tewksbury,Middlesex County,1469 Andover Street,Tewksbury,MA,01876,,(978)640-7858,21,"Suburban, Large",No,372.00000,29.31000,12.6900000,?,?,98.00000,Regular,Open
250900001450,MA-0218-02180010,2509000,MA-0218,KG,03,L G Nourse Elementary,Norton,Bristol County,38 Plain Street,Norton,MA,02766,,(508)285-0110,21,"Suburban, Large",No,272.00000,24.69000,11.0200000,?,?,92.00000,Regular,Open
250477001520,MA-0093-00930038,2504770,MA-0093,KG,08,Lafayette School,Everett,Middlesex County,117 Edith Street,Everett,MA,02149,,(617)394-2450,21,"Suburban, Large",No,998.00000,90.91000,10.9800000,?,?,692.00000,Regular,Open
251323002226,MA-0348-03480145,2513230,MA-0348,KG,06,Lake View,Worcester,Worcester County,133 Coburn Avenue,Worcester,MA,01604,,(508)799-3536,12,"City, Midsize",No,284.00000,19.60000,14.4900000,?,?,165.00000,Regular,Open
250303001755,MA-0625-06250050,2503030,MA-0625,02,04,Laliberte Elementary School,Bridgewater-Raynham,Bristol County,777 Pleasant Street,Raynham,MA,02767,,(508)824-2731,21,"Suburban, Large",No,543.00000,30.10000,18.0400000,?,?,153.00000,Regular,Open
250366000501,MA-0061-00610040,2503660,MA-0061,PK,05,Lambert-Lavoie,Chicopee,Hampden County,99 Kendall Street,Chicopee,MA,01020,,(413)594-3444,21,"Suburban, Large",No,246.00000,24.21000,10.1600000,?,?,151.00000,Regular,Open
250816002887,MA-0715-07150005,2508160,MA-0715,PK,06,Lanesborough Elementary,Mount Greylock,Berkshire County,188 Summer Street,Lanesborough,MA,01237,,(413)443-0027,41,"Rural, Fringe",No,231.00000,21.80000,10.6000000,?,?,84.00000,Regular,Open
250702002726,MA-0160-01600085,2507020,MA-0160,05,08,Laura Lee Therapeutic Day School,Lowell,Middlesex County,235 Powell Street,Lowell,MA,01851,,(978)937-7655,21,"Suburban, Large",No,15.00000,5.50000,2.7300000,?,?,12.00000,Regular,Open
250666000471,MA-0149-01490002,2506660,MA-0149,PK,KG,Lawlor Early Childhood Center,Lawrence,Essex County,41 Lexington Street,Lawrence,MA,01841,,(978)975-5956,21,"Suburban, Large",No,205.00000,16.50000,12.4200000,?,?,181.00000,Regular,Open
250486000687,MA-0096-00960405,2504860,MA-0096,07,08,Lawrence,Falmouth,Barnstable County,113 Lakeview Avenue,Falmouth,MA,02540,2896,(508)548-0606,21,"Suburban, Large",No,474.00000,48.80000,9.7100000,?,?,188.00000,Regular,Open
250315000420,MA-0046-00460030,2503150,MA-0046,KG,08,Lawrence,Brookline,Norfolk County,27 Francis Street,Brookline,MA,02446,,(617)879-4303,21,"Suburban, Large",No,630.00000,45.00000,14.0000000,?,?,60.00000,Regular,Open
250003200553,MA-0454-04540205,2500032,MA-0454,PK,08,Lawrence Family Development Charter School,Lawrence Family Development Charter,Essex County,34 West Street,Lawrence,MA,01841,,(978)689-9863,21,"Suburban, Large",Yes,899.00000,70.00000,12.8400000,?,?,660.00000,Regular,Open
250666002815,MA-0149-01490011,2506660,MA-0149,PK,KG,Lawrence Family Public Academy,Lawrence,Essex County,526 Lowell Street,Lawrence,MA,01841,,(978)722-8030,21,"Suburban, Large",No,202.00000,20.50000,9.8500000,?,?,178.00000,Regular,Open
250666002856,MA-0149-01490515,2506660,MA-0149,09,12,Lawrence High School,Lawrence,Essex County,70-71 North Parish Road,Lawrence,MA,01843,,(978)975-2750,21,"Suburban, Large",No,3453.00000,253.20000,13.6400000,?,?,2834.00000,Regular,Open
251284002114,MA-0336-03360065,2512840,MA-0336,KG,05,Lawrence W Pingree,Weymouth,Norfolk County,1250 Commercial Street,Weymouth,MA,02189,,(781)337-2974,21,"Suburban, Large",No,266.00000,19.79000,13.4400000,?,?,98.00000,Regular,Open
250004500817,MA-0486-04860105,2500045,MA-0486,KG,08,Learning First Charter Public School,Learning First Charter Public School,Worcester County,50 Richland St,Worcester,MA,01610,,(774)420-7650,12,"City, Midsize",Yes,666.00000,35.00000,19.0300000,?,?,518.00000,Regular,Open
250702002732,MA-0160-01600320,2507020,MA-0160,09,12,Leblanc Therapeutic Day School,Lowell,Middlesex County,58 Sycamore Street,Lowell,MA,01852,,(978)970-5467,21,"Suburban, Large",No,36.00000,6.55000,5.5000000,?,?,32.00000,Regular,Open
250279001768,MA-0035-00350001,2502790,MA-0035,PK,03,Lee Academy,Boston,Suffolk County,25 Dunbar Avenue,Dorchester,MA,02124,,(617)635-8618,11,"City, Large",No,195.00000,17.27000,11.2900000,?,?,152.00000,Regular,Open
250669000969,MA-0150-01500025,2506690,MA-0150,PK,06,Lee Elementary,Lee,Berkshire County,310 Greylock Street,Lee,MA,01238,,(413)243-0336,31,"Town, Fringe",No,331.00000,35.10000,9.4300000,?,?,141.00000,Regular,Open
250279000273,MA-0035-00350183,2502790,MA-0035,PK,08,Lee K-8 School,Boston,Suffolk County,155 Talbot Avenue,Dorchester,MA,02124,,(617)635-8687,11,"City, Large",No,551.00000,59.10000,9.3200000,?,?,471.00000,Regular,Open
250669000970,MA-0150-01500505,2506690,MA-0150,07,12,Lee Middle/High School,Lee,Berkshire County,300 Greylock Street,Lee,MA,01238,,(413)243-2781,31,"Town, Fringe",No,328.00000,35.80000,9.1600000,?,?,136.00000,Regular,Open
250885001431,MA-0210-02100025,2508850,MA-0210,PK,05,Leeds,Northampton,Hampshire County,20 Florence Street,Leeds,MA,01053,,(413)587-1532,13,"City, Small",No,253.00000,27.67000,9.1400000,?,?,83.00000,Regular,Open
250672000971,MA-0151-01510005,2506720,MA-0151,KG,04,Leicester Elementary,Leicester,Worcester County,170 Paxton Street,Leicester,MA,01524,,(508)892-7050,21,"Suburban, Large",No,467.00000,33.70000,13.8600000,?,?,202.00000,Regular,Open
250672000972,MA-0151-01510505,2506720,MA-0151,09,12,Leicester High,Leicester,Worcester County,964 Main Street,Leicester,MA,01524,,(508)892-7030,21,"Suburban, Large",No,388.00000,36.32000,10.6800000,?,?,154.00000,Regular,Open
250672002911,MA-0151-01510001,2506720,MA-0151,PK,PK,Leicester Integrated Preschool,Leicester,Worcester County,174 Paxton Street,Leicester,MA,01524,,(508)892-7050,21,"Suburban, Large",No,45.00000,3.30000,13.6400000,?,?,11.00000,Regular,Open
250672000973,MA-0151-01510015,2506720,MA-0151,05,08,Leicester Middle,Leicester,Worcester County,174 Paxton Street,Leicester,MA,01524,,(508)892-7030,21,"Suburban, Large",No,394.00000,30.85000,12.7700000,?,?,155.00000,Regular,Open
250675000978,MA-0152-01520505,2506750,MA-0152,06,12,Lenox Memorial High,Lenox,Berkshire County,197 East Street,Lenox,MA,01240,,(413)637-5560,31,"Town, Fringe",No,439.00000,57.91000,7.5800000,?,?,92.00000,Regular,Open
250678002954,MA-0153-01530705,2506780,MA-0153,10,12,Leominster Academy,Leominster,Worcester County,236 Lancaster Street,Leominster,MA,01453,,(978)534-7740,22,"Suburban, Midsize",No,32.00000,1.99000,16.0800000,?,?,22.00000,Regular,Open
250678002779,MA-0153-01530515,2506780,MA-0153,09,12,Leominster Center for Excellence,Leominster,Worcester County,236 Lancaster Street,Leominster,MA,01453,,(978)534-7740,22,"Suburban, Midsize",No,65.00000,7.33000,8.8700000,?,?,44.00000,Regular,Open
250678000987,MA-0153-01530505,2506780,MA-0153,09,12,Leominster High School,Leominster,Worcester County,122 Granite Street,Leominster,MA,01453,,(978)534-7715,22,"Suburban, Midsize",No,1060.00000,100.08000,10.5900000,?,?,511.00000,Regular,Open
250666002766,MA-0149-01490090,2506660,MA-0149,06,08,Leonard Middle School,Lawrence,Essex County,60 Allen Street,Lawrence,MA,01841,,(978)722-8159,21,"Suburban, Large",No,310.00000,22.50000,13.7800000,?,?,265.00000,Regular,Open
251188001488,MA-0775-07750032,2511880,MA-0775,KG,05,Leroy E.Mayo,Wachusett,Worcester County,351 Bullard Street,Holden,MA,01520,,(508)829-3203,21,"Suburban, Large",No,472.00000,34.59000,13.6500000,?,?,66.00000,Regular,Open
250480000645,MA-0094-00940030,2504800,MA-0094,PK,05,Leroy Wood,Fairhaven,Bristol County,60 Sconticut Neck Road,Fairhaven,MA,02719,,(508)979-4073,22,"Suburban, Midsize",No,428.00000,30.70000,13.9400000,?,?,174.00000,Regular,Open
250483002656,MA-0095-00950013,2504830,MA-0095,KG,05,Letourneau Elementary School,Fall River,Bristol County,323 Anthony Street,Fall River,MA,02721,,(508)676-2170,21,"Suburban, Large",No,566.00000,41.26000,13.7200000,?,?,464.00000,Regular,Open
250681000992,MA-0154-01540005,2506810,MA-0154,PK,06,Leverett Elementary,Leverett,Franklin County,85 Montague Rd,Leverett,MA,01054,,(413)548-9144,41,"Rural, Fringe",No,137.00000,15.65000,8.7500000,?,?,27.00000,Regular,Open
250684002829,MA-0155-01550001,2506840,MA-0155,PK,PK,Lexington Children's Place,Lexington,Middlesex County,20 Pelham Rd,Lexington,MA,02421,,(781)860-5823,21,"Suburban, Large",No,70.00000,9.00000,7.7800000,?,?,9.00000,Regular,Open
250684001001,MA-0155-01550505,2506840,MA-0155,09,12,Lexington High,Lexington,Middlesex County,251 Waltham Street,Lexington,MA,02421,,(781)861-2320,21,"Suburban, Large",No,2405.00000,210.53000,11.4200000,?,?,203.00000,Regular,Open
250058602878,MA-3514-35140305,2500586,MA-3514,06,12,Libertas Academy Charter School,Libertas Academy Charter School,Hampden County,146 Chestnut Street,Springfield,MA,01103,,(413)342-5510,12,"City, Midsize",Yes,563.00000,72.48000,7.7700000,?,?,477.00000,Regular,Open
251113001814,MA-0281-02810115,2511130,MA-0281,PK,05,Liberty,Springfield,Hampden County,962 Carew Street,Springfield,MA,01104,,(413)787-7299,12,"City, Midsize",No,238.00000,19.45000,12.2400000,?,?,202.00000,Regular,Open
250294000368,MA-0040-00400025,2502940,MA-0040,KG,04,Liberty,Braintree,Norfolk County,49 Proctor Rd,Braintree,MA,02184,,(781)380-0210,21,"Suburban, Large",No,367.00000,27.77000,13.2200000,?,?,95.00000,Regular,Open
251113002734,MA-0281-02810560,2511130,MA-0281,09,12,Liberty Preparatory Academy,Springfield,Hampden County,Alderman Bldg 37 Alderman Street,Springfield,MA,01108,,(413)750-2484,12,"City, Midsize",No,6.00000,3.83000,1.5700000,?,?,?,Regular,Open
250834001299,MA-0198-01980035,2508340,MA-0198,KG,04,Lilja Elementary,Natick,Middlesex County,41 Bacon Street,Natick,MA,01760,,(508)647-6570,21,"Suburban, Large",No,445.00000,37.84000,11.7600000,?,?,79.00000,Regular,Open
250642000932,MA-0142-01420015,2506420,MA-0142,PK,07,Lillian M Jacobs,Hull,Plymouth County,18 Harborview Rd,Hull,MA,02045,,(781)925-4400,21,"Suburban, Large",No,434.00000,48.27000,8.9900000,?,?,145.00000,Regular,Open
250762001192,MA-0178-01780020,2507620,MA-0178,KG,05,Lincoln,Melrose,Middlesex County,80 West Wyoming Avenue,Melrose,MA,02176,,(781)979-2250,21,"Suburban, Large",No,404.00000,31.00000,13.0300000,?,?,106.00000,Regular,Open
251113001815,MA-0281-02810120,2511130,MA-0281,PK,05,Lincoln,Springfield,Hampden County,255 Plainfield Street,Springfield,MA,01107,,(413)787-7314,12,"City, Midsize",No,431.00000,33.35000,12.9200000,?,?,403.00000,Regular,Open
251311002165,MA-0344-03440005,2513110,MA-0344,KG,05,Lincoln Elementary,Winchester,Middlesex County,161 Mystic Valley Parkway,Winchester,MA,01890,2705,(781)721-7017,21,"Suburban, Large",No,334.00000,30.10000,11.1000000,?,?,10.00000,Regular,Open
250690001183,MA-0157-01570025,2506900,MA-0157,PK,08,Lincoln School,Lincoln,Middlesex County,6 Ballfield Rd,Lincoln,MA,01773,,(781)259-9404,21,"Suburban, Large",No,546.00000,58.71000,9.3000000,?,?,94.00000,Regular,Open
250678001947,MA-0153-01530005,2506780,MA-0153,PK,PK,Lincoln School,Leominster,Worcester County,100 DeCicco Drive,Leominster,MA,01453,,(978)534-7761,22,"Suburban, Midsize",No,46.00000,3.67000,12.5300000,?,?,31.00000,Regular,Open
250888001437,MA-0213-02130003,2508880,MA-0213,KG,05,Lincoln Street,Northborough,Worcester County,76 Lincoln Street,Northborough,MA,01532,,(508)351-7030,21,"Suburban, Large",No,268.00000,20.47000,13.0900000,?,?,46.00000,Regular,Open
251323002229,MA-0348-03480160,2513230,MA-0348,KG,06,Lincoln Street,Worcester,Worcester County,549 Lincoln Street,Worcester,MA,01605,,(508)799-3504,12,"City, Midsize",No,177.00000,18.46000,9.5900000,?,?,152.00000,Regular,Open
250861001370,MA-0207-02070070,2508610,MA-0207,KG,05,Lincoln-Eliot,Newton,Middlesex County,191 Pearl Street,Newton,MA,02458,,(617)559-9540,13,"City, Small",No,336.00000,35.80000,9.3900000,?,?,101.00000,Regular,Open
250987001571,MA-0243-02430035,2509870,MA-0243,KG,04,Lincoln-Hancock Community School,Quincy,Norfolk County,300 Granite Street,Quincy,MA,02169,,(617)984-8715,21,"Suburban, Large",No,565.00000,45.20000,12.5000000,?,?,320.00000,Regular,Open
250693001011,MA-0695-06950505,2506930,MA-0695,09,12,Lincoln-Sudbury Regional High,Lincoln-Sudbury,Middlesex County,390 Lincoln Rd,Sudbury,MA,01776,,(978)443-9961,41,"Rural, Fringe",No,1445.00000,127.59000,11.3300000,?,?,131.00000,Regular,Open
250711001079,MA-0163-01630070,2507110,MA-0163,KG,05,Lincoln-Thomson,Lynn,Essex County,115 Gardiner Street,Lynn,MA,01905,,(781)477-7460,21,"Suburban, Large",No,219.00000,21.60000,10.1400000,?,?,154.00000,Regular,Open
250717001361,MA-0165-01650047,2507170,MA-0165,KG,08,Linden,Malden,Middlesex County,29 Wescott Street,Malden,MA,02148,,(781)397-7218,21,"Suburban, Large",No,813.00000,59.50000,13.6600000,?,?,427.00000,Regular,Open
251320002187,MA-0347-03470025,2513200,MA-0347,KG,05,Linscott-Rumford,Woburn,Middlesex County,86 Elm Street,Woburn,MA,01801,,(781)937-8239,21,"Suburban, Large",No,209.00000,14.08000,14.8400000,?,?,75.00000,Regular,Open
250906002968,MA-0220-02200001,2509060,MA-0220,PK,PK,Little Mustangs Preschool Academy (LMPA),Norwood,Norfolk County,275 Prospect Street,Norwood,MA,02062,,(781)440-5802,21,"Suburban, Large",No,129.00000,7.50000,17.2000000,?,?,38.00000,Regular,New
250696001012,MA-0158-01580505,2506960,MA-0158,09,12,Littleton High School,Littleton,Middlesex County,56 King Street,Littleton,MA,01460,4486,(978)952-2555,21,"Suburban, Large",No,482.00000,36.82000,13.0900000,?,?,38.00000,Regular,Open
250696001628,MA-0158-01580305,2506960,MA-0158,06,08,Littleton Middle School,Littleton,Middlesex County,55 Russell Street,Littleton,MA,01460,4486,(978)486-8938,21,"Suburban, Large",No,373.00000,28.90000,12.9100000,?,?,36.00000,Regular,Open
250516000761,MA-0672-06720143,2505160,MA-0672,PK,05,Littleville Elementary School,Gateway,Hampshire County,4 Littleville Road,Huntington,MA,01050,,(413)685-1300,42,"Rural, Distant",No,260.00000,25.50000,10.2000000,?,?,119.00000,Regular,Open
250366000502,MA-0061-00610022,2503660,MA-0061,KG,05,Litwin,Chicopee,Hampden County,135 Litwin Lane,Chicopee,MA,01020,,(413)594-3545,21,"Suburban, Large",No,343.00000,28.12000,12.2000000,?,?,231.00000,Regular,Open
250267000182,MA-0031-00310310,2502670,MA-0031,05,07,Locke Middle,Billerica,Middlesex County,110 Allen Rd,Billerica,MA,01821,,(978)528-8650,21,"Suburban, Large",No,531.00000,48.85000,10.8700000,?,?,116.00000,Regular,Open
251221000153,MA-0315-03150020,2512210,MA-0315,KG,05,Loker School,Wayland,Middlesex County,47 Loker Street,Wayland,MA,01778,4599,(508)358-8601,21,"Suburban, Large",No,359.00000,28.86000,12.4400000,?,?,18.00000,Regular,Open
250699001020,MA-0159-01590505,2506990,MA-0159,09,12,Longmeadow High,Longmeadow,Hampden County,95 Grassy Gutter Rd,Longmeadow,MA,01106,2087,(413)565-4220,21,"Suburban, Large",No,897.00000,79.44000,11.2900000,?,?,109.00000,Regular,Open
250309001132,MA-0044-00440065,2503090,MA-0044,KG,05,Louis F Angelo Elementary,Brockton,Plymouth County,472 North Main Street,Brockton,MA,02301,3512,(508)894-4501,21,"Suburban, Large",No,875.00000,54.10000,16.1700000,?,?,666.00000,Regular,Open
251293000190,MA-0780-07800010,2512930,MA-0780,KG,05,Louise A Conley,Whitman-Hanson,Plymouth County,100 Forest Street,Whitman,MA,02382,,(781)618-7050,21,"Suburban, Large",No,488.00000,30.43000,16.0400000,?,?,175.00000,Regular,Open
250006501585,MA-0456-04560050,2500065,MA-0456,PK,08,Lowell Community Charter Public School,Lowell Community Charter Public,Middlesex County,206 Jackson Street,Lowell,MA,01852,,(978)323-0800,21,"Suburban, Large",Yes,816.00000,67.86000,12.0200000,?,?,531.00000,Regular,Open
250702001041,MA-0160-01600505,2507020,MA-0160,09,12,Lowell High,Lowell,Middlesex County,50 Father Morrissette Boulevard,Lowell,MA,01852,,(978)937-8900,21,"Suburban, Large",No,3446.00000,232.32000,14.8300000,?,?,2357.00000,Regular,Open
250003300555,MA-0458-04580505,2500033,MA-0458,09,12,Lowell Middlesex Academy Charter School,Lowell Middlesex Academy Charter,Middlesex County,67 Middle Street,Lowell,MA,01852,,(978)656-3165,21,"Suburban, Large",Yes,126.00000,7.00000,18.0000000,?,?,108.00000,Regular,Open
250627000907,MA-0137-01370055,2506270,MA-0137,06,08,Lt Clayre Sullivan Elementary,Holyoke,Hampden County,400 Jarvis Avenue,Holyoke,MA,01040,,(413)534-2060,21,"Suburban, Large",No,463.00000,44.50000,10.4000000,?,?,375.00000,Regular,Open
250240000131,MA-0023-00230010,2502400,MA-0023,PK,02,Lt Eleazer Davis,Bedford,Middlesex County,410 Davis Rd,Bedford,MA,01730,,(781)275-6804,21,"Suburban, Large",No,501.00000,44.50000,11.2600000,?,?,78.00000,Regular,Open
250627000908,MA-0137-01370015,2506270,MA-0137,PK,05,Lt Elmer J McMahon Elementary,Holyoke,Hampden County,75 Kane Rd,Holyoke,MA,01040,,(413)534-2062,21,"Suburban, Large",No,317.00000,30.00000,10.5700000,?,?,252.00000,Regular,Open
250240000132,MA-0023-00230012,2502400,MA-0023,03,05,Lt Job Lane School,Bedford,Middlesex County,66 Sweetwater Avenue,Bedford,MA,01730,,(781)275-7606,21,"Suburban, Large",No,540.00000,45.84000,11.7800000,?,?,72.00000,Regular,Open
250330000455,MA-0050-00500012,2503300,MA-0050,KG,05,Lt Peter M Hansen,Canton,Norfolk County,25 Pecunit Street,Canton,MA,02021,,(781)821-5085,21,"Suburban, Large",No,538.00000,39.45000,13.6400000,?,?,108.00000,Regular,Open
250726002926,MA-0168-01680030,2507260,MA-0168,PK,03,Lucretia and Joseph Brown School,Marblehead,Essex County,40 Baldwin Road,Marblehead,MA,01945,,(781)629-3112,21,"Suburban, Large",No,445.00000,34.60000,12.8600000,?,?,60.00000,Regular,Open
250705001056,MA-0161-01610505,2507050,MA-0161,09,12,Ludlow Senior High,Ludlow,Hampden County,500 Chapin Street,Ludlow,MA,01056,2597,(413)589-9001,21,"Suburban, Large",No,736.00000,66.30000,11.1000000,?,?,239.00000,Regular,Open
250708001058,MA-0162-01620505,2507080,MA-0162,09,12,Lunenburg High,Lunenburg,Worcester County,1079 Massachusetts Avenue,Lunenburg,MA,01462,1432,(978)582-4115,22,"Suburban, Midsize",No,452.00000,36.47000,12.3900000,?,?,99.00000,Regular,Open
250708002870,MA-0162-01620305,2507080,MA-0162,06,08,Lunenburg Middle School,Lunenburg,Worcester County,1079 Massachusetts Avenue,Lunenburg,MA,01462,,(978)582-4710,22,"Suburban, Midsize",No,382.00000,25.08000,15.2300000,?,?,79.00000,Regular,Open
250708001957,MA-0162-01620010,2507080,MA-0162,PK,02,Lunenburg Primary School,Lunenburg,Worcester County,1401 Massachusetts Avenue,Lunenburg,MA,01462,,(978)582-4122,41,"Rural, Fringe",No,374.00000,23.50000,15.9100000,?,?,96.00000,Regular,Open
250054202731,MA-0616-06160001,2500542,MA-0616,KG,05,Lura A. White Elementary School,Ayer Shirley School District,Middlesex County,34 Lancaster Road,Shirley,MA,01464,,(978)772-8600,21,"Suburban, Large",No,357.00000,31.00000,11.5200000,?,?,111.00000,Regular,Open
250831000947,MA-0725-07250305,2508310,MA-0725,06,08,Luther Burbank Middle School,Nashoba,Worcester County,1 Hollywood Drive,Lancaster,MA,01523,,(978)365-4558,41,"Rural, Fringe",No,245.00000,23.35000,10.4900000,?,?,50.00000,Regular,Open
250171000009,MA-0600-06000030,2501710,MA-0600,KG,06,Luther Conant School,Acton-Boxborough,Middlesex County,80 Taylor Road,Acton,MA,01720,,(978)266-2550,21,"Suburban, Large",No,410.00000,33.00000,12.4200000,?,?,34.00000,Regular,Open
251311002166,MA-0344-03440020,2513110,MA-0344,PK,05,Lynch Elementary,Winchester,Middlesex County,10 Brantwood Road,Winchester,MA,01890,1799,(781)721-7013,21,"Suburban, Large",No,426.00000,39.60000,10.7600000,?,?,46.00000,Regular,Open
250279000692,MA-0035-00350262,2502790,MA-0035,PK,08,Lyndon K-8 School,Boston,Suffolk County,20 Mt. Vernon Street,West Roxbury,MA,02132,,(617)635-6824,11,"City, Large",No,512.00000,42.00000,12.1900000,?,?,153.00000,Regular,Open
250711001080,MA-0163-01630510,2507110,MA-0163,09,12,Lynn English High,Lynn,Essex County,50 Goodridge Street,Lynn,MA,01902,,(781)477-7366,21,"Suburban, Large",No,2062.00000,137.39000,15.0100000,?,?,1553.00000,Regular,Open
250711002277,MA-0163-01630605,2507110,MA-0163,PK,12,Lynn Vocational Technical Institute,Lynn,Essex County,80 Neptune Blvd,Lynn,MA,01902,,(781)477-7431,21,"Suburban, Large",No,1584.00000,130.47000,12.1400000,?,?,1077.00000,Vocational,Open
250711001081,MA-0163-01630075,2507110,MA-0163,KG,05,Lynn Woods,Lynn,Essex County,31 Trevett Avenue,Lynn,MA,01904,,(781)477-7433,21,"Suburban, Large",No,153.00000,16.07000,9.5200000,?,?,68.00000,Regular,Open
250714001090,MA-0164-01640505,2507140,MA-0164,09,12,Lynnfield High,Lynnfield,Essex County,275 Essex Street,Lynnfield,MA,01940,1276,(781)334-5820,21,"Suburban, Large",No,588.00000,49.06000,11.9900000,?,?,68.00000,Regular,Open
250714001091,MA-0164-01640405,2507140,MA-0164,05,08,Lynnfield Middle School,Lynnfield,Essex County,505 Main Street,Lynnfield,MA,01940,1789,(781)334-5810,21,"Suburban, Large",No,698.00000,55.00000,12.6900000,?,?,64.00000,Regular,Open
250714002617,MA-0164-01640005,2507140,MA-0164,PK,PK,Lynnfield Preschool,Lynnfield,Essex County,262 Summer Street,Lynnfield,MA,01940,,(781)581-5140,21,"Suburban, Large",No,36.00000,3.00000,12.0000000,?,?,9.00000,Regular,Open
250279002674,MA-0035-00350655,2502790,MA-0035,09,12,Lyon High School,Boston,Suffolk County,95 Beechcroft Street,Brighton,MA,02135,,(617)635-8351,11,"City, Large",No,95.00000,14.17000,6.7000000,?,?,75.00000,Regular,Open
250279002458,MA-0035-00350004,2502790,MA-0035,KG,08,Lyon K-8 School,Boston,Suffolk County,50 Beechcroft Street,Brighton,MA,02135,,(617)635-7945,11,"City, Large",No,143.00000,21.12000,6.7700000,?,?,98.00000,Regular,Open
250198000062,MA-0010-00100055,2501980,MA-0010,KG,05,M Norcross Stratton,Arlington,Middlesex County,180 Mountain Avenue,Arlington,MA,02474,,(781)316-3754,21,"Suburban, Large",No,448.00000,36.66000,12.2200000,?,?,59.00000,Regular,Open
250003600576,MA-0468-04680505,2500036,MA-0468,11,12,Ma Academy for Math and Science School,Ma Academy for Math and Science,Worcester County,85 Prescott Street,Worcester,MA,01605,,(508)831-5859,12,"City, Midsize",No,99.00000,6.00000,16.5000000,?,?,?,Regular,Open
250495000710,MA-0099-00990015,2504950,MA-0099,PK,04,Mabelle M Burrell,Foxborough,Norfolk County,16 Morse Street,Foxborough,MA,02035,,(508)543-1605,21,"Suburban, Large",No,339.00000,26.69000,12.7000000,?,?,65.00000,Regular,Open
250756001638,MA-0176-01760315,2507560,MA-0176,06,08,Madeleine Dugger Andrews,Medford,Middlesex County,3000 Mystic Valley Pkwy,Medford,MA,02155,,(781)393-2228,21,"Suburban, Large",No,435.00000,48.52000,8.9700000,?,?,128.00000,Regular,Open
250477002033,MA-0093-00930018,2504770,MA-0093,KG,08,Madeline English School,Everett,Middlesex County,105 Woodville Street,Everett,MA,02149,,(617)394-5013,21,"Suburban, Large",No,760.00000,68.88000,11.0300000,?,?,553.00000,Regular,Open
250279000282,MA-0035-00350537,2502790,MA-0035,09,12,Madison Park Technical Vocational High School,Boston,Suffolk County,75 Malcolm X Blvd,Roxbury,MA,02120,,(617)635-8970,11,"City, Large",No,1121.00000,118.80000,9.4400000,?,?,943.00000,Vocational,Open
251239002034,MA-0322-03220005,2512390,MA-0322,PK,05,Major Edwards Elementary,West Boylston,Worcester County,70 Crescent Street,West Boylston,MA,01583,1099,(508)835-4461,21,"Suburban, Large",No,462.00000,33.63000,13.7400000,?,?,119.00000,Regular,Open
251077002496,MA-0271-02710005,2510770,MA-0271,KG,04,Major Howard W. Beal School,Shrewsbury,Worcester County,214 Lake St,Shrewsbury,MA,01545,,(508)841-8860,21,"Suburban, Large",No,623.00000,48.01000,12.9800000,?,?,147.00000,Regular,Open
251320002188,MA-0347-03470055,2513200,MA-0347,KG,05,Malcolm White,Woburn,Middlesex County,36 Bow Street,Woburn,MA,01801,,(781)937-8242,21,"Suburban, Large",No,323.00000,30.18000,10.7000000,?,?,163.00000,Regular,Open
250717002046,MA-0165-01650049,2507170,MA-0165,PK,PK,Malden Early Learning Center,Malden,Middlesex County,240 Mountain Avenue,Malden,MA,02148,,(781)397-7025,21,"Suburban, Large",No,238.00000,24.00000,9.9200000,?,?,116.00000,Regular,Open
250717001106,MA-0165-01650505,2507170,MA-0165,09,12,Malden High,Malden,Middlesex County,77 Salem Street,Malden,MA,02148,,(781)397-6000,21,"Suburban, Large",No,1890.00000,117.68000,16.0600000,?,?,1204.00000,Regular,Open
250006701109,MA-0698-06980510,2500067,MA-0698,09,12,Manchester Essex Regional High School,Manchester Essex Regional,Essex County,36 Lincoln Street,Manchester,MA,01944,,(978)526-4412,21,"Suburban, Large",No,392.00000,39.05000,10.0400000,?,?,56.00000,Regular,Open
250006702653,MA-0698-06980030,2500067,MA-0698,06,08,Manchester Essex Regional Middle School,Manchester Essex Regional,Essex County,36 Lincoln Street,Manchester,MA,01944,,(978)526-2022,21,"Suburban, Large",No,279.00000,30.25000,9.2200000,?,?,34.00000,Regular,Open
250006701110,MA-0698-06980010,2500067,MA-0698,PK,05,Manchester Memorial Elementary,Manchester Essex Regional,Essex County,43 Lincoln Street,Manchester,MA,01944,,(978)526-1908,21,"Suburban, Large",No,304.00000,30.70000,9.9000000,?,?,25.00000,Regular,Open
250279000274,MA-0035-00350184,2502790,MA-0035,PK,06,Manning Elementary School,Boston,Suffolk County,130 Louders Lane,Jamaica Plain,MA,02130,,(617)635-8102,11,"City, Large",No,159.00000,14.80000,10.7400000,?,?,36.00000,Regular,Open
250972001543,MA-0239-02390015,2509720,MA-0239,KG,05,Manomet Elementary,Plymouth,Plymouth County,70 Manomet Point Rd,Plymouth,MA,02360,,(508)830-4380,21,"Suburban, Large",No,263.00000,21.03000,12.5100000,?,?,92.00000,Regular,Open
250723001114,MA-0167-01670505,2507230,MA-0167,09,12,Mansfield High,Mansfield,Bristol County,250 East Street,Mansfield,MA,02048,,(508)261-7540,21,"Suburban, Large",No,1002.00000,90.63000,11.0600000,?,?,188.00000,Regular,Open
250309002655,MA-0044-00440003,2503090,MA-0044,PK,05,Manthala George Jr. School,Brockton,Plymouth County,180 Colonel Bell Drive,Brockton,MA,02301,,(508)580-7913,21,"Suburban, Large",No,838.00000,46.40000,18.0600000,?,?,582.00000,Regular,Open
250058902885,MA-3517-35170505,2500589,MA-3517,09,12,Map Academy Charter School,Map Academy Charter School,Plymouth County,11 Resnik Road,Plymouth,MA,02360,,(508)830-9500,21,"Suburban, Large",Yes,301.00000,27.30000,11.0300000,?,?,191.00000,Other/Alternative,Open
250450000604,MA-0087-00870010,2504500,MA-0087,03,05,Mapleshade,East Longmeadow,Hampden County,175 Mapleshade Avenue,East Longmeadow,MA,01028,,(413)525-5485,21,"Suburban, Large",No,297.00000,23.23000,12.7900000,?,?,92.00000,Regular,Open
250633000918,MA-0139-01390005,2506330,MA-0139,KG,01,Marathon Elementary School,Hopkinton,Middlesex County,129 Hayden Rowe Street,Hopkinton,MA,01748,,(508)497-9875,21,"Suburban, Large",No,545.00000,43.63000,12.4900000,?,?,44.00000,Regular,Open
250003400567,MA-0464-04640305,2500034,MA-0464,04,08,Marblehead Community Charter Public School,Marblehead Community Charter Public,Essex County,17 Lime Street,Marblehead,MA,01945,,(781)631-0777,21,"Suburban, Large",Yes,192.00000,16.00000,12.0000000,?,?,55.00000,Regular,Open
250726001124,MA-0168-01680505,2507260,MA-0168,09,12,Marblehead High,Marblehead,Essex County,2 Humphrey Street,Marblehead,MA,01945,,(781)639-3100,21,"Suburban, Large",No,861.00000,80.10000,10.7500000,?,?,92.00000,Regular,Open
250726001789,MA-0168-01680300,2507260,MA-0168,07,08,Marblehead Veterans Middle School,Marblehead,Essex County,217 Pleasant Street,Marblehead,MA,01945,,(781)639-3120,21,"Suburban, Large",No,411.00000,38.20000,10.7600000,?,?,51.00000,Regular,Open
251098001760,MA-0276-02760020,2510980,MA-0276,04,05,Margaret A Neary,Southborough,Worcester County,53 Parkerville Road,Southborough,MA,01772,,(508)481-2300,21,"Suburban, Large",No,275.00000,19.00000,14.4700000,?,?,17.00000,Regular,Open
251113001817,MA-0281-02810060,2511130,MA-0281,PK,PK,Margaret C Ells,Springfield,Hampden County,319 Cortland Street,Springfield,MA,01109,,(413)787-7345,12,"City, Midsize",No,141.00000,18.30000,7.7000000,?,?,115.00000,Regular,Open
250993001592,MA-0244-02440015,2509930,MA-0244,KG,05,Margaret L Donovan,Randolph,Norfolk County,123 Reed Street,Randolph,MA,02368,,(781)961-6248,41,"Rural, Fringe",No,415.00000,35.24000,11.7800000,?,?,258.00000,Regular,Open
250279002753,MA-0035-00350549,2502790,MA-0035,07,12,Margarita Muniz Academy,Boston,Suffolk County,20 Child Street,Boston,MA,02130,,(617)470-6907,11,"City, Large",No,428.00000,46.91000,9.1200000,?,?,385.00000,Regular,Open
250888001438,MA-0213-02130014,2508880,MA-0213,KG,05,Marguerite E Peaslee,Northborough,Worcester County,31 Maple Street,Northborough,MA,01532,,(508)351-7035,21,"Suburban, Large",No,267.00000,21.71000,12.3000000,?,?,50.00000,Regular,Open
250414000561,MA-0645-06450015,2504140,MA-0645,PK,03,Marguerite E Small Elementary,Dennis-Yarmouth,Barnstable County,440 Higgins Crowell Rd,West Yarmouth,MA,02673,2512,(508)778-7975,21,"Suburban, Large",No,302.00000,31.00000,9.7400000,?,?,202.00000,Regular,Open
250684000473,MA-0155-01550035,2506840,MA-0155,KG,05,Maria Hastings,Lexington,Middlesex County,7 Crosby Road,Lexington,MA,02421,,(781)860-5800,21,"Suburban, Large",No,579.00000,55.98000,10.3400000,?,?,64.00000,Regular,Open
250327000435,MA-0049-00490005,2503270,MA-0049,PK,05,Maria L. Baldwin,Cambridge,Middlesex County,85 Oxford Street,Cambridge,MA,02138,,(617)349-6525,12,"City, Midsize",No,360.00000,32.80000,10.9800000,?,?,62.00000,Regular,Open
251284002948,MA-0336-03360020,2512840,MA-0336,06,08,Maria Weston Chapman Middle School,Weymouth,Norfolk County,1051 Commercial Street,Weymouth,MA,02189,,(781)337-4500,21,"Suburban, Large",No,1187.00000,106.60000,11.1400000,?,?,507.00000,Regular,Open
250279002721,MA-0035-00350656,2502790,MA-0035,PK,08,Mario Umana Academy,Boston,Suffolk County,312 Border Street,East Boston,MA,02128,,(617)635-8481,11,"City, Large",No,634.00000,63.08000,10.0500000,?,?,535.00000,Regular,Open
250888001208,MA-0213-02130020,2508880,MA-0213,KG,05,Marion E Zeh,Northborough,Worcester County,33 Howard Street,Northborough,MA,01532,,(508)351-7048,21,"Suburban, Large",No,249.00000,19.25000,12.9400000,?,?,40.00000,Regular,Open
251146000129,MA-0292-02920017,2511460,MA-0292,PK,02,Mark G Hoyle Elementary,Swansea,Bristol County,70 Community Lane,Swansea,MA,02777,,(508)679-4049,21,"Suburban, Large",No,234.00000,19.85000,11.7900000,?,?,62.00000,Regular,Open
250732001133,MA-0170-01700505,2507320,MA-0170,09,12,Marlborough High,Marlborough,Middlesex County,431 Bolton Street,Marlborough,MA,01752,3992,(508)460-3500,21,"Suburban, Large",No,985.00000,87.49000,11.2600000,?,?,574.00000,Regular,Open
250774001211,MA-0181-01810030,2507740,MA-0181,KG,08,Marsh Grammar School,Methuen,Essex County,309 Pelham Street,Methuen,MA,01844,,(978)722-9076,21,"Suburban, Large",No,996.00000,78.22000,12.7300000,?,?,454.00000,Regular,Open
250267000183,MA-0031-00310305,2502670,MA-0031,05,07,Marshall Middle School,Billerica,Middlesex County,15 Floyd Street,Billerica,MA,01821,,(978)528-8670,21,"Suburban, Large",No,596.00000,50.81000,11.7300000,?,?,171.00000,Regular,Open
250324000429,MA-0048-00480303,2503240,MA-0048,06,08,Marshall Simonds Middle,Burlington,Middlesex County,114 Winn Street,Burlington,MA,01803,,(781)270-1781,21,"Suburban, Large",No,848.00000,73.07000,11.6100000,?,?,164.00000,Regular,Open
250735001142,MA-0171-01710505,2507350,MA-0171,09,12,Marshfield High,Marshfield,Plymouth County,167 Forest Street,Marshfield,MA,02050,,(781)834-5050,21,"Suburban, Large",No,1119.00000,101.90000,10.9800000,?,?,184.00000,Regular,Open
251281002098,MA-0335-03350017,2512810,MA-0335,KG,05,Martha Jones,Westwood,Norfolk County,80 Martha Jones Rd,Westwood,MA,02090,,(781)326-7500,21,"Suburban, Large",No,275.00000,19.45000,14.1400000,?,?,7.00000,Regular,Open
250003500569,MA-0466-04660550,2500035,MA-0466,KG,12,Martha's Vineyard Charter Public School,Martha's Vineyard Charter Public School,Dukes County,PO Box 1150,West Tisbury,MA,02575,,(508)693-9900,41,"Rural, Fringe",Yes,176.00000,23.35000,7.5400000,?,?,64.00000,Regular,Open
250738001145,MA-0700-07000505,2507380,MA-0700,09,12,Martha's Vineyard Regional High,Martha's Vineyard,Dukes County,Box 1385,Oak Bluffs,MA,02557,,(508)693-1033,31,"Town, Fringe",No,744.00000,87.38000,8.5100000,?,?,266.00000,Regular,Open
250993001593,MA-0244-02440040,2509930,MA-0244,KG,05,Martin E Young Elementary,Randolph,Norfolk County,30 Lou Courtney Dr,Randolph,MA,02368,,(781)961-6256,21,"Suburban, Large",No,320.00000,27.93000,11.4600000,?,?,216.00000,Regular,Open
250327000443,MA-0049-00490030,2503270,MA-0049,PK,05,Martin Luther King Jr.,Cambridge,Middlesex County,102 Putnam Avenue,Cambridge,MA,02139,,(617)349-6562,12,"City, Midsize",No,340.00000,33.20000,10.2400000,?,?,67.00000,Regular,Open
250008902127,MA-0492-04920005,2500089,MA-0492,KG,05,Martin Luther King Jr. Charter School of Excellence,Martin Luther King Jr. Charter School of Excellence,Hampden County,285 Dorset Street,Springfield,MA,01108,2821,(413)214-7806,12,"City, Midsize",Yes,354.00000,37.00000,9.5700000,?,?,293.00000,Regular,Open
250735001139,MA-0171-01710025,2507350,MA-0171,KG,05,Martinson Elementary,Marshfield,Plymouth County,275 Forest Street,Marshfield,MA,02050,,(781)834-5025,21,"Suburban, Large",No,445.00000,37.80000,11.7700000,?,?,115.00000,Regular,Open
251113001820,MA-0281-02810125,2511130,MA-0281,PK,05,Mary A. Dryden Veterans Memorial School,Springfield,Hampden County,190 Surrey Rd,Springfield,MA,01118,,(413)787-7248,12,"City, Midsize",No,304.00000,26.45000,11.4900000,?,?,227.00000,Regular,Open
251320002189,MA-0347-03470065,2513200,MA-0347,KG,05,Mary D Altavesta,Woburn,Middlesex County,980 1/2 Main Street,Woburn,MA,01801,,(781)937-8235,21,"Suburban, Large",No,248.00000,24.16000,10.2600000,?,?,132.00000,Regular,Open
251098001761,MA-0276-02760008,2510980,MA-0276,PK,01,Mary E Finn School,Southborough,Worcester County,60 Richards Road,Southborough,MA,01772,,(508)485-3176,21,"Suburban, Large",No,345.00000,31.80000,10.8500000,?,?,38.00000,Regular,Open
250294000367,MA-0040-00400020,2502940,MA-0040,KG,04,Mary E Flaherty School,Braintree,Norfolk County,99 Lakeside Dr,Braintree,MA,02184,,(781)380-0180,21,"Suburban, Large",No,290.00000,27.05000,10.7200000,?,?,82.00000,Regular,Open
250498000726,MA-0100-01000045,2504980,MA-0100,KG,05,Mary E Stapleton Elementary,Framingham,Middlesex County,25 Elm Street,Framingham,MA,01701,3495,(508)626-9143,13,"City, Small",No,359.00000,35.94000,9.9900000,?,?,231.00000,Regular,Open
250309002649,MA-0044-00440002,2503090,MA-0044,KG,05,Mary E. Baker School,Brockton,Plymouth County,45 Quincy Street,Brockton,MA,02302,,(508)894-4427,21,"Suburban, Large",No,769.00000,53.29000,14.4300000,?,?,555.00000,Regular,Open
250483002650,MA-0095-00950011,2504830,MA-0095,PK,05,Mary Fonseca Elementary School,Fall River,Bristol County,160 Wall Street,Fall River,MA,02720,,(508)675-8210,21,"Suburban, Large",No,598.00000,43.00000,13.9100000,?,?,522.00000,Regular,Open
250777002741,MA-0182-01820010,2507770,MA-0182,01,05,Mary K. Goode Elementary School,Middleborough,Plymouth County,31 Mayflower Avenue,Middleborough,MA,02346,,(508)946-2045,21,"Suburban, Large",No,590.00000,38.60000,15.2800000,?,?,214.00000,Regular,Open
250249000146,MA-0026-00260010,2502490,MA-0026,KG,03,Mary Lee Burbank,Belmont,Middlesex County,266 School Street,Belmont,MA,02478,3518,(617)993-5500,21,"Suburban, Large",No,238.00000,17.90000,13.3000000,?,?,23.00000,Regular,Open
251113001818,MA-0281-02810140,2511130,MA-0281,PK,05,Mary M Lynch,Springfield,Hampden County,315 No Branch Pkwy,Springfield,MA,01119,,(413)787-7250,12,"City, Midsize",No,216.00000,18.95000,11.4000000,?,?,188.00000,Regular,Open
251113001829,MA-0281-02810155,2511130,MA-0281,PK,05,Mary M Walsh,Springfield,Hampden County,50 Empress Ct,Springfield,MA,01129,,(413)787-7448,12,"City, Midsize",No,232.00000,27.40000,8.4700000,?,?,190.00000,Regular,Open
251113001819,MA-0281-02810145,2511130,MA-0281,PK,05,Mary O Pottenger,Springfield,Hampden County,1435 Carew Street,Springfield,MA,01104,,(413)787-7266,12,"City, Midsize",No,365.00000,33.40000,10.9300000,?,?,294.00000,Regular,Open
250831000948,MA-0725-07250010,2508310,MA-0725,PK,05,Mary Rowlandson Elementary,Nashoba,Worcester County,103 Hollywood Drive,Lancaster,MA,01523,,(978)368-8482,41,"Rural, Fringe",No,473.00000,38.00000,12.4500000,?,?,102.00000,Regular,Open
250741001146,MA-0705-07050505,2507410,MA-0705,09,12,Masconomet Regional High School,Masconomet,Essex County,20 Endicott Rd,Boxford,MA,01921,2709,(978)887-2323,21,"Suburban, Large",No,924.00000,75.72000,12.2000000,?,?,79.00000,Regular,Open
250741001097,MA-0705-07050405,2507410,MA-0705,07,08,Masconomet Regional Middle School,Masconomet,Essex County,20 Endicott Rd,Boxford,MA,01921,,(978)887-2323,21,"Suburban, Large",No,553.00000,51.23000,10.7900000,?,?,71.00000,Regular,Open
250744000886,MA-0172-01720505,2507440,MA-0172,07,12,Mashpee Middle-High School,Mashpee,Barnstable County,500 Old Barnstable Road,Mashpee,MA,02649,,(508)539-3600,21,"Suburban, Large",No,600.00000,62.49000,9.6000000,?,?,217.00000,Regular,Open
250279000322,MA-0035-00350304,2502790,MA-0035,PK,05,Mason Elementary School,Boston,Suffolk County,150 Norfolk Avenue,Roxbury,MA,02119,,(617)635-8405,11,"City, Large",No,205.00000,21.67000,9.4600000,?,?,182.00000,Regular,Open
250436000590,MA-0658-06580010,2504360,MA-0658,PK,01,Mason Road School,Dudley-Charlton Reg,Worcester County,20 Mason Road,Dudley,MA,01571,,(508)943-4312,21,"Suburban, Large",No,290.00000,21.00000,13.8100000,?,?,127.00000,Regular,Open
250861001371,MA-0207-02070080,2508610,MA-0207,KG,05,Mason-Rice,Newton,Middlesex County,149 Pleasant Street,Newton Centre,MA,02459,,(617)559-9570,13,"City, Small",No,321.00000,27.40000,11.7200000,?,?,10.00000,Regular,Open
250006601586,MA-0469-04690505,2500066,MA-0469,PK,12,Match Charter Public School,Match Charter Public School,Suffolk County,1001 Commonwealth Avenue,Boston,MA,02215,,(617)232-0300,11,"City, Large",Yes,1189.00000,116.13000,10.2400000,?,?,840.00000,Regular,Open
250279000289,MA-0035-00350227,2502790,MA-0035,PK,06,Mather Elementary School,Boston,Suffolk County,1 Parish Street,Dorchester,MA,02122,,(617)635-8757,11,"City, Large",No,473.00000,43.63000,10.8400000,?,?,327.00000,Regular,Open
250279002874,MA-0035-00350016,2502790,MA-0035,PK,06,Mattahunt Elementary School,Boston,Suffolk County,123 Alabama St,Mattapan,MA,02126,,(617)635-8792,11,"City, Large",No,581.00000,52.19000,11.1300000,?,?,480.00000,Regular,Open
250483000671,MA-0095-00950320,2504830,MA-0095,06,08,Matthew J Kuss Middle,Fall River,Bristol County,52 Globe Mills Avenue,Fall River,MA,02724,,(508)675-8335,21,"Suburban, Large",No,646.00000,62.38000,10.3600000,?,?,531.00000,Regular,Open
250627000909,MA-0137-01370060,2506270,MA-0137,PK,05,Maurice A Donahue Elementary,Holyoke,Hampden County,210 Whiting Farms Rd,Holyoke,MA,01040,,(413)534-2069,21,"Suburban, Large",No,388.00000,32.18000,12.0600000,?,?,328.00000,Regular,Open
251323002231,MA-0348-03480175,2513230,MA-0348,KG,06,May Street,Worcester,Worcester County,265 May Street,Worcester,MA,01602,,(508)799-3520,12,"City, Midsize",No,310.00000,21.74000,14.2600000,?,?,174.00000,Regular,Open
250750001153,MA-0174-01740505,2507500,MA-0174,09,12,Maynard High,Maynard,Middlesex County,1 Tiger Drive,Maynard,MA,01754,,(978)897-8891,21,"Suburban, Large",No,310.00000,32.14000,9.6500000,?,?,72.00000,Regular,Open
251311002167,MA-0344-03440305,2513110,MA-0344,06,08,McCall Middle,Winchester,Middlesex County,458 Main Street,Winchester,MA,01890,2990,(781)721-7026,21,"Suburban, Large",No,1036.00000,82.22000,12.6000000,?,?,94.00000,Regular,Open
250351000478,MA-0056-00560310,2503510,MA-0056,07,08,McCarthy Middle School,Chelmsford,Middlesex County,250 North Rd,Chelmsford,MA,01824,,(978)251-5122,21,"Suburban, Large",No,808.00000,65.00000,12.4300000,?,?,159.00000,Regular,Open
250171000010,MA-0600-06000015,2501710,MA-0600,KG,06,McCarthy-Towne School,Acton-Boxborough,Middlesex County,11 Charter Road,Acton,MA,01720,,(978)264-3377,21,"Suburban, Large",No,431.00000,35.00000,12.3100000,?,?,79.00000,Regular,Open
250489002775,MA-0097-00970340,2504890,MA-0097,01,05,McKay Elementary School,Fitchburg,Worcester County,67 Rindge Road,Fitchburg,MA,01420,,(978)665-3187,22,"Suburban, Midsize",No,754.00000,67.00000,11.2500000,?,?,583.00000,Regular,Open
250279000224,MA-0035-00350080,2502790,MA-0035,PK,08,McKay K-8 School,Boston,Suffolk County,122 Cottage Street,East Boston,MA,02128,,(617)635-8510,11,"City, Large",No,640.00000,67.18000,9.5300000,?,?,491.00000,Regular,Open
250264002854,MA-0030-00300002,2502640,MA-0030,PK,PK,McKeown School,Beverly,Essex County,70 Balch Street,Beverly,MA,01915,,(978)921-6100,21,"Suburban, Large",No,125.00000,11.00000,11.3600000,?,?,37.00000,Regular,Open
250450000605,MA-0087-00870013,2504500,MA-0087,PK,02,Meadow Brook,East Longmeadow,Hampden County,607 Parker Street,East Longmeadow,MA,01028,,(413)525-5470,21,"Suburban, Large",No,516.00000,36.13000,14.2800000,?,?,133.00000,Regular,Open
250753001157,MA-0175-01750505,2507530,MA-0175,09,12,Medfield Senior High,Medfield,Norfolk County,88R South Street,Medfield,MA,02052,2698,(508)359-4367,21,"Suburban, Large",No,704.00000,55.27000,12.7400000,?,?,47.00000,Regular,Open
250756001176,MA-0176-01760505,2507560,MA-0176,09,12,Medford High,Medford,Middlesex County,489 Winthrop Street,Medford,MA,02155,,(781)393-2301,21,"Suburban, Large",No,1195.00000,130.02000,9.1900000,?,?,504.00000,Regular,Open
250759001184,MA-0177-01770505,2507590,MA-0177,09,12,Medway High,Medway,Norfolk County,88 Summer Street,Medway,MA,02053,,(508)533-3227,21,"Suburban, Large",No,622.00000,45.00000,13.8200000,?,?,92.00000,Regular,Open
250759002483,MA-0177-01770305,2507590,MA-0177,05,08,Medway Middle,Medway,Norfolk County,45 Holliston Street,Medway,MA,02053,,(508)533-3230,21,"Suburban, Large",No,677.00000,54.00000,12.5400000,?,?,90.00000,Regular,Open
250204000397,MA-0610-06100010,2502040,MA-0610,PK,01,Meetinghouse School,Ashburnham-Westminster,Worcester County,8 South Street,Westminster,MA,01473,1535,(978)874-0163,22,"Suburban, Midsize",No,210.00000,13.92000,15.0900000,?,?,45.00000,Regular,Open
250762001193,MA-0178-01780505,2507620,MA-0178,09,12,Melrose High,Melrose,Middlesex County,360 Lynn Fells Parkway,Melrose,MA,02176,,(781)979-2200,21,"Suburban, Large",No,967.00000,75.27000,12.8500000,?,?,158.00000,Regular,Open
250762002557,MA-0178-01780305,2507620,MA-0178,06,08,Melrose Middle,Melrose,Middlesex County,350 Lynn Fells Parkway,Melrose,MA,02176,,(781)979-2100,21,"Suburban, Large",No,886.00000,66.75000,13.2700000,?,?,157.00000,Regular,Open
250279000342,MA-0035-00350363,2502790,MA-0035,01,12,Melvin H. King South End Academy,Boston,Suffolk County,90 Warren Avenue,Boston,MA,02116,,(617)635-9976,11,"City, Large",No,125.00000,38.45000,3.2500000,?,?,111.00000,Regular,Open
250786001238,MA-0185-01850010,2507860,MA-0185,KG,02,Memorial,Milford,Worcester County,12-14 Walnut Street,Milford,MA,01757,4098,(508)478-1689,21,"Suburban, Large",No,435.00000,41.50000,10.4800000,?,?,269.00000,Regular,Open
250834001301,MA-0198-01980043,2508340,MA-0198,KG,04,Memorial,Natick,Middlesex County,107 Eliot Street,Natick,MA,01760,,(508)647-6590,21,"Suburban, Large",No,455.00000,31.42000,14.4800000,?,?,44.00000,Regular,Open
250324000431,MA-0048-00480015,2503240,MA-0048,KG,05,Memorial,Burlington,Middlesex County,125 Winn Street,Burlington,MA,01803,,(781)270-1721,21,"Suburban, Large",No,372.00000,36.93000,10.0700000,?,?,77.00000,Regular,Open
250630000916,MA-0138-01380010,2506300,MA-0138,KG,06,Memorial,Hopedale,Worcester County,6 Prospect Street,Hopedale,MA,01747,,(508)634-2214,21,"Suburban, Large",No,558.00000,44.10000,12.6500000,?,?,135.00000,Regular,Open
251308002161,MA-0343-03430040,2513080,MA-0343,KG,02,Memorial,Winchendon,Worcester County,32 Elmwood Rd,Winchendon,MA,01475,1198,(978)616-1501,31,"Town, Fringe",No,268.00000,16.10000,16.6500000,?,?,146.00000,Regular,Open
251251002047,MA-0332-03320025,2512510,MA-0332,01,05,Memorial,West Springfield,Hampden County,201 Norman Street,West Springfield,MA,01089,,(413)263-3333,21,"Suburban, Large",No,189.00000,20.64000,9.1600000,?,?,143.00000,Regular,Open
250777002626,MA-0182-01820011,2507770,MA-0182,PK,KG,Memorial Early Childhood Center,Middleborough,Plymouth County,219 North Main Street,Middleboro,MA,02346,,(508)946-2032,21,"Suburban, Large",No,273.00000,18.00000,15.1700000,?,?,111.00000,Regular,Open
250489001523,MA-0097-00970048,2504890,MA-0097,06,08,Memorial Middle School,Fitchburg,Worcester County,615 Rollstone Street,Fitchburg,MA,01420,,(978)345-3295,22,"Suburban, Midsize",No,601.00000,46.00000,13.0700000,?,?,401.00000,Regular,Open
250753000114,MA-0175-01750003,2507530,MA-0175,PK,01,Memorial School,Medfield,Norfolk County,59 Adams Street,Medfield,MA,02052,1654,(508)359-5135,21,"Suburban, Large",No,412.00000,22.12000,18.6300000,?,?,29.00000,Regular,Open
250768001277,MA-0710-07100001,2507680,MA-0710,PK,04,Memorial School,Mendon-Upton,Worcester County,69 Main Street,Upton,MA,01568,,(508)529-1082,21,"Suburban, Large",No,493.00000,35.00000,14.0900000,?,?,67.00000,Regular,Open
250861001373,MA-0207-02070105,2508610,MA-0207,KG,05,Memorial Spaulding,Newton,Middlesex County,250 Brookline Street,Newton Centre,MA,02459,,(617)559-9600,13,"City, Small",No,342.00000,34.50000,9.9100000,?,?,38.00000,Regular,Open
250279000232,MA-0035-00350100,2502790,MA-0035,PK,06,Mendell Elementary School,Boston,Suffolk County,164 School Street,Roxbury,MA,02119,,(617)635-8234,11,"City, Large",No,309.00000,29.44000,10.5000000,?,?,180.00000,Regular,Open
250198001681,MA-0010-00100038,2501980,MA-0010,PK,PK,Menotomy Preschool,Arlington,Middlesex County,17 Irving Street,Arlington,MA,02476,,(781)316-3698,21,"Suburban, Large",No,100.00000,8.00000,12.5000000,?,?,27.00000,Regular,Open
250171000029,MA-0600-06000010,2501710,MA-0600,KG,06,Merriam School,Acton-Boxborough,Middlesex County,11 Charter Road,Acton,MA,01720,,(978)264-3371,21,"Suburban, Large",No,395.00000,30.00000,13.1700000,?,?,48.00000,Regular,Open
250303002102,MA-0625-06250020,2503030,MA-0625,KG,01,Merrill Elementary School,Bridgewater-Raynham,Bristol County,687 Pleasant Street,Raynham,MA,02767,,(508)824-2490,21,"Suburban, Large",No,310.00000,18.66000,16.6100000,?,?,82.00000,Regular,Open
250987001573,MA-0243-02430060,2509870,MA-0243,KG,05,Merrymount,Quincy,Norfolk County,4 Agawam Rd,Quincy,MA,02169,,(617)984-8762,21,"Suburban, Large",No,291.00000,24.40000,11.9300000,?,?,77.00000,Regular,Open
250774001213,MA-0181-01810505,2507740,MA-0181,09,12,Methuen High,Methuen,Essex County,1 Ranger Rd,Methuen,MA,01844,,(978)722-6040,21,"Suburban, Large",No,1841.00000,140.77000,13.0800000,?,?,930.00000,Regular,Open
250315000421,MA-0046-00460020,2503150,MA-0046,PK,08,Michael Driscoll,Brookline,Norfolk County,725 Washington St,Brookline,MA,02446,,(617)879-4250,21,"Suburban, Large",No,567.00000,41.61000,13.6300000,?,?,69.00000,Regular,Open
251092001752,MA-0278-02780305,2510920,MA-0278,05,08,Michael E. Smith Middle School,South Hadley,Hampshire County,100 Mosier Street,South Hadley,MA,01075,1599,(413)538-5074,21,"Suburban, Large",No,505.00000,44.90000,11.2500000,?,?,172.00000,Regular,Open
250777001227,MA-0182-01820505,2507770,MA-0182,09,12,Middleborough High,Middleborough,Plymouth County,71 East Grove Street,Middleborough,MA,02346,,(508)946-2010,21,"Suburban, Large",No,774.00000,68.22000,11.3500000,?,?,277.00000,Regular,Open
251323002233,MA-0348-03480185,2513230,MA-0348,KG,06,Midland Street,Worcester,Worcester County,18 Midland Street,Worcester,MA,01602,,(508)799-3548,12,"City, Midsize",No,249.00000,18.38000,13.5500000,?,?,116.00000,Regular,Open
251059001696,MA-0265-02650015,2510590,MA-0265,PK,05,Mildred Aitken School,Seekonk,Bristol County,165 Newman Avenue,Seekonk,MA,02771,4908,(508)336-5230,21,"Suburban, Large",No,578.00000,44.25000,13.0600000,?,?,110.00000,Regular,Open
250279002670,MA-0035-00350378,2502790,MA-0035,PK,08,Mildred Avenue K-8 School,Boston,Suffolk County,5 Mildred Avenue,Mattapan,MA,02126,,(617)635-1642,11,"City, Large",No,601.00000,56.69000,10.6000000,?,?,511.00000,Regular,Open
250573001598,MA-0680-06800025,2505730,MA-0680,PK,01,Mile Tree Elementary,Hampden-Wilbraham,Hampden County,625 Main Street,Wilbraham,MA,01095,,(413)596-6921,21,"Suburban, Large",No,355.00000,22.39000,15.8600000,?,?,71.00000,Regular,Open
250567001276,MA-0675-06750310,2505670,MA-0675,06,08,Miles River Middle,Hamilton-Wenham,Essex County,787 Bay Rd,Hamilton,MA,01982,,(978)468-0362,41,"Rural, Fringe",No,391.00000,37.80000,10.3400000,?,?,37.00000,Regular,Open
250786001239,MA-0185-01850505,2507860,MA-0185,09,12,Milford High,Milford,Worcester County,31 West Fountain Street,Milford,MA,01757,4098,(508)478-1110,21,"Suburban, Large",No,1316.00000,110.74000,11.8800000,?,?,696.00000,Regular,Open
251260001734,MA-0321-03210045,2512600,MA-0321,04,06,Mill Pond School,Westborough,Worcester County,6 Olde Hickory Path,Westborough,MA,01581,,(508)836-7780,21,"Suburban, Large",No,834.00000,75.94000,10.9800000,?,?,137.00000,Regular,Open
250789001249,MA-0186-01860505,2507890,MA-0186,07,12,Millbury Junior/Senior High,Millbury,Worcester County,12 Martin Street,Millbury,MA,01527,,(508)865-5841,21,"Suburban, Large",No,722.00000,63.66000,11.3400000,?,?,262.00000,Regular,Open
250537002576,MA-0110-01100200,2505370,MA-0110,02,06,Millbury Street Elementary School,Grafton,Worcester County,105 Millbury Street,Grafton,MA,01519,1178,(508)839-0757,21,"Suburban, Large",No,585.00000,48.38000,12.0900000,?,?,78.00000,Regular,Open
250624001302,MA-0136-01360007,2506240,MA-0136,03,05,Miller School,Holliston,Middlesex County,235 Woodland Street,Holliston,MA,01746,,(508)429-0667,21,"Suburban, Large",No,649.00000,49.34000,13.1500000,?,?,77.00000,Regular,Open
250792001255,MA-0187-01870505,2507920,MA-0187,09,12,Millis High School,Millis,Norfolk County,245 Plain Street,Millis,MA,02054,,(508)376-7010,21,"Suburban, Large",No,286.00000,26.73000,10.7000000,?,?,48.00000,Regular,Open
250792001254,MA-0187-01870020,2507920,MA-0187,06,08,Millis Middle,Millis,Norfolk County,245 Plain Street,Millis,MA,02054,,(508)376-7014,21,"Suburban, Large",No,267.00000,22.06000,12.1000000,?,?,48.00000,Regular,Open
250271500185,MA-0622-06220010,2502715,MA-0622,PK,03,Millville Elementary,Blackstone-Millville,Worcester County,122 Berthelette Way,Millville,MA,01529,,(508)876-0177,41,"Rural, Fringe",No,459.00000,34.84000,13.1700000,?,?,169.00000,Regular,Open
251113000896,MA-0281-02810023,2511130,MA-0281,PK,05,Milton Bradley School,Springfield,Hampden County,22 Mulberry Street,Springfield,MA,01105,,(413)787-7475,12,"City, Midsize",No,385.00000,33.90000,11.3600000,?,?,359.00000,Regular,Open
250756002062,MA-0176-01760150,2507560,MA-0176,PK,05,Milton Fuller Roberts,Medford,Middlesex County,35 Court Street,Medford,MA,02155,,(781)393-2155,21,"Suburban, Large",No,586.00000,47.03000,12.4600000,?,?,177.00000,Regular,Open
250798001262,MA-0189-01890505,2507980,MA-0189,09,12,Milton High,Milton,Norfolk County,25 Gile Road,Milton,MA,02186,,(617)696-4470,21,"Suburban, Large",No,1083.00000,87.12000,12.4300000,?,?,163.00000,Regular,Open
250573000824,MA-0680-06800505,2505730,MA-0680,09,12,Minnechaug Regional High,Hampden-Wilbraham,Hampden County,621 Main Street,Wilbraham,MA,01095,,(413)596-9011,21,"Suburban, Large",No,990.00000,69.70000,14.2000000,?,?,250.00000,Regular,Open
250798501264,MA-0830-08300605,2507985,MA-0830,09,12,Minuteman Regional High,Minuteman Regional Vocational Technical,Middlesex County,758 Marrett Rd,Lexington,MA,02421,7313,(781)861-6500,41,"Rural, Fringe",No,669.00000,82.10000,8.1500000,?,?,139.00000,Vocational,Open
250498000728,MA-0100-01000050,2504980,MA-0100,PK,05,Miriam F McCarthy School,Framingham,Middlesex County,8 Flagg Drive,Framingham,MA,01701,,(508)626-9161,13,"City, Small",No,490.00000,45.35000,10.8000000,?,?,330.00000,Regular,Open
250768001279,MA-0710-07100015,2507680,MA-0710,05,08,Miscoe Hill School,Mendon-Upton,Worcester County,148 North Avenue,Mendon,MA,01756,,(508)634-1590,41,"Rural, Fringe",No,647.00000,49.23000,13.1400000,?,?,81.00000,Regular,Open
250756002057,MA-0176-01760140,2507560,MA-0176,PK,05,Missituk Elementary School,Medford,Middlesex County,37 Hicks Avenue,Medford,MA,02155,,(781)393-2177,21,"Suburban, Large",No,418.00000,41.08000,10.1800000,?,?,166.00000,Regular,Open
250303002643,MA-0625-06250002,2503030,MA-0625,PK,02,Mitchell Elementary School,Bridgewater-Raynham,Plymouth County,500 South Street,Bridgewater,MA,02324,,(508)964-7500,21,"Suburban, Large",No,931.00000,53.36000,17.4500000,?,?,247.00000,Regular,Open
251251002048,MA-0332-03320030,2512510,MA-0332,01,05,Mittineague,West Springfield,Hampden County,26 Second Street,West Springfield,MA,01089,,(413)263-3327,21,"Suburban, Large",No,110.00000,13.14000,8.3700000,?,?,64.00000,Regular,Open
250799001265,MA-0717-07170505,2507990,MA-0717,07,12,Mohawk Trail Regional School,Mohawk Trail,Franklin County,26 Ashfield Road,Shelburne Falls,MA,01370,,(413)625-9811,42,"Rural, Distant",No,316.00000,33.35000,9.4800000,?,?,142.00000,Regular,Open
250054402836,MA-0712-07120515,2500544,MA-0712,08,12,Monomoy Regional High School,Monomoy Regional School District,Barnstable County,75 Oak Street,Harwich,MA,02645,,(508)430-7200,21,"Suburban, Large",No,738.00000,62.50000,11.8100000,?,?,261.00000,Regular,Open
250054402832,MA-0712-07120315,2500544,MA-0712,05,07,Monomoy Regional Middle School,Monomoy Regional School District,Barnstable County,425 Crowell Road,Chatham,MA,02633,,(508)945-5140,21,"Suburban, Large",No,395.00000,40.39000,9.7800000,?,?,158.00000,Regular,Open
250804001269,MA-0191-01910505,2508040,MA-0191,07,12,Monson High School,Monson,Hampden County,55 Margaret Street,Monson,MA,01057,9417,(413)267-4589,41,"Rural, Fringe",No,280.00000,34.25000,8.1800000,?,?,113.00000,Regular,Open
250805002279,MA-0832-08320605,2508050,MA-0832,09,12,Montachusett Regional Vocational Technical,Montachusett Regional Vocational Technical,Worcester County,1050 Westminster Street,Fitchburg,MA,01420,4649,(978)345-9200,22,"Suburban, Midsize",No,1417.00000,119.00000,11.9100000,?,?,392.00000,Vocational,Open
250987001574,MA-0243-02430065,2509870,MA-0243,KG,05,Montclair,Quincy,Norfolk County,8 Belmont Street,Quincy,MA,02171,,(617)984-8708,21,"Suburban, Large",No,365.00000,29.59000,12.3400000,?,?,187.00000,Regular,Open
250253000154,MA-0618-06180505,2502530,MA-0618,09,12,Monument Mt Regional High,Berkshire Hills,Berkshire County,600 Stockbridge Road,Great Barrington,MA,01230,,(413)528-3346,41,"Rural, Fringe",No,431.00000,46.56000,9.2600000,?,?,180.00000,Regular,Open
250597000056,MA-0128-01280045,2505970,MA-0128,PK,KG,Moody,Haverhill,Essex County,59 Margin Street,Haverhill,MA,01832,5152,(978)374-3459,21,"Suburban, Large",No,167.00000,15.60000,10.7100000,?,?,105.00000,Regular,Open
250702000068,MA-0160-01600027,2507020,MA-0160,PK,04,Moody Elementary,Lowell,Middlesex County,158 Rogers Street,Lowell,MA,01852,,(978)937-7673,21,"Suburban, Large",No,248.00000,22.00000,11.2700000,?,?,199.00000,Regular,Open
250597002924,MA-0128-01280001,2505970,MA-0128,PK,PK,Moody Preschool Extension,Haverhill,Essex County,26 Belmont Street,Haverhill,MA,01830,,(978)420-1901,21,"Suburban, Large",No,174.00000,9.00000,19.3300000,?,?,107.00000,Regular,Open
250627000910,MA-0137-01370025,2506270,MA-0137,PK,05,Morgan Full Service Community School,Holyoke,Hampden County,596 South Bridge Street,Holyoke,MA,01040,,(413)534-2083,21,"Suburban, Large",No,334.00000,31.46000,10.6200000,?,?,326.00000,Regular,Open
250963001524,MA-0236-02360055,2509630,MA-0236,PK,05,Morningside Community School,Pittsfield,Berkshire County,100 Burbank Street,Pittsfield,MA,01201,,(413)448-9690,13,"City, Small",No,376.00000,33.98000,11.0700000,?,?,307.00000,Regular,Open
250675000979,MA-0152-01520015,2506750,MA-0152,PK,05,Morris,Lenox,Berkshire County,129 West Street,Lenox,MA,01240,,(413)637-5570,31,"Town, Fringe",No,332.00000,30.80000,10.7800000,?,?,70.00000,Regular,Open
250327000446,MA-0049-00490045,2503270,MA-0049,PK,05,Morse,Cambridge,Middlesex County,40 Granite Street,Cambridge,MA,02139,,(617)349-6575,12,"City, Midsize",No,328.00000,32.30000,10.1500000,?,?,112.00000,Regular,Open
250486000688,MA-0096-00960305,2504860,MA-0096,05,06,Morse Pond School,Falmouth,Barnstable County,323 Jones Road,Falmouth,MA,02540,3398,(508)548-7300,21,"Suburban, Large",No,472.00000,42.90000,11.0000000,?,?,164.00000,Regular,Open
250483000672,MA-0095-00950315,2504830,MA-0095,06,08,Morton Middle,Fall River,Bristol County,1135 North Main Street,Fall River,MA,02720,,(508)675-8340,21,"Suburban, Large",No,751.00000,57.64000,13.0300000,?,?,516.00000,Regular,Open
251092002406,MA-0278-02780020,2510920,MA-0278,02,04,Mosier,South Hadley,Hampshire County,101 Mosier Street,South Hadley,MA,01075,1500,(413)538-5077,21,"Suburban, Large",No,365.00000,27.30000,13.3700000,?,?,139.00000,Regular,Open
250450000606,MA-0087-00870015,2504500,MA-0087,03,05,Mountain View,East Longmeadow,Hampden County,77 Hampden Rd,East Longmeadow,MA,01028,,(413)525-5490,21,"Suburban, Large",No,286.00000,26.77000,10.6800000,?,?,54.00000,Regular,Open
250459002937,MA-0086-00860415,2504590,MA-0086,PK,08,Mountain View School,Easthampton,Hampshire County,200 Park Street,Easthampton,MA,01027,,(413)529-1530,23,"Suburban, Small",No,991.00000,82.63000,11.9900000,?,?,382.00000,Regular,Open
250253002964,MA-0618-06180001,2502530,MA-0618,PK,PK,Mountainside Preschool,Berkshire Hills,Berkshire County,600 Stockbridge Road,Great Barrington,MA,01230,,(413)528-3346,41,"Rural, Fringe",No,9.00000,1.00000,9.0000000,?,?,3.00000,Regular,New
251188000888,MA-0775-07750305,2511880,MA-0775,06,08,Mountview Middle,Wachusett,Worcester County,270 Shrewsbury Street,Holden,MA,01520,,(508)829-5577,21,"Suburban, Large",No,773.00000,52.18000,14.8100000,?,?,107.00000,Regular,Open
250279000294,MA-0035-00350237,2502790,MA-0035,PK,06,Mozart Elementary School,Boston,Suffolk County,236 Beech Street,Roslindale,MA,02131,,(617)635-8082,11,"City, Large",No,155.00000,14.46000,10.7200000,?,?,63.00000,Regular,Open
251104001774,MA-0765-07650505,2511040,MA-0765,06,12,Mt Everett Regional,Southern Berkshire,Berkshire County,P O Box 219,Sheffield,MA,01257,0219,(413)229-8734,42,"Rural, Distant",No,278.00000,35.47000,7.8400000,?,?,106.00000,Regular,Open
250816001273,MA-0715-07150505,2508160,MA-0715,07,12,Mt Greylock Regional High,Mount Greylock,Berkshire County,1781 Cold Spring Road,Williamstown,MA,01267,2770,(413)458-9582,41,"Rural, Fringe",No,539.00000,47.10000,11.4400000,?,?,111.00000,Regular,Open
250253001999,MA-0618-06180035,2502530,MA-0618,PK,04,Muddy Brook Regional Elementary School,Berkshire Hills,Berkshire County,318 Monument Valley Rd,Great Barrington,MA,01230,,(413)644-2350,41,"Rural, Fringe",No,365.00000,39.50000,9.2400000,?,?,173.00000,Regular,Open
250486000689,MA-0096-00960020,2504860,MA-0096,KG,04,Mullen-Hall,Falmouth,Barnstable County,130 Katherine Lee Bates Rd,Falmouth,MA,02540,2897,(508)548-0220,21,"Suburban, Large",No,364.00000,34.80000,10.4600000,?,?,139.00000,Regular,Open
250639000924,MA-0141-01410007,2506390,MA-0141,PK,04,Mulready Elementary,Hudson,Middlesex County,306 Cox Street,Hudson,MA,01749,1893,(978)567-6170,41,"Rural, Fringe",No,249.00000,28.20000,8.8300000,?,?,90.00000,Regular,Open
251263002605,MA-0325-03250033,2512630,MA-0325,PK,04,Munger Hill,Westfield,Hampden County,33 Mallard Lane,Westfield,MA,01085,3899,(413)572-6520,21,"Suburban, Large",No,320.00000,30.29000,10.5600000,?,?,160.00000,Regular,Open
251311002168,MA-0344-03440040,2513110,MA-0344,KG,05,Muraco Elementary,Winchester,Middlesex County,33 Bates Road,Winchester,MA,01890,1299,(781)721-7030,21,"Suburban, Large",No,352.00000,32.30000,10.9000000,?,?,53.00000,Regular,Open
251308002843,MA-0343-03430405,2513080,MA-0343,10,10,Murdock Academy for Success,Winchendon,Worcester County,175 Grove St,Winchendon,MA,01475,,(978)297-1256,31,"Town, Fringe",No,1.00000,0.25000,4.0000000,?,?,?,Other/Alternative,Open
251308002786,MA-0343-03430515,2513080,MA-0343,09,12,Murdock High School,Winchendon,Worcester County,3 Memorial Drive,Winchendon,MA,01475,,(978)297-1256,31,"Town, Fringe",No,256.00000,22.69000,11.2800000,?,?,134.00000,Regular,Open
251308002796,MA-0343-03430315,2513080,MA-0343,06,08,Murdock Middle School,Winchendon,Worcester County,3 Memorial Drive,Winchendon,MA,01475,,(978)297-1256,31,"Town, Fringe",No,281.00000,19.35000,14.5200000,?,?,148.00000,Regular,Open
250279000315,MA-0035-00350240,2502790,MA-0035,PK,08,Murphy K-8 School,Boston,Suffolk County,1 Worrell Street,Dorchester,MA,02122,,(617)635-8781,11,"City, Large",No,855.00000,70.86000,12.0700000,?,?,577.00000,Regular,Open
250005501260,MA-0470-04700105,2500055,MA-0470,KG,12,Mystic Valley Regional Charter School,Mystic Valley Regional Charter,Middlesex County,770 Salem Street,Malden,MA,02148,,(781)388-0222,21,"Suburban, Large",Yes,1698.00000,109.32000,15.5300000,?,?,519.00000,Regular,Open
251266002078,MA-0326-03260015,2512660,MA-0326,PK,02,Nabnasset,Westford,Middlesex County,99 Plain Road,Westford,MA,01886,,(978)692-5583,21,"Suburban, Large",No,345.00000,27.33000,12.6200000,?,?,24.00000,Regular,Open
250825001278,MA-0197-01970005,2508250,MA-0197,PK,02,Nantucket Elementary,Nantucket,Nantucket County,30 Surfside Road,Nantucket,MA,02554,,(508)228-7290,32,"Town, Distant",No,399.00000,43.00000,9.2800000,?,?,177.00000,Regular,Open
250825001282,MA-0197-01970505,2508250,MA-0197,09,12,Nantucket High,Nantucket,Nantucket County,10 Surfside Road,Nantucket,MA,02554,,(508)228-7280,32,"Town, Distant",No,596.00000,54.95000,10.8500000,?,?,172.00000,Regular,Open
250825002880,MA-0197-01970020,2508250,MA-0197,03,05,Nantucket Intermediate School,Nantucket,Nantucket County,30 Surfside Road,Nantucket,MA,02554,,(508)228-7285,32,"Town, Distant",No,366.00000,37.50000,9.7600000,?,?,133.00000,Regular,Open
251188002693,MA-0775-07750005,2511880,MA-0775,KG,02,Naquag Elementary School,Wachusett,Worcester County,285 Main Street,Rutland,MA,01543,,(508)886-2901,41,"Rural, Fringe",No,353.00000,26.25000,13.4500000,?,?,63.00000,Regular,Open
250828001467,MA-0720-07200305,2508280,MA-0720,05,07,Narragansett Middle,Narragansett,Worcester County,460 Baldwinville Rd,Baldwinville,MA,01436,,(978)939-5928,41,"Rural, Fringe",No,366.00000,25.35000,14.4400000,?,?,125.00000,Regular,Open
250828001285,MA-0720-07200505,2508280,MA-0720,08,12,Narragansett Regional High,Narragansett,Worcester County,464 Baldwinville Rd,Baldwinville,MA,01436,,(978)939-5388,41,"Rural, Fringe",No,492.00000,40.21000,12.2400000,?,?,171.00000,Regular,Open
250831001289,MA-0725-07250505,2508310,MA-0725,09,12,Nashoba Regional,Nashoba,Worcester County,12 Green Road,Bolton,MA,01740,,(978)779-2257,21,"Suburban, Large",No,806.00000,67.04000,12.0200000,?,?,100.00000,Regular,Open
250832001290,MA-0852-08520605,2508320,MA-0852,09,12,Nashoba Valley Technical High School,Nashoba Valley Regional Vocational Technical,Middlesex County,100 Littleton Road,Westford,MA,01886,,(978)692-4711,21,"Suburban, Large",No,767.00000,63.88000,12.0100000,?,?,231.00000,Vocational,Open
250972001545,MA-0239-02390030,2509720,MA-0239,KG,05,Nathaniel Morton Elementary,Plymouth,Plymouth County,6 Lincoln Street,Plymouth,MA,02360,,(508)830-4320,21,"Suburban, Large",No,511.00000,41.45000,12.3300000,?,?,163.00000,Regular,Open
250834001303,MA-0198-01980505,2508340,MA-0198,09,12,Natick High,Natick,Middlesex County,15 West Street,Natick,MA,01760,,(508)647-6600,21,"Suburban, Large",No,1761.00000,140.20000,12.5600000,?,?,265.00000,Regular,Open
250456000610,MA-0660-06600505,2504560,MA-0660,09,12,Nauset Regional High,Nauset,Barnstable County,100 Cable Rd,North Eastham,MA,02651,,(508)255-1505,41,"Rural, Fringe",No,737.00000,75.10000,9.8100000,?,?,202.00000,Regular,Open
250456000609,MA-0660-06600305,2504560,MA-0660,06,08,Nauset Regional Middle,Nauset,Barnstable County,70 Route 28,Orleans,MA,02653,,(508)255-0016,21,"Suburban, Large",No,455.00000,52.65000,8.6400000,?,?,177.00000,Regular,Open
250837001315,MA-0199-01990505,2508370,MA-0199,09,12,Needham High,Needham,Norfolk County,609 Webster Street,Needham,MA,02494,,(781)455-0800,21,"Suburban, Large",No,1633.00000,137.43000,11.8800000,?,?,94.00000,Regular,Open
250002900545,MA-0444-04440205,2500029,MA-0444,PK,12,Neighborhood House Charter School,Neighborhood House Charter,Suffolk County,21 Queen Street,Dorchester,MA,02122,,(617)825-0703,11,"City, Large",Yes,786.00000,77.74000,10.1100000,?,?,502.00000,Regular,Open
251323002236,MA-0348-03480200,2513230,MA-0348,PK,06,Nelson Place,Worcester,Worcester County,35 Nelson Pl,Worcester,MA,01605,,(508)799-3506,12,"City, Midsize",No,621.00000,46.26000,13.4200000,?,?,275.00000,Regular,Open
250339000466,MA-0635-06350305,2503390,MA-0635,06,08,Nessacus Regional Middle School,Central Berkshire,Berkshire County,35 Fox Road,Dalton,MA,01226,,(413)684-0780,41,"Rural, Fringe",No,353.00000,30.40000,11.6100000,?,?,142.00000,Regular,Open
250843001336,MA-0201-02010505,2508430,MA-0201,09,12,New Bedford High,New Bedford,Bristol County,230 Hathaway Blvd,New Bedford,MA,02740,2899,(508)997-4511,22,"Suburban, Midsize",No,2878.00000,212.66000,13.5300000,?,?,2267.00000,Regular,Open
250000102401,MA-0753-07530020,2500001,MA-0753,PK,PK,New Braintree Grade,Quabbin,Worcester County,15 Memorial Drive,New Braintree,MA,01531,,(508)867-2553,42,"Rural, Distant",No,29.00000,2.00000,14.5000000,?,?,19.00000,Regular,Open
250055902869,MA-3513-35130305,2500559,MA-3513,06,12,New Heights Charter School of Brockton,New Heights Charter School of Brockton,Plymouth County,1690 Main Street,Brockton,MA,02301,,(508)857-4633,21,"Suburban, Large",Yes,734.00000,49.09000,14.9500000,?,?,385.00000,Regular,Open
250001401275,MA-0632-06320025,2500014,MA-0632,PK,06,New Hingham Regional Elementary,Chesterfield-Goshen,Hampshire County,PO Box 300,Chesterfield,MA,01012,0300,(413)296-0000,42,"Rural, Distant",No,126.00000,14.38000,8.7600000,?,?,38.00000,Regular,Open
251038002864,MA-0258-02580510,2510380,MA-0258,09,12,New Liberty Innovation School,Salem,Essex County,2 East India Square,Salem,MA,01970,,(978)825-3470,21,"Suburban, Large",No,36.00000,4.46000,8.0700000,?,?,23.00000,Regular,Open
251104001775,MA-0765-07650018,2511040,MA-0765,PK,03,New Marlborough Central,Southern Berkshire,Berkshire County,PO Box 326,Sheffield,MA,01257,,(413)229-8754,42,"Rural, Distant",No,58.00000,6.86000,8.4500000,?,?,11.00000,Regular,Open
250279000704,MA-0035-00350542,2502790,MA-0035,07,12,New Mission High School,Boston,Suffolk County,655 Metropolitan Ave,Hyde Park,MA,02136,,(617)635-6437,11,"City, Large",No,715.00000,61.85000,11.5600000,?,?,486.00000,Other/Alternative,Open
251174001348,MA-0773-07730020,2511740,MA-0773,PK,06,Newbury Elementary,Triton,Essex County,63 Hanover Street,Newbury,MA,01951,1130,(978)465-5353,21,"Suburban, Large",No,424.00000,39.52000,10.7300000,?,?,87.00000,Regular,Open
250858001354,MA-0204-02040505,2508580,MA-0204,09,12,Newburyport High,Newburyport,Essex County,241 High Street,Newburyport,MA,01950,,(978)465-4440,21,"Suburban, Large",No,743.00000,72.11000,10.3000000,?,?,90.00000,Regular,Open
250837000306,MA-0199-01990050,2508370,MA-0199,PK,05,Newman Elementary,Needham,Norfolk County,1155 Central Avenue,Needham,MA,02492,,(781)455-0416,21,"Suburban, Large",No,696.00000,56.40000,12.3400000,?,?,54.00000,Regular,Open
250861001657,MA-0207-02070108,2508610,MA-0207,PK,PK,Newton Early Childhood Program,Newton,Middlesex County,687 Watertown Street,Newton,MA,02460,,(617)559-6050,13,"City, Small",No,173.00000,17.29000,10.0100000,?,?,40.00000,Regular,Open
250861001374,MA-0207-02070505,2508610,MA-0207,09,12,Newton North High,Newton,Middlesex County,457 Walnut Street,Newtonville,MA,02460,,(617)559-6200,13,"City, Small",No,2096.00000,194.47000,10.7800000,?,?,331.00000,Regular,Open
250549002578,MA-0114-01140035,2505490,MA-0114,KG,04,Newton School,Greenfield,Franklin County,70 Shelburne Rd,Greenfield,MA,01301,,(413)772-1370,32,"Town, Distant",No,174.00000,14.77000,11.7800000,?,?,134.00000,Regular,Open
250861001375,MA-0207-02070510,2508610,MA-0207,09,12,Newton South High,Newton,Middlesex County,140 Brandeis Road,Newton Centre,MA,02459,,(617)559-6700,13,"City, Small",No,1898.00000,162.95000,11.6500000,?,?,221.00000,Regular,Open
251089002498,MA-0274-02740410,2510890,MA-0274,07,08,Next Wave Junior High,Somerville,Middlesex County,81 Highland Ave,Somerville,MA,02143,,(617)629-5640,21,"Suburban, Large",No,16.00000,5.11000,3.1300000,?,?,13.00000,Other/Alternative,Open
250768001202,MA-0710-07100510,2507680,MA-0710,09,12,Nipmuc Regional High,Mendon-Upton,Worcester County,90 Pleasant Street,Upton,MA,01568,,(508)529-2130,41,"Rural, Fringe",No,534.00000,46.61000,11.4600000,?,?,85.00000,Regular,Open
250879001762,MA-0735-07350310,2508790,MA-0735,05,08,Nissitissit Middle School,North Middlesex,Middlesex County,33 Chace Avenue,Pepperell,MA,01463,,(978)743-1007,31,"Town, Fringe",No,494.00000,46.70000,10.5800000,?,?,137.00000,Regular,Open
250865001386,MA-0915-09150705,2508650,MA-0915,09,12,Norfolk County Agricultural,Norfolk County Agricultural,Norfolk County,400 Main Street,Walpole,MA,02081,,(508)668-0268,21,"Suburban, Large",No,597.00000,60.77000,9.8200000,?,?,131.00000,Vocational,Open
250843001337,MA-0201-02010410,2508430,MA-0201,06,08,Normandin Middle School,New Bedford,Bristol County,81 FELTON ST,New Bedford,MA,02745,5899,(508)985-4300,22,"Suburban, Midsize",No,990.00000,83.83000,11.8100000,?,?,705.00000,Regular,Open
251323002238,MA-0348-03480202,2513230,MA-0348,PK,06,Norrback Avenue,Worcester,Worcester County,44 Malden Street,Worcester,MA,01606,2009,(508)799-3500,12,"City, Midsize",No,504.00000,42.67000,11.8100000,?,?,354.00000,Regular,Open
250870001397,MA-0211-02110505,2508700,MA-0211,09,12,North Andover High,North Andover,Essex County,430 Osgood Street,North Andover,MA,01845,,(978)794-1711,21,"Suburban, Large",No,1328.00000,99.68000,13.3200000,?,?,322.00000,Regular,Open
250870001398,MA-0211-02110305,2508700,MA-0211,06,08,North Andover Middle,North Andover,Essex County,495 Main Street,North Andover,MA,01845,,(978)794-1870,21,"Suburban, Large",No,1023.00000,75.85000,13.4900000,?,?,229.00000,Regular,Open
250873001405,MA-0212-02120505,2508730,MA-0212,09,12,North Attleboro High,North Attleborough,Bristol County,1 Wilson W. Whitty Way,North Attleborough,MA,02760,,(508)643-2115,21,"Suburban, Large",No,1018.00000,77.65000,13.1100000,?,?,228.00000,Regular,Open
250873001409,MA-0212-02120020,2508730,MA-0212,PK,PK,North Attleborough Early Learning Center,North Attleborough,Bristol County,25 School Street,North Attleborough,MA,02760,,(508)643-2145,21,"Suburban, Large",No,154.00000,9.40000,16.3800000,?,?,55.00000,Regular,Open
250873001207,MA-0212-02120305,2508730,MA-0212,06,08,North Attleborough Middle,North Attleborough,Bristol County,564 Landry Avenue,North Attleborough,MA,02760,,(508)643-2130,21,"Suburban, Large",No,965.00000,72.20000,13.3700000,?,?,241.00000,Regular,Open
250264000173,MA-0030-00300040,2502640,MA-0030,KG,04,North Beverly Elementary,Beverly,Essex County,48 Putnam Street,Beverly,MA,01915,,(978)921-6130,21,"Suburban, Large",No,356.00000,29.00000,12.2800000,?,?,117.00000,Regular,Open
250876001410,MA-0215-02150015,2508760,MA-0215,PK,05,North Brookfield Elementary,North Brookfield,Worcester County,10 New School Drive,North Brookfield,MA,01535,,(508)867-8326,42,"Rural, Distant",No,240.00000,20.90000,11.4800000,?,?,111.00000,Regular,Open
250876001411,MA-0215-02150505,2508760,MA-0215,06,12,North Brookfield High,North Brookfield,Worcester County,10 New School Drive,North Brookfield,MA,01535,,(508)867-7131,42,"Rural, Distant",No,157.00000,28.60000,5.4900000,?,?,79.00000,Regular,Open
251086002536,MA-0273-02730008,2510860,MA-0273,PK,05,North Elementary,Somerset,Bristol County,580 Whetstone Hill Road,Somerset,MA,02726,,(508)324-3170,21,"Suburban, Large",No,471.00000,36.65000,12.8500000,?,?,137.00000,Regular,Open
250483001780,MA-0095-00950005,2504830,MA-0095,PK,05,North End Elementary,Fall River,Bristol County,1899 Meridian Street,Fall River,MA,02720,,(508)675-8245,41,"Rural, Fringe",No,655.00000,48.30000,13.5600000,?,?,451.00000,Regular,Open
250486000690,MA-0096-00960030,2504860,MA-0096,KG,04,North Falmouth Elementary,Falmouth,Barnstable County,62 Old Main Road,North Falmouth,MA,02556,2701,(508)563-2334,21,"Suburban, Large",No,303.00000,28.80000,10.5200000,?,?,71.00000,Regular,Open
250537000787,MA-0110-01100025,2505370,MA-0110,PK,01,North Grafton Elementary,Grafton,Worcester County,46 Waterville Street,North Grafton,MA,01536,1178,(508)839-5483,21,"Suburban, Large",No,257.00000,18.72000,13.7300000,?,?,29.00000,Regular,Open
251323002239,MA-0348-03480515,2513230,MA-0348,09,12,North High,Worcester,Worcester County,140 Harrington Way,Worcester,MA,01604,,(508)799-3370,12,"City, Midsize",No,1376.00000,95.23000,14.4500000,?,?,1111.00000,Regular,Open
251305001575,MA-0342-03420060,2513050,MA-0342,04,05,North Intermediate,Wilmington,Middlesex County,320 Salem Street,Wilmington,MA,01887,,(978)694-6040,21,"Suburban, Large",No,246.00000,21.45000,11.4700000,?,?,32.00000,Regular,Open
250309000404,MA-0044-00440410,2503090,MA-0044,06,08,North Middle School,Brockton,Plymouth County,108 Oak Street,Brockton,MA,02301,1392,(508)580-7371,21,"Suburban, Large",No,427.00000,31.03000,13.7600000,?,?,339.00000,Regular,Open
250879001415,MA-0735-07350505,2508790,MA-0735,09,12,North Middlesex Regional,North Middlesex,Middlesex County,19 Main Street,Townsend,MA,01469,,(978)597-8721,41,"Rural, Fringe",No,711.00000,54.10000,13.1400000,?,?,167.00000,Regular,Open
250942001510,MA-0231-02310015,2509420,MA-0231,PK,06,North Pembroke Elementary,Pembroke,Plymouth County,72 Pilgrim Road,Pembroke,MA,02359,,(781)826-5115,21,"Suburban, Large",No,518.00000,35.01000,14.8000000,?,?,79.00000,Regular,Open
250987001577,MA-0243-02430510,2509870,MA-0243,09,12,North Quincy High,Quincy,Norfolk County,316 Hancock Street,Quincy,MA,02171,,(617)984-8744,21,"Suburban, Large",No,1520.00000,97.94000,15.5200000,?,?,609.00000,Regular,Open
250993001590,MA-0244-02440020,2509930,MA-0244,KG,05,North Randolph Elementary School,Randolph,Norfolk County,55 Old Street,Randolph,MA,02368,,(781)961-6252,21,"Suburban, Large",No,282.00000,25.75000,10.9500000,?,?,173.00000,Regular,Open
250882001422,MA-0217-02170505,2508820,MA-0217,09,12,North Reading High,North Reading,Middlesex County,189 Park Street,North Reading,MA,01864,2398,(978)664-7800,21,"Suburban, Large",No,652.00000,64.46000,10.1100000,?,?,77.00000,Regular,Open
250882002592,MA-0217-02170305,2508820,MA-0217,06,08,North Reading Middle,North Reading,Middlesex County,189 Park Street,North Reading,MA,01864,2398,(978)664-7806,21,"Suburban, Large",No,494.00000,50.73000,9.7400000,?,?,52.00000,Regular,Open
250537002754,MA-0110-01100030,2505370,MA-0110,02,06,North Street Elementary School,Grafton,Worcester County,60 North Street,Grafton,MA,01519,,(508)839-5428,41,"Rural, Fringe",No,575.00000,40.33000,14.2600000,?,?,75.00000,Regular,Open
250885001432,MA-0210-02100505,2508850,MA-0210,09,12,Northampton High,Northampton,Hampshire County,380 Elm Street,Northampton,MA,01060,,(413)587-1346,13,"City, Small",No,875.00000,59.70000,14.6600000,?,?,213.00000,Regular,Open
250894001447,MA-0214-02140001,2508940,MA-0214,PK,05,Northbridge Elementary School,Northbridge,Worcester County,21 Crescent Street,Whitinsville,MA,01588,,(508)234-8161,21,"Suburban, Large",No,973.00000,65.10000,14.9500000,?,?,361.00000,Regular,Open
250894001445,MA-0214-02140505,2508940,MA-0214,09,12,Northbridge High,Northbridge,Worcester County,427 Linwood Avenue,Whitinsville,MA,01588,,(508)234-6221,21,"Suburban, Large",No,471.00000,43.63000,10.8000000,?,?,171.00000,Regular,Open
250894002591,MA-0214-02140305,2508940,MA-0214,06,08,Northbridge Middle,Northbridge,Worcester County,171 Linwood Avenue,Whitinsville,MA,01588,,(508)234-8718,21,"Suburban, Large",No,394.00000,33.36000,11.8100000,?,?,148.00000,Regular,Open
251200001974,MA-0308-03080040,2512000,MA-0308,PK,05,Northeast Elementary School,Waltham,Middlesex County,70 Putney Lane,Waltham,MA,02452,3099,(781)314-5740,13,"City, Small",No,527.00000,49.16000,10.7200000,?,?,284.00000,Regular,Open
250896002283,MA-0853-08530605,2508960,MA-0853,09,12,Northeast Metro Regional Vocational,Northeast Metropolitan Regional Vocational Technical,Middlesex County,100 Hemlock Rd,Wakefield,MA,01880,3597,(781)246-0810,21,"Suburban, Large",No,1381.00000,128.80000,10.7200000,?,?,683.00000,Vocational,Open
250960002614,MA-0750-07500008,2509600,MA-0750,PK,06,Northfield Elementary,Pioneer Valley,Franklin County,104 Main Street,Northfield,MA,01360,,(413)498-5842,42,"Rural, Distant",No,141.00000,13.95000,10.1100000,?,?,53.00000,Regular,Open
250678000988,MA-0153-01530030,2506780,MA-0153,01,05,Northwest,Leominster,Worcester County,45 Stearns Avenue,Leominster,MA,01453,,(978)534-7756,22,"Suburban, Midsize",No,665.00000,48.95000,13.5900000,?,?,402.00000,Regular,Open
250900001451,MA-0218-02180505,2509000,MA-0218,09,12,Norton High,Norton,Bristol County,66 West Main Street,Norton,MA,02766,,(508)285-0160,21,"Suburban, Large",No,685.00000,62.67000,10.9300000,?,?,157.00000,Regular,Open
250900001452,MA-0218-02180305,2509000,MA-0218,06,08,Norton Middle,Norton,Bristol County,215 West Main Street,Norton,MA,02766,,(508)285-0140,21,"Suburban, Large",No,527.00000,41.40000,12.7300000,?,?,136.00000,Regular,Open
250903001455,MA-0219-02190505,2509030,MA-0219,09,12,Norwell High,Norwell,Plymouth County,18 South Street,Norwell,MA,02061,,(781)659-8810,41,"Rural, Fringe",No,601.00000,51.54000,11.6600000,?,?,40.00000,Regular,Open
250903001456,MA-0219-02190405,2509030,MA-0219,06,08,Norwell Middle School,Norwell,Plymouth County,328 Main Street,Norwell,MA,02061,,(781)659-8814,41,"Rural, Fringe",No,509.00000,44.00000,11.5700000,?,?,30.00000,Regular,Open
250906001466,MA-0220-02200505,2509060,MA-0220,09,12,Norwood High,Norwood,Norfolk County,245 Nichols Street,Norwood,MA,02062,0067,(781)769-2333,21,"Suburban, Large",No,966.00000,84.01000,11.5000000,?,?,386.00000,Regular,Open
250279000205,MA-0035-00350575,2502790,MA-0035,07,12,O'Bryant School of Math & Science,Boston,Suffolk County,55 Malcolm X Blvd,Roxbury,MA,02120,,(617)635-9932,11,"City, Large",No,1509.00000,99.17000,15.2200000,?,?,864.00000,Regular,Open
250279000249,MA-0035-00350141,2502790,MA-0035,PK,06,O'Donnell Elementary School,Boston,Suffolk County,33 Trenton Street,East Boston,MA,02128,,(617)635-8454,11,"City, Large",No,256.00000,24.83000,10.3100000,?,?,212.00000,Regular,Open
251125001865,MA-0285-02850405,2511250,MA-0285,06,08,O'Donnell Middle School,Stoughton,Norfolk County,211 Cushing Street,Stoughton,MA,02072,2340,(781)344-7002,21,"Suburban, Large",No,801.00000,70.80000,11.3100000,?,?,361.00000,Regular,Open
250465000625,MA-0221-02210005,2504650,MA-0221,PK,08,Oak Bluffs Elementary,Oak Bluffs,Dukes County,PO Box 1325,Oak Bluffs,MA,02557,,(508)693-0951,31,"Town, Fringe",No,402.00000,52.54000,7.6500000,?,?,140.00000,Regular,Open
250861001042,MA-0207-02070320,2508610,MA-0207,06,08,Oak Hill Middle,Newton,Middlesex County,130 Wheeler Road,Newton Centre,MA,02459,,(617)559-9200,13,"City, Small",No,649.00000,67.77000,9.5800000,?,?,85.00000,Regular,Open
251077001825,MA-0271-02710030,2510770,MA-0271,07,08,Oak Middle School,Shrewsbury,Worcester County,45 Oak Street,Shrewsbury,MA,01545,,(508)841-1200,21,"Suburban, Large",No,914.00000,64.11000,14.2600000,?,?,137.00000,Regular,Open
251047002535,MA-0261-02610025,2510470,MA-0261,03,06,Oak Ridge,Sandwich,Barnstable County,260 Quaker Mtg Hs Rd,East Sandwich,MA,02537,1398,(508)833-0111,41,"Rural, Fringe",No,673.00000,56.75000,11.8600000,?,?,181.00000,Regular,Open
250501000741,MA-0101-01010030,2505010,MA-0101,KG,05,Oak Street Elementary,Franklin,Norfolk County,224 Oak Street,Franklin,MA,02038,,(508)541-7890,21,"Suburban, Large",No,398.00000,30.76000,12.9400000,?,?,89.00000,Regular,Open
250405000552,MA-0073-00730030,2504050,MA-0073,01,05,Oakdale,Dedham,Norfolk County,147 Cedar Street,Dedham,MA,02026,,(781)310-6000,21,"Suburban, Large",No,262.00000,24.47000,10.7100000,?,?,42.00000,Regular,Open
250000102402,MA-0753-07530025,2500001,MA-0753,KG,05,Oakham Center,Quabbin,Worcester County,1 Deacon Allen Drive,Oakham,MA,01068,,(508)882-3392,42,"Rural, Distant",No,152.00000,10.40000,14.6200000,?,?,34.00000,Regular,Open
250204000069,MA-0610-06100505,2502040,MA-0610,09,12,Oakmont Regional High School,Ashburnham-Westminster,Worcester County,9 Oakmont Drive,Ashburnham,MA,01430,1670,(978)827-5907,41,"Rural, Fringe",No,633.00000,46.41000,13.6400000,?,?,147.00000,Regular,Open
250279000339,MA-0035-00350258,2502790,MA-0035,03,08,Ohrenberger School,Boston,Suffolk County,175 West Boundary Road,West Roxbury,MA,02132,,(617)635-8157,11,"City, Large",No,477.00000,42.25000,11.2900000,?,?,337.00000,Regular,Open
250914001471,MA-0855-08550605,2509140,MA-0855,09,12,Old Colony Regional Vocational Technical,Old Colony Regional Vocational Technical,Plymouth County,476 North Avenue,Rochester,MA,02770,,(508)763-8011,41,"Rural, Fringe",No,554.00000,61.00000,9.0800000,?,?,117.00000,Vocational,Open
250747001149,MA-0173-01730010,2507470,MA-0173,04,06,Old Hammondtown,Mattapoisett,Plymouth County,20 Shaw Street,Mattapoisett,MA,02739,,(508)758-6241,22,"Suburban, Midsize",No,154.00000,16.03000,9.6100000,?,?,25.00000,Regular,Open
250930002594,MA-0227-02270008,2509300,MA-0227,PK,06,Old Mill Pond,Palmer,Hampden County,4107 Main Street,Palmer,MA,01069,1869,(413)283-4300,21,"Suburban, Large",No,677.00000,52.10000,12.9900000,?,?,367.00000,Regular,Open
251197001961,MA-0307-03070018,2511970,MA-0307,KG,05,Old Post Road,Walpole,Norfolk County,99 Old Post Road,East Walpole,MA,02032,,(508)660-7219,21,"Suburban, Large",No,458.00000,32.50000,14.0900000,?,?,44.00000,Regular,Open
250915001472,MA-0740-07400505,2509150,MA-0740,09,12,Old Rochester Regional High,Old Rochester,Plymouth County,135 Marion Rd,Mattapoisett,MA,02739,,(508)758-3745,41,"Rural, Fringe",No,643.00000,51.40000,12.5100000,?,?,138.00000,Regular,Open
250915001473,MA-0740-07400405,2509150,MA-0740,07,08,Old Rochester Regional Jr High,Old Rochester,Plymouth County,133 Marion Rd,Mattapoisett,MA,02739,,(508)758-4928,41,"Rural, Fringe",No,407.00000,36.83000,11.0500000,?,?,96.00000,Regular,Open
250058702877,MA-3515-35150205,2500587,MA-3515,KG,08,Old Sturbridge Academy Charter Public School,Old Sturbridge Academy Charter Public School,Worcester County,1 Old Sturbridge Village Road,Sturbridge,MA,01566,,(508)347-0283,41,"Rural, Fringe",Yes,356.00000,24.50000,14.5300000,?,?,172.00000,Regular,Open
250462000623,MA-0088-00880505,2504620,MA-0088,09,12,Oliver Ames High,Easton,Bristol County,100 Lothrop Street,North Easton,MA,02356,2099,(508)230-3210,21,"Suburban, Large",No,1045.00000,82.72000,12.6300000,?,?,195.00000,Regular,Open
250666002799,MA-0149-01490048,2506660,MA-0149,01,05,Oliver Elementary School,Lawrence,Essex County,303 Haverhill Street,Lawrence,MA,01840,,(978)722-8170,21,"Suburban, Large",No,469.00000,43.00000,10.9100000,?,?,426.00000,Regular,Open
250666002805,MA-0149-01490049,2506660,MA-0149,06,08,Oliver Middle School,Lawrence,Essex County,233 Haverhill Street,Lawrence,MA,01840,,(978)722-8670,21,"Suburban, Large",No,348.00000,30.00000,11.6000000,?,?,299.00000,Regular,Open
250279002006,MA-0035-00350257,2502790,MA-0035,PK,08,Orchard Gardens K-8 School,Boston,Suffolk County,906 Albany Street,Roxbury,MA,02119,,(617)635-1656,11,"City, Large",No,689.00000,67.51000,10.2100000,?,?,572.00000,Regular,Open
250921001477,MA-0224-02240005,2509210,MA-0224,KG,05,Orleans Elementary,Orleans,Barnstable County,46 Eldredge Pkwy,Orleans,MA,02653,,(508)255-0380,21,"Suburban, Large",No,149.00000,20.43000,7.2900000,?,?,59.00000,Regular,Open
250309000405,MA-0044-00440078,2503090,MA-0044,KG,05,Oscar F Raymond,Brockton,Plymouth County,125 Oak Street,Brockton,MA,02301,1391,(508)580-7364,21,"Suburban, Large",No,864.00000,48.40000,17.8500000,?,?,729.00000,Regular,Open
250279000257,MA-0035-00350156,2502790,MA-0035,PK,06,Otis Elementary School,Boston,Suffolk County,218 Marion Street,East Boston,MA,02128,,(617)635-8372,11,"City, Large",No,408.00000,30.45000,13.4000000,?,?,262.00000,Regular,Open
250198000063,MA-0010-00100410,2501980,MA-0010,07,08,Ottoson Middle,Arlington,Middlesex County,63 Acton Street,Arlington,MA,02476,,(781)316-3745,21,"Suburban, Large",No,963.00000,84.51000,11.4000000,?,?,100.00000,Regular,Open
250204000831,MA-0610-06100305,2502040,MA-0610,06,08,Overlook Middle School,Ashburnham-Westminster,Worcester County,10 Oakmont Drive,Ashburnham,MA,01430,,(978)827-1425,41,"Rural, Fringe",No,576.00000,39.10000,14.7300000,?,?,140.00000,Regular,Open
250927001482,MA-0226-02260505,2509270,MA-0226,09,12,Oxford High,Oxford,Worcester County,100 Carbuncle Drive,Oxford,MA,01540,1299,(508)987-6081,21,"Suburban, Large",No,453.00000,43.86000,10.3300000,?,?,209.00000,Regular,Open
250927001483,MA-0226-02260405,2509270,MA-0226,06,08,Oxford Middle,Oxford,Worcester County,497 Main Street,Oxford,MA,01540,1789,(508)987-6074,21,"Suburban, Large",No,385.00000,38.29000,10.0500000,?,?,166.00000,Regular,Open
251098001221,MA-0276-02760305,2510980,MA-0276,06,08,P Brent Trottier,Southborough,Worcester County,49 Parkerville Rd,Southborough,MA,01772,,(508)485-2400,21,"Suburban, Large",No,404.00000,40.96000,9.8600000,?,?,32.00000,Regular,Open
250054202736,MA-0616-06160002,2500542,MA-0616,PK,05,Page Hilltop Elementary School,Ayer Shirley School District,Middlesex County,115 Washington Street,Ayer,MA,01432,,(978)772-8600,21,"Suburban, Large",No,539.00000,42.80000,12.5900000,?,?,197.00000,Regular,Open
250222000103,MA-0017-00170025,2502220,MA-0017,KG,02,Pakachoag School,Auburn,Worcester County,110 Pakachoag Street,Auburn,MA,01501,,(508)832-7788,21,"Suburban, Large",No,249.00000,17.03000,14.6200000,?,?,77.00000,Regular,Open
250930001485,MA-0227-02270505,2509300,MA-0227,07,12,Palmer High,Palmer,Hampden County,4105 Main Street,Palmer,MA,01069,1868,(413)283-6511,21,"Suburban, Large",No,416.00000,46.95000,8.8600000,?,?,228.00000,Regular,Open
250420002428,MA-0650-06500010,2504200,MA-0650,PK,04,Palmer River,Dighton-Rehoboth,Bristol County,326 Winthrop Street,Rehoboth,MA,02769,1816,(508)252-5100,41,"Rural, Fringe",No,618.00000,44.02000,14.0400000,?,?,112.00000,Regular,Open
251263002606,MA-0325-03250036,2512630,MA-0325,KG,04,Paper Mill,Westfield,Hampden County,148 Paper Mill Rd,Westfield,MA,01085,3899,(413)572-6519,21,"Suburban, Large",No,312.00000,27.84000,11.2100000,?,?,158.00000,Regular,Open
251115002449,MA-0370-03700026,2511150,MA-0370,01,12,Pappas Rehabilitation Hospital for Children,Institutional Schools,Norfolk County,3 Randolph Street,Canton,MA,02021,,(781)338-3305,21,"Suburban, Large",No,?,?,?,?,?,?,Special Education,Open
251224002018,MA-0316-03160015,2512240,MA-0316,PK,04,Park Avenue Elementary,Webster,Worcester County,58 Park Avenue,Webster,MA,01570,,(508)943-4554,21,"Suburban, Large",No,738.00000,62.50000,11.8100000,?,?,551.00000,Regular,Open
250630002041,MA-0138-01380003,2506300,MA-0138,PK,PK,Park Street School,Hopedale,Worcester County,6 Park Street,Hopedale,MA,01747,,(508)634-2213,21,"Suburban, Large",No,94.00000,5.10000,18.4300000,?,?,14.00000,Regular,Open
250267000184,MA-0031-00310015,2502670,MA-0031,KG,04,Parker,Billerica,Middlesex County,52 River Street,Billerica,MA,01821,,(978)528-8610,21,"Suburban, Large",No,446.00000,32.79000,13.6000000,?,?,131.00000,Regular,Open
251077001559,MA-0271-02710040,2510770,MA-0271,PK,PK,Parker Road Preschool,Shrewsbury,Worcester County,15 Parker Road,Shrewsbury,MA,01545,,(508)841-8646,21,"Suburban, Large",No,193.00000,11.00000,17.5500000,?,?,47.00000,Regular,Open
250477001521,MA-0093-00930058,2504770,MA-0093,KG,08,Parlin School,Everett,Middlesex County,587 Broadway Street,Everett,MA,02149,,(617)394-2480,21,"Suburban, Large",No,992.00000,70.37000,14.1000000,?,?,756.00000,Regular,Open
250501002519,MA-0101-01010032,2505010,MA-0101,KG,05,Parmenter,Franklin,Norfolk County,235 Wachusett Street,Franklin,MA,02038,,(508)541-5281,21,"Suburban, Large",No,309.00000,22.34000,13.8300000,?,?,94.00000,Regular,Open
250666002623,MA-0149-01490027,2506660,MA-0149,05,08,Parthum Middle School,Lawrence,Essex County,255 East Haverhill Street,Lawrence,MA,01841,,(978)691-7224,21,"Suburban, Large",No,585.00000,42.00000,13.9300000,?,?,482.00000,Regular,Open
250931002285,MA-0860-08600605,2509310,MA-0860,09,12,Pathfinder Vocational Technical,Pathfinder Regional Vocational Technical,Hampden County,240 Sykes Street,Palmer,MA,01069,1200,(413)283-9701,21,"Suburban, Large",No,660.00000,66.39000,9.9400000,?,?,258.00000,Vocational,Open
250648000936,MA-0144-01440007,2506480,MA-0144,PK,05,Paul F Doyon Memorial,Ipswich,Essex County,216 Linebrook Rd,Ipswich,MA,01938,,(978)356-5506,41,"Rural, Fringe",No,366.00000,34.85000,10.5000000,?,?,58.00000,Regular,Open
250171000008,MA-0600-06000025,2501710,MA-0600,KG,06,Paul P Gates Elementary School,Acton-Boxborough,Middlesex County,75 Spruce Street,Acton,MA,01720,,(978)266-2570,21,"Suburban, Large",No,380.00000,30.00000,12.6700000,?,?,47.00000,Regular,Open
250705001055,MA-0161-01610305,2507050,MA-0161,06,08,Paul R Baird Middle,Ludlow,Hampden County,1 Rooney Road,Ludlow,MA,01056,2595,(413)583-5685,21,"Suburban, Large",No,513.00000,46.00000,11.1500000,?,?,200.00000,Regular,Open
251005001629,MA-0248-02480050,2510050,MA-0248,KG,05,Paul Revere,Revere,Suffolk County,395 Revere Street,Revere,MA,02151,,(781)286-8278,21,"Suburban, Large",No,497.00000,45.33000,10.9600000,?,?,318.00000,Regular,Open
250702001044,MA-0160-01600036,2507020,MA-0160,PK,04,Pawtucketville Memorial,Lowell,Middlesex County,425 West Meadow Road,Lowell,MA,01854,,(978)937-7667,21,"Suburban, Large",No,463.00000,34.00000,13.6200000,?,?,275.00000,Regular,Open
251188001492,MA-0775-07750040,2511880,MA-0775,KG,08,Paxton Center,Wachusett,Worcester County,19 West Street,Paxton,MA,01612,,(508)798-8576,41,"Rural, Fringe",No,448.00000,35.04000,12.7900000,?,?,81.00000,Regular,Open
250327000447,MA-0049-00490050,2503270,MA-0049,PK,05,Peabody,Cambridge,Middlesex County,70 Rindge Avenue,Cambridge,MA,02140,,(617)349-6530,12,"City, Midsize",No,314.00000,28.00000,11.2100000,?,?,97.00000,Regular,Open
250936002927,MA-0229-02290705,2509360,MA-0229,04,12,Peabody Personalized Remote Education Program,Peabody,Essex County,485R Lowell Street,Peabody,MA,01960,,(978)536-4554,21,"Suburban, Large",No,97.00000,6.22000,15.5900000,?,?,66.00000,Regular,Open
250936001504,MA-0229-02290510,2509360,MA-0229,09,12,Peabody Veterans Memorial High,Peabody,Essex County,485 Lowell Street,Peabody,MA,01960,1392,(978)536-4500,21,"Suburban, Large",No,1333.00000,129.42000,10.3000000,?,?,614.00000,Regular,Open
250198000065,MA-0010-00100045,2501980,MA-0010,KG,05,Peirce,Arlington,Middlesex County,85 Park Avenue Ext,Arlington,MA,02474,,(781)316-3736,21,"Suburban, Large",No,318.00000,24.11000,13.1900000,?,?,35.00000,Regular,Open
250861001377,MA-0207-02070100,2508610,MA-0207,KG,05,Peirce,Newton,Middlesex County,170 Temple Street,West Newton,MA,02465,,(617)559-9630,13,"City, Small",No,249.00000,21.20000,11.7500000,?,?,31.00000,Regular,Open
250939001507,MA-0230-02300005,2509390,MA-0230,KG,06,Pelham Elementary,Pelham,Hampshire County,45 Amherst Rd,Pelham,MA,01002,,(413)362-1100,23,"Suburban, Small",No,128.00000,12.00000,10.6700000,?,?,34.00000,Regular,Open
250942001823,MA-0231-02310305,2509420,MA-0231,07,08,Pembroke Community Middle School,Pembroke,Plymouth County,559 School Street,Pembroke,MA,02359,,(781)293-8627,21,"Suburban, Large",No,353.00000,28.44000,12.4100000,?,?,56.00000,Regular,Open
250942001824,MA-0231-02310505,2509420,MA-0231,09,12,Pembroke High School,Pembroke,Plymouth County,80 Learning Lane,Pembroke,MA,02359,,(781)293-9281,21,"Suburban, Large",No,690.00000,56.05000,12.3100000,?,?,120.00000,Regular,Open
250522000765,MA-0105-01050010,2505220,MA-0105,KG,06,Penn Brook,Georgetown,Essex County,68 Elm Street,Georgetown,MA,01833,2598,(978)352-5785,21,"Suburban, Large",No,674.00000,38.74000,17.4000000,?,?,86.00000,Regular,Open
250597001169,MA-0128-01280054,2505970,MA-0128,KG,05,Pentucket Lake Elementary,Haverhill,Essex County,252 Concord Street,Haverhill,MA,01830,,(978)374-2421,21,"Suburban, Large",No,527.00000,48.00000,10.9800000,?,?,362.00000,Regular,Open
250945001512,MA-0745-07450405,2509450,MA-0745,07,08,Pentucket Regional Middle,Pentucket,Essex County,24 Main Street,West Newbury,MA,01985,1899,(978)363-5507,21,"Suburban, Large",No,335.00000,26.83000,12.4900000,?,?,56.00000,Regular,Open
250945001513,MA-0745-07450505,2509450,MA-0745,09,12,Pentucket Regional Sr High,Pentucket,Essex County,24 Main Street,West Newbury,MA,01985,1898,(978)363-5507,21,"Suburban, Large",No,578.00000,49.92000,11.5800000,?,?,95.00000,Regular,Open
250279000292,MA-0035-00350231,2502790,MA-0035,PK,06,Perkins Elementary School,Boston,Suffolk County,50 Burke Street,South Boston,MA,02127,,(617)635-8601,11,"City, Large",No,167.00000,18.90000,8.8400000,?,?,149.00000,Regular,Open
250522000766,MA-0105-01050005,2505220,MA-0105,PK,PK,Perley Elementary,Georgetown,Essex County,51 North Street,Georgetown,MA,01833,1699,(978)352-5780,21,"Suburban, Large",No,68.00000,4.00000,17.0000000,?,?,7.00000,Regular,Open
250279000297,MA-0035-00350255,2502790,MA-0035,PK,06,Perry Elementary School,Boston,Suffolk County,745 E. 7th Street,South Boston,MA,02127,,(617)635-8840,11,"City, Large",No,213.00000,20.65000,10.3100000,?,?,67.00000,Regular,Open
251134001877,MA-0288-02880030,2511340,MA-0288,PK,05,Peter Noyes,Sudbury,Middlesex County,280 Old Sudbury Road,Sudbury,MA,01776,,(978)443-1085,41,"Rural, Fringe",No,508.00000,43.80000,11.6000000,?,?,26.00000,Regular,Open
250219001294,MA-0016-00160050,2502190,MA-0016,KG,04,Peter Thacher Elementary School,Attleboro,Bristol County,160 James Street,Attleboro,MA,02703,,(508)226-4162,21,"Suburban, Large",No,467.00000,35.22000,13.2600000,?,?,224.00000,Regular,Open
250702001045,MA-0160-01600040,2507020,MA-0160,PK,04,Peter W Reilly,Lowell,Middlesex County,115 Douglas Road,Lowell,MA,01852,,(978)937-7652,21,"Suburban, Large",No,471.00000,36.98000,12.7400000,?,?,253.00000,Regular,Open
250954001514,MA-0234-02340005,2509540,MA-0234,KG,06,Petersham Center,Petersham,Worcester County,31 Spring Street,Petersham,MA,01366,,(978)724-3363,42,"Rural, Distant",No,142.00000,12.50000,11.3600000,?,?,43.00000,Regular,Open
251017001708,MA-0251-02510060,2510170,MA-0251,01,04,Phelps Elementary School,Rockland,Plymouth County,1 Lt. Col. Brian Duffy Way,Rockland,MA,02370,,(781)871-8585,21,"Suburban, Large",No,639.00000,47.25000,13.5200000,?,?,316.00000,Regular,Open
250279000264,MA-0035-00350172,2502790,MA-0035,PK,06,Philbrick Elementary School,Boston,Suffolk County,40 Philbrick Street,Roslindale,MA,02131,,(617)635-8069,11,"City, Large",No,131.00000,13.33000,9.8300000,?,?,79.00000,Regular,Open
251251001242,MA-0332-03320007,2512510,MA-0332,PK,05,Philip G Coburn,West Springfield,Hampden County,115 Southworth Street,West Springfield,MA,01089,,(413)263-3318,21,"Suburban, Large",No,699.00000,64.96000,10.7600000,?,?,548.00000,Regular,Open
250009002112,MA-0493-04930505,2500090,MA-0493,09,12,Phoenix Academy Charter Public High School Chelsea,Phoenix Academy Charter Public High School Chelsea,Suffolk County,175 Hawthorne Street,Chelsea,MA,02150,,(617)889-3100,21,"Suburban, Large",Yes,198.00000,9.93000,19.9400000,?,?,151.00000,Other/Alternative,Open
250059002886,MA-3518-35180505,2500590,MA-3518,09,12,Phoenix Academy Public Charter High School Lawrence,Phoenix Academy Public Charter High School Lawrence,Essex County,15 Union Street,Lawrence,MA,01840,,(978)722-8410,21,"Suburban, Large",Yes,140.00000,5.02000,27.8900000,?,?,120.00000,Other/Alternative,Open
250055502821,MA-3508-35080505,2500555,MA-3508,09,12,Phoenix Academy Public Charter High School Springfield,Phoenix Academy Public Charter High School Springfield,Hampden County,65 Lincoln Street,Springfield,MA,01105,,(413)273-1236,12,"City, Midsize",Yes,158.00000,11.50000,13.7400000,?,?,151.00000,Other/Alternative,Open
250711001083,MA-0163-01630420,2507110,MA-0163,06,08,Pickering Middle,Lynn,Essex County,70 Conomo Avenue,Lynn,MA,01904,,(781)477-7440,21,"Suburban, Large",No,583.00000,59.02000,9.8800000,?,?,345.00000,Regular,Open
250315000422,MA-0046-00460040,2503150,MA-0046,KG,08,Pierce,Brookline,Norfolk County,50 School Street,Brookline,MA,02446,,(617)730-2583,21,"Suburban, Large",No,592.00000,44.50000,13.3000000,?,?,84.00000,Regular,Open
250324000432,MA-0048-00480020,2503240,MA-0048,KG,05,Pine Glen Elementary,Burlington,Middlesex County,1 Pine Glen Way,Burlington,MA,01803,,(781)270-1712,21,"Suburban, Large",No,320.00000,33.37000,9.5900000,?,?,49.00000,Regular,Open
251174001651,MA-0773-07730025,2511740,MA-0773,PK,06,Pine Grove,Triton,Essex County,191 Main Street,Rowley,MA,01969,0541,(978)948-2520,41,"Rural, Fringe",No,429.00000,38.29000,11.2000000,?,?,83.00000,Regular,Open
251071001709,MA-0269-02690010,2510710,MA-0269,PK,05,Pine Hill,Sherborn,Middlesex County,10 Pine Hill Lane,Sherborn,MA,01770,,(508)655-0630,41,"Rural, Fringe",No,397.00000,37.60000,10.5600000,?,?,21.00000,Regular,Open
251281002951,MA-0335-03350030,2512810,MA-0335,PK,05,Pine Hill Elementary School,Westwood,Norfolk County,790 Gay Street,Westwood,MA,02090,,(781)326-7500,21,"Suburban, Large",No,473.00000,34.79000,13.6000000,?,?,43.00000,Regular,Open
250051802632,MA-0494-04940205,2500518,MA-0494,KG,12,Pioneer Charter School of Science,Pioneer Charter School of Science,Middlesex County,51-59 Summer Street,Everett,MA,01249,,(617)389-7277,21,"Suburban, Large",Yes,795.00000,71.95000,11.0500000,?,?,376.00000,Regular,Open
250054602780,MA-3506-35060505,2500546,MA-3506,KG,12,Pioneer Charter School of Science II,Pioneer Charter School of Science II,Essex County,97 Main Street,Saugus,MA,01906,,(781)666-3945,21,"Suburban, Large",Yes,621.00000,52.70000,11.7800000,?,?,265.00000,Regular,Open
250051702619,MA-0497-04970205,2500517,MA-0497,KG,12,Pioneer Valley Chinese Immersion Charter School,Pioneer Valley Chinese Immersion Charter,Hampshire County,317 Russell Street,Hadley,MA,01035,,(413)582-7040,23,"Suburban, Small",Yes,584.00000,71.49000,8.1700000,?,?,103.00000,Regular,Open
250004400816,MA-0479-04790505,2500044,MA-0479,07,12,Pioneer Valley Performing Arts Charter Public School,Pioneer Valley Performing Arts Charter Public,Hampshire County,15 Mulligan Drive,South Hadley,MA,01075,,(413)552-1580,21,"Suburban, Large",Yes,397.00000,42.65000,9.3100000,?,?,152.00000,Regular,Open
250960001515,MA-0750-07500505,2509600,MA-0750,07,12,Pioneer Valley Regional,Pioneer Valley,Franklin County,97 F Sumner Turner Rd,Northfield,MA,01360,,(413)498-2931,41,"Rural, Fringe",No,239.00000,22.33000,10.7000000,?,?,72.00000,Regular,Open
250963001526,MA-0236-02360505,2509630,MA-0236,09,12,Pittsfield High,Pittsfield,Berkshire County,300 East Street,Pittsfield,MA,01201,,(413)499-9535,13,"City, Small",No,727.00000,69.87000,10.4100000,?,?,426.00000,Regular,Open
250624001172,MA-0136-01360010,2506240,MA-0136,PK,02,Placentino Elementary,Holliston,Middlesex County,235 Woodland Street,Holliston,MA,01746,,(508)429-0647,21,"Suburban, Large",No,605.00000,42.15000,14.3500000,?,?,65.00000,Regular,Open
251092001753,MA-0278-02780015,2510920,MA-0278,PK,01,Plains Elementary,South Hadley,Hampshire County,00 Lyman Street,South Hadley,MA,01075,2900,(413)538-5068,21,"Suburban, Large",No,271.00000,19.67000,13.7800000,?,?,103.00000,Regular,Open
250309002691,MA-0044-00440422,2503090,MA-0044,06,08,Plouffe Middle School,Brockton,Plymouth County,250 Crescent Street,Brockton,MA,02302,,(508)894-4301,21,"Suburban, Large",No,627.00000,44.05000,14.2300000,?,?,523.00000,Regular,Open
250528000877,MA-0107-01070042,2505280,MA-0107,KG,05,Plum Cove School,Gloucester,Essex County,15 Hickory Street,Gloucester,MA,01930,,(978)282-3030,21,"Suburban, Large",No,217.00000,16.70000,12.9900000,?,?,63.00000,Regular,Open
250972002531,MA-0239-02390405,2509720,MA-0239,06,08,Plymouth Commun Intermediate,Plymouth,Plymouth County,117 Long Pond Road,Plymouth,MA,02360,,(508)830-4450,41,"Rural, Fringe",No,920.00000,83.38000,11.0300000,?,?,360.00000,Regular,Open
250972000318,MA-0239-02390003,2509720,MA-0239,PK,PK,Plymouth Early Childhood Center,Plymouth,Plymouth County,117 Long Pond Road,Plymouth,MA,02360,,(508)830-4450,41,"Rural, Fringe",No,225.00000,13.56000,16.5900000,?,?,67.00000,Regular,Open
250972000320,MA-0239-02390505,2509720,MA-0239,09,12,Plymouth North High,Plymouth,Plymouth County,41 Obery Street,Plymouth,MA,02360,,(508)830-4400,21,"Suburban, Large",No,1169.00000,105.05000,11.1300000,?,?,365.00000,Regular,Open
250609000873,MA-0131-01310019,2506090,MA-0131,KG,05,Plymouth River,Hingham,Plymouth County,200 High Street,Hingham,MA,02043,2523,(781)741-1530,21,"Suburban, Large",No,352.00000,31.63000,11.1300000,?,?,28.00000,Regular,Open
250972000325,MA-0239-02390515,2509720,MA-0239,09,12,Plymouth South High,Plymouth,Plymouth County,490 Long Pond Road,Plymouth,MA,02360,,(508)224-7512,21,"Suburban, Large",No,1001.00000,98.97000,10.1100000,?,?,238.00000,Regular,Open
250972001380,MA-0239-02390305,2509720,MA-0239,06,08,Plymouth South Middle,Plymouth,Plymouth County,488 Long Pond Road,Plymouth,MA,02360,,(508)224-2725,21,"Suburban, Large",No,601.00000,52.33000,11.4800000,?,?,157.00000,Regular,Open
250987001381,MA-0243-02430325,2509870,MA-0243,05,08,Point Webster Middle,Quincy,Norfolk County,60 Lancaster Street,Quincy,MA,02169,,(617)984-6600,21,"Suburban, Large",No,377.00000,32.47000,11.6100000,?,?,233.00000,Regular,Open
250837001308,MA-0199-01990405,2508370,MA-0199,07,08,Pollard Middle,Needham,Norfolk County,200 Harris Avenue,Needham,MA,02492,,(781)455-0480,21,"Suburban, Large",No,867.00000,79.08000,10.9600000,?,?,77.00000,Regular,Open
250498000731,MA-0100-01000039,2504980,MA-0100,KG,05,Potter Road,Framingham,Middlesex County,492 Potter Rd,Framingham,MA,01701,3284,(508)626-9110,13,"City, Small",No,540.00000,42.30000,12.7700000,?,?,311.00000,Regular,Open
250001302845,MA-0766-07660315,2500013,MA-0766,03,06,Powder Mill School,Southwick-Tolland-Granville Regional School District,Hampden County,94 Powder Mill Rd,Southwick,MA,01077,,(413)569-5951,21,"Suburban, Large",No,383.00000,35.23000,10.8700000,?,?,128.00000,Regular,Open
251227002893,MA-0317-03170001,2512270,MA-0317,PK,PK,Preschool at Wellesley Schools,Wellesley,Norfolk County,63 Hastings Street,Wellesley,MA,02481,,(781)446-6222,21,"Suburban, Large",No,87.00000,9.00000,9.6700000,?,?,7.00000,Regular,Open
250678000990,MA-0153-01530040,2506780,MA-0153,KG,KG,Priest Street,Leominster,Worcester County,115 Priest Street,Leominster,MA,01453,,(978)534-7761,22,"Suburban, Midsize",No,151.00000,10.59000,14.2600000,?,?,92.00000,Regular,Open
251167001928,MA-0298-02980005,2511670,MA-0298,04,06,Proctor Elementary,Topsfield,Essex County,60 Main Street,Topsfield,MA,01983,1497,(978)887-1530,21,"Suburban, Large",No,251.00000,24.04000,10.4400000,?,?,14.00000,Regular,Open
250309002936,MA-0044-00440525,2503090,MA-0044,09,11,PROMISE College and Career Academy,Brockton,Plymouth County,596 Summer Street,Brockton,MA,02302,,(774)422-0805,21,"Suburban, Large",No,138.00000,8.65000,15.9500000,?,?,88.00000,Regular,Open
250004600819,MA-0487-04870550,2500046,MA-0487,PK,12,Prospect Hill Academy Charter School,Prospect Hill Academy Charter,Middlesex County,50 Essex Street,Cambridge,MA,02139,,(617)284-7800,12,"City, Midsize",Yes,890.00000,84.34000,10.5500000,?,?,510.00000,Regular,Open
250984002694,MA-0242-02420020,2509840,MA-0242,PK,08,Provincetown Schools,Provincetown,Barnstable County,12 Winslow Street,Provincetown,MA,02657,,(508)487-5000,31,"Town, Fringe",No,152.00000,19.75000,7.7000000,?,?,62.00000,Regular,Open
250327002768,MA-0049-00490310,2503270,MA-0049,06,08,Putnam Avenue Upper School,Cambridge,Middlesex County,100 Putnam Avenue,Cambridge,MA,02139,,(617)349-7780,12,"City, Midsize",No,283.00000,31.60000,8.9600000,?,?,119.00000,Regular,Open
250702001038,MA-0160-01600018,2507020,MA-0160,PK,08,Pyne Arts,Lowell,Middlesex County,145 Boylston Street,Lowell,MA,01852,,(978)937-7639,21,"Suburban, Large",No,462.00000,38.90000,11.8800000,?,?,273.00000,Regular,Open
250000101558,MA-0753-07530505,2500001,MA-0753,09,12,Quabbin Regional High School,Quabbin,Worcester County,800 South Street,Barre,MA,01005,,(978)355-4651,42,"Rural, Distant",No,545.00000,42.40000,12.8500000,?,?,173.00000,Regular,Open
250000102003,MA-0753-07530405,2500001,MA-0753,06,08,Quabbin Regional Middle School,Quabbin,Worcester County,800 South Street,Barre,MA,01005,,(978)355-4651,42,"Rural, Distant",No,510.00000,34.65000,14.7200000,?,?,178.00000,Regular,Open
251210002935,MA-0778-07780001,2512100,MA-0778,PK,PK,Quaboag Integrated Preschool,Quaboag Regional,Worcester County,284 Old West Brookfield Road,Warren,MA,01083,,(413)436-9256,42,"Rural, Distant",No,53.00000,2.00000,26.5000000,?,?,23.00000,Regular,Open
251210001994,MA-0778-07780505,2512100,MA-0778,09,12,Quaboag Regional High,Quaboag Regional,Worcester County,284 Old West Brookfield Road,Warren,MA,01083,0909,(413)436-5991,42,"Rural, Distant",No,334.00000,33.44000,9.9900000,?,?,138.00000,Regular,Open
251210002794,MA-0778-07780305,2512100,MA-0778,07,08,Quaboag Regional Middle Innovation School,Quaboag Regional,Worcester County,284 Old West Brookfield Road,Warren,MA,01083,,(413)436-5991,42,"Rural, Distant",No,196.00000,10.88000,18.0100000,?,?,87.00000,Regular,Open
250804002905,MA-0191-01910010,2508040,MA-0191,PK,KG,Quarry Hill Community School,Monson,Hampden County,43 Margaret Street,Monson,MA,01057,,(413)267-4160,41,"Rural, Fringe",No,120.00000,10.12000,11.8600000,?,?,48.00000,Regular,Open
250744001546,MA-0172-01720035,2507440,MA-0172,03,06,Quashnet School,Mashpee,Barnstable County,150 Old Barnstable Road,Mashpee,MA,02649,,(508)539-1550,21,"Suburban, Large",No,399.00000,37.20000,10.7300000,?,?,171.00000,Regular,Open
250279000277,MA-0035-00350286,2502790,MA-0035,PK,05,Quincy Elementary School,Boston,Suffolk County,885 Washington Street,Boston,MA,02111,,(617)635-8497,11,"City, Large",No,731.00000,60.76000,12.0300000,?,?,418.00000,Regular,Open
250987001579,MA-0243-02430505,2509870,MA-0243,09,12,Quincy High,Quincy,Norfolk County,100 Coddington Street,Quincy,MA,02169,,(617)984-8751,21,"Suburban, Large",No,1514.00000,118.31000,12.8000000,?,?,836.00000,Regular,Open
250279001296,MA-0035-00350565,2502790,MA-0035,06,12,Quincy Upper School,Boston,Suffolk County,900 Washington Street,Boston,MA,02111,,(617)635-8940,11,"City, Large",No,557.00000,46.47000,11.9900000,?,?,375.00000,Regular,Open
251323002241,MA-0348-03480210,2513230,MA-0348,PK,06,Quinsigamond,Worcester,Worcester County,14 Blackstone River Rd.,Worcester,MA,01607,,(508)799-3502,12,"City, Midsize",No,738.00000,55.40000,13.3200000,?,?,615.00000,Regular,Open
251017001641,MA-0251-02510025,2510170,MA-0251,PK,KG,R Stewart Esten Early Childhood Center,Rockland,Plymouth County,733 Summer Street,Rockland,MA,02370,1044,(781)878-8336,21,"Suburban, Large",No,242.00000,20.75000,11.6600000,?,?,100.00000,Regular,Open
251326002850,MA-0349-03490010,2513260,MA-0349,PK,06,R. H. Conwell,Worthington,Hampshire County,147 Huntington Road,Worthington,MA,01098,,(413)238-5856,42,"Rural, Distant",No,76.00000,7.50000,10.1300000,?,?,28.00000,Regular,Open
250885001433,MA-0210-02100029,2508850,MA-0210,KG,05,R. K. Finn Ryan Road,Northampton,Hampshire County,498 Ryan Rd,Florence,MA,01062,,(413)587-1550,13,"City, Small",No,231.00000,24.80000,9.3100000,?,?,81.00000,Regular,Open
250528000779,MA-0107-01070305,2505280,MA-0107,06,08,Ralph B O'Maley Middle,Gloucester,Essex County,32 Cherry Street,Gloucester,MA,01930,,(978)281-9850,21,"Suburban, Large",No,619.00000,54.33000,11.3900000,?,?,279.00000,Regular,Open
250990001587,MA-0755-07550505,2509900,MA-0755,07,12,Ralph C Mahar Regional,Ralph C Mahar,Franklin County,PO Box 680,Orange,MA,01364,0680,(978)544-2542,31,"Town, Fringe",No,509.00000,56.31000,9.0400000,?,?,298.00000,Regular,Open
250225000108,MA-0018-00180010,2502250,MA-0018,PK,05,Ralph D Butler,Avon,Norfolk County,1 Patrick Clark Drive,Avon,MA,02322,,(508)587-7009,21,"Suburban, Large",No,323.00000,31.50000,10.2500000,?,?,133.00000,Regular,Open
251284002116,MA-0336-03360085,2512840,MA-0336,KG,05,Ralph Talbot,Weymouth,Norfolk County,277 Ralph Talbot Street,South Weymouth,MA,02190,,(781)335-7250,21,"Suburban, Large",No,300.00000,22.87000,13.1200000,?,?,101.00000,Regular,Open
250753001159,MA-0175-01750007,2507530,MA-0175,02,03,Ralph Wheelock School,Medfield,Norfolk County,17 Elm Street,Medfield,MA,02052,2832,(508)359-6316,21,"Suburban, Large",No,404.00000,22.30000,18.1200000,?,?,24.00000,Regular,Open
250993001392,MA-0244-02440410,2509930,MA-0244,06,08,Randolph Community Middle,Randolph,Norfolk County,225 High Street,Randolph,MA,02368,,(781)961-6243,21,"Suburban, Large",No,640.00000,56.00000,11.4300000,?,?,378.00000,Regular,Open
250993001596,MA-0244-02440505,2509930,MA-0244,09,12,Randolph High,Randolph,Norfolk County,70 Memorial Pkwy,Randolph,MA,02368,,(781)961-6220,21,"Suburban, Large",No,765.00000,54.00000,14.1700000,?,?,490.00000,Regular,Open
250789001251,MA-0186-01860025,2507890,MA-0186,03,06,Raymond E. Shaw Elementary,Millbury,Worcester County,58 Elmwood Street,Millbury,MA,01527,,(508)865-3541,21,"Suburban, Large",No,454.00000,35.45000,12.8100000,?,?,146.00000,Regular,Open
250171000013,MA-0600-06000405,2501710,MA-0600,07,08,Raymond J Grey Junior High,Acton-Boxborough,Middlesex County,16 Charter Rd,Acton,MA,01720,,(978)264-4700,21,"Suburban, Large",No,824.00000,67.43000,12.2200000,?,?,89.00000,Regular,Open
250303001674,MA-0625-06250315,2503030,MA-0625,05,08,Raynham Middle School,Bridgewater-Raynham,Bristol County,420 Titicut Rd,Raynham,MA,02767,,(508)977-0504,21,"Suburban, Large",No,710.00000,44.77000,15.8600000,?,?,197.00000,Regular,Open
250999001611,MA-0246-02460505,2509990,MA-0246,09,12,Reading Memorial High,Reading,Middlesex County,62 Oakland Road,Reading,MA,01867,,(781)944-8200,21,"Suburban, Large",No,1094.00000,90.25000,12.1200000,?,?,132.00000,Regular,Open
251113000341,MA-0281-02810055,2511130,MA-0281,PK,05,Rebecca M Johnson,Springfield,Hampden County,55 Catherine Street,Springfield,MA,01109,,(413)787-6687,12,"City, Midsize",No,589.00000,54.70000,10.7700000,?,?,549.00000,Regular,Open
250489000702,MA-0097-00970043,2504890,MA-0097,01,05,Reingold Elementary,Fitchburg,Worcester County,70 Reingold Avenue,Fitchburg,MA,01420,,(978)345-3287,22,"Suburban, Midsize",No,679.00000,54.00000,12.5700000,?,?,464.00000,Regular,Open
250501000871,MA-0101-01010310,2505010,MA-0101,06,08,Remington Middle,Franklin,Norfolk County,628 Washington Street,Franklin,MA,02038,,(508)541-2130,21,"Suburban, Large",No,358.00000,36.35000,9.8500000,?,?,87.00000,Regular,Open
250483002873,MA-0095-00950525,2504830,MA-0095,07,12,Resiliency Preparatory Academy,Fall River,Bristol County,290 Rock Street,Fall River,MA,02720,,(508)675-8230,21,"Suburban, Large",No,171.00000,24.37000,7.0200000,?,?,156.00000,Other/Alternative,Open
251005001630,MA-0248-02480505,2510050,MA-0248,09,12,Revere High,Revere,Suffolk County,101 School Street,Revere,MA,02151,,(781)286-8222,21,"Suburban, Large",No,2115.00000,155.88000,13.5700000,?,?,1361.00000,Regular,Open
251323002242,MA-0348-03480215,2513230,MA-0348,KG,06,Rice Square,Worcester,Worcester County,76 Massasoit Rd,Worcester,MA,01604,,(508)799-3556,12,"City, Midsize",No,502.00000,32.83000,15.2900000,?,?,391.00000,Regular,Open
251125001866,MA-0285-02850020,2511250,MA-0285,PK,05,Richard L. Wilkins Elementary School,Stoughton,Norfolk County,1322 Central Street,Stoughton,MA,02072,4410,(781)344-7005,21,"Suburban, Large",No,357.00000,27.51000,12.9800000,?,?,231.00000,Regular,Open
250462000983,MA-0088-00880025,2504620,MA-0088,03,05,Richardson Olmsted School,Easton,Bristol County,101 Lothrop Street,North Easton,MA,02356,2001,(508)230-3227,21,"Suburban, Large",No,755.00000,55.00000,13.7300000,?,?,155.00000,Regular,Open
250732001135,MA-0170-01700025,2507320,MA-0170,KG,05,Richer,Marlborough,Middlesex County,80 Foley Road,Marlborough,MA,01752,1922,(508)460-3504,21,"Suburban, Large",No,596.00000,44.95000,13.2600000,?,?,383.00000,Regular,Open
251008001635,MA-0249-02490005,2510080,MA-0249,PK,08,Richmond Consolidated,Richmond,Berkshire County,1831 State Rd,Richmond,MA,01254,,(413)698-2207,41,"Rural, Fringe",No,157.00000,17.38000,9.0300000,?,?,44.00000,Regular,Open
250327002746,MA-0049-00490315,2503270,MA-0049,06,08,Rindge Avenue Upper School,Cambridge,Middlesex County,70 Rindge Avenue,Cambridge,MA,02140,,(617)349-4060,12,"City, Midsize",No,292.00000,31.00000,9.4200000,?,?,88.00000,Regular,Open
250666002919,MA-0149-01490615,2506660,MA-0149,08,12,RISE Academy,Lawrence,Essex County,530 Broadway Street,Lawrence,MA,01841,,(978)975-5905,21,"Suburban, Large",No,74.00000,9.50000,7.7900000,?,?,65.00000,Other/Alternative,Open
250999002751,MA-0246-02460001,2509990,MA-0246,PK,PK,RISE PreSchool,Reading,Middlesex County,62 Oakland Road,Reading,MA,01867,,(781)942-9179,21,"Suburban, Large",No,116.00000,8.60000,13.4900000,?,?,7.00000,Regular,Open
250005701271,MA-0483-04830305,2500057,MA-0483,05,12,Rising Tide Charter Public School,Rising Tide Charter Public,Plymouth County,59 Armstrong Road,Plymouth,MA,02360,,(508)747-2620,21,"Suburban, Large",Yes,617.00000,58.30000,10.5800000,?,?,161.00000,Regular,Open
251266001740,MA-0326-03260055,2512660,MA-0326,PK,02,Rita E. Miller Elementary School,Westford,Middlesex County,1 Mitchell Way,Westford,MA,01886,,(978)392-4476,21,"Suburban, Large",No,281.00000,27.96000,10.0500000,?,?,32.00000,Regular,Open
250006201446,MA-0482-04820050,2500062,MA-0482,KG,08,River Valley Charter School,River Valley Charter,Essex County,2 Perry Way,Newburyport,MA,01950,,(978)465-0065,21,"Suburban, Large",Yes,288.00000,25.16000,11.4500000,?,?,?,Regular,Open
250405000554,MA-0073-00730045,2504050,MA-0073,01,05,Riverdale,Dedham,Norfolk County,143 Needham Street,Dedham,MA,02026,,(781)310-2000,21,"Suburban, Large",No,206.00000,21.46000,9.6000000,?,?,62.00000,Regular,Open
250399000536,MA-0071-00710030,2503990,MA-0071,PK,05,Riverside,Danvers,Essex County,95 Liberty Street,Danvers,MA,01923,2391,(978)774-5010,21,"Suburban, Large",No,350.00000,27.40000,12.7700000,?,?,78.00000,Regular,Open
250888001440,MA-0213-02130305,2508880,MA-0213,06,08,Robert E. Melican Middle School,Northborough,Worcester County,145 Lincoln Street,Northborough,MA,01532,,(508)351-7020,21,"Suburban, Large",No,545.00000,50.55000,10.7800000,?,?,96.00000,Regular,Open
250666002433,MA-0149-01490018,2506660,MA-0149,KG,04,Robert Frost,Lawrence,Essex County,33 Hamlet Street,Lawrence,MA,01843,,(978)975-5941,21,"Suburban, Large",No,568.00000,49.00000,11.5900000,?,?,429.00000,Regular,Open
250624001304,MA-0136-01360305,2506240,MA-0136,06,08,Robert H. Adams Middle School,Holliston,Middlesex County,323 Woodland Street,Holliston,MA,01746,,(508)429-0657,21,"Suburban, Large",No,626.00000,49.94000,12.5400000,?,?,63.00000,Regular,Open
250219000096,MA-0016-00160305,2502190,MA-0016,05,08,Robert J. Coelho Middle School,Attleboro,Bristol County,99 Brown Street,Attleboro,MA,02703,,(508)761-7551,21,"Suburban, Large",No,574.00000,37.34000,15.3700000,?,?,192.00000,Regular,Open
250711001073,MA-0163-01630050,2507110,MA-0163,01,05,Robert L Ford,Lynn,Essex County,49 Hollingsworth St,Lynn,MA,01902,,(781)477-7375,21,"Suburban, Large",No,410.00000,36.71000,11.1700000,?,?,328.00000,Regular,Open
250963001522,MA-0236-02360045,2509630,MA-0236,PK,05,Robert T. Capeless Elementary School,Pittsfield,Berkshire County,86 Brooks Avenue,Pittsfield,MA,01867,,(413)448-9665,13,"City, Small",No,176.00000,15.26000,11.5300000,?,?,102.00000,Regular,Open
250180000026,MA-0005-00050303,2501800,MA-0005,05,06,Roberta G. Doering School,Agawam,Hampden County,68 Main Street,Agawam,MA,01001,1801,(413)789-1400,21,"Suburban, Large",No,522.00000,42.42000,12.3100000,?,?,219.00000,Regular,Open
251122001855,MA-0284-02840025,2511220,MA-0284,KG,04,Robin Hood,Stoneham,Middlesex County,70 Oak Street,Stoneham,MA,02180,,(781)279-3870,21,"Suburban, Large",No,380.00000,30.12000,12.6200000,?,?,71.00000,Regular,Open
251014001637,MA-0250-02500005,2510140,MA-0250,PK,06,Rochester Memorial,Rochester,Plymouth County,16 Pine Street,Rochester,MA,02770,,(508)763-2049,41,"Rural, Fringe",No,473.00000,41.30000,11.4500000,?,?,83.00000,Regular,Open
251017001643,MA-0251-02510505,2510170,MA-0251,09,12,Rockland Senior High,Rockland,Plymouth County,52 MacKinlay Way,Rockland,MA,02370,1044,(781)871-0541,21,"Suburban, Large",No,590.00000,47.10000,12.5300000,?,?,265.00000,Regular,Open
251020002533,MA-0252-02520005,2510200,MA-0252,PK,05,Rockport Elementary,Rockport,Essex County,34 Jerdens Lane,Rockport,MA,01966,2196,(978)546-1220,21,"Suburban, Large",No,264.00000,29.05000,9.0900000,?,?,69.00000,Regular,Open
251020002597,MA-0252-02520510,2510200,MA-0252,06,12,Rockport Middle High,Rockport,Essex County,24 Jerdens Lane,Rockport,MA,01966,2196,(978)546-1234,21,"Suburban, Large",No,367.00000,44.00000,8.3400000,?,?,97.00000,Regular,Open
250330002635,MA-0050-00500010,2503300,MA-0050,PK,PK,Rodman Early Childhood Center,Canton,Norfolk County,960 Washington Street,Canton,MA,02021,,(781)821-5060,21,"Suburban, Large",No,121.00000,9.00000,13.4400000,?,?,30.00000,Regular,Open
250249000147,MA-0026-00260035,2502490,MA-0026,PK,03,Roger E Wellington,Belmont,Middlesex County,121 Orchard Street,Belmont,MA,02478,,(617)993-5600,21,"Suburban, Large",No,426.00000,32.20000,13.2300000,?,?,79.00000,Regular,Open
251113002293,MA-0281-02810620,2511130,MA-0281,09,12,Roger L. Putnam Vocational Technical Academy,Springfield,Hampden County,1300 State Street,Springfield,MA,01109,,(413)787-7424,12,"City, Midsize",No,1382.00000,116.76000,11.8400000,?,?,1011.00000,Vocational,Open
250702002761,MA-0160-01600005,2507020,MA-0160,KG,08,Rogers STEM Academy,Lowell,Middlesex County,43 Highland Street,Lowell,MA,01852,,(978)674-4331,21,"Suburban, Large",No,892.00000,68.00000,13.1200000,?,?,739.00000,Regular,Open
250723001004,MA-0167-01670003,2507230,MA-0167,PK,PK,Roland Green School,Mansfield,Bristol County,29 Dean Street,Mansfield,MA,02048,,(508)261-1561,21,"Suburban, Large",No,107.00000,7.00000,15.2900000,?,?,23.00000,Regular,Open
250315000418,MA-0046-00460025,2503150,MA-0046,PK,08,Roland Hayes,Brookline,Norfolk County,100 Eliot Street,Chestnut Hill,MA,02467,,(617)879-4570,21,"Suburban, Large",No,418.00000,31.31000,13.3500000,?,?,52.00000,Regular,Open
250666002651,MA-0149-01490001,2506660,MA-0149,PK,KG,Rollins Early Childhood Center,Lawrence,Essex County,451 Howard Street,Lawrence,MA,01841,,(978)722-8190,21,"Suburban, Large",No,157.00000,21.00000,7.4800000,?,?,131.00000,Regular,Open
251323002243,MA-0348-03480220,2513230,MA-0348,PK,06,Roosevelt,Worcester,Worcester County,1006 Grafton Street,Worcester,MA,01604,,(508)799-3482,12,"City, Midsize",No,604.00000,43.71000,13.8200000,?,?,392.00000,Regular,Open
250762001196,MA-0178-01780035,2507620,MA-0178,KG,05,Roosevelt,Melrose,Middlesex County,253 Vinton Street,Melrose,MA,02176,,(781)979-2270,21,"Suburban, Large",No,406.00000,26.65000,15.2300000,?,?,46.00000,Regular,Open
250873001408,MA-0212-02120015,2508730,MA-0212,KG,05,Roosevelt Avenue,North Attleborough,Bristol County,108 Roosevelt Avenue,North Attleborough,MA,02760,,(508)643-2151,21,"Suburban, Large",No,255.00000,20.00000,12.7500000,?,?,62.00000,Regular,Open
250279000239,MA-0035-00350116,2502790,MA-0035,PK,08,Roosevelt K-8 School,Boston,Suffolk County,95 Needham Road,Hyde Park,MA,02136,,(617)635-8676,11,"City, Large",No,364.00000,35.16000,10.3500000,?,?,236.00000,Regular,Open
250843001339,MA-0201-02010415,2508430,MA-0201,06,08,Roosevelt Middle School,New Bedford,Bristol County,119 Frederick Street,New Bedford,MA,02744,,(508)997-4511,22,"Suburban, Midsize",No,759.00000,75.50000,10.0500000,?,?,649.00000,Regular,Open
251242002037,MA-0323-03230003,2512420,MA-0323,01,03,Rose L Macdonald,West Bridgewater,Plymouth County,1 Stepping Stone Dr,West Bridgewater,MA,02379,,(508)894-1240,21,"Suburban, Large",No,296.00000,20.58000,14.3800000,?,?,74.00000,Regular,Open
251023001649,MA-0253-02530005,2510230,MA-0253,PK,06,Rowe Elementary,Rowe,Franklin County,86 Pond Road,Rowe,MA,01367,,(413)512-5100,42,"Rural, Distant",No,54.00000,9.67000,5.5800000,?,?,21.00000,Regular,Open
250006301453,MA-0484-04840505,2500063,MA-0484,05,12,Roxbury Preparatory Charter School,Roxbury Preparatory Charter,Suffolk County,120 Fisher Avenue,Roxbury,MA,02120,,(617)566-2361,11,"City, Large",Yes,1126.00000,43.63000,25.8100000,?,?,877.00000,Regular,Open
250216000931,MA-0615-06150050,2502160,MA-0615,PK,06,Royalston Community School,Athol-Royalston,Worcester County,96 Winchendon Rd,Royalston,MA,01368,,(978)249-2900,42,"Rural, Distant",No,152.00000,12.30000,12.3600000,?,?,75.00000,Regular,Open
250000102403,MA-0753-07530030,2500001,MA-0753,PK,05,Ruggles Lane,Quabbin,Worcester County,105 Ruggles Lane,Barre,MA,01005,,(978)355-2934,42,"Rural, Distant",No,402.00000,25.85000,15.5500000,?,?,151.00000,Regular,Open
251005001963,MA-0248-02480014,2510050,MA-0248,06,08,Rumney Marsh Academy,Revere,Suffolk County,140 American Legion Highway,Revere,MA,02151,,(781)388-3500,21,"Suburban, Large",No,587.00000,56.93000,10.3100000,?,?,396.00000,Regular,Open
250858001355,MA-0204-02040305,2508580,MA-0204,06,08,Rupert A Nock Middle,Newburyport,Essex County,70 Low Street,Newburyport,MA,01950,,(978)465-4447,21,"Suburban, Large",No,470.00000,50.43000,9.3200000,?,?,61.00000,Regular,Open
250279000337,MA-0035-00350366,2502790,MA-0035,PK,05,Russell Elementary School,Boston,Suffolk County,750 Columbia Road,Dorchester,MA,02125,,(617)635-8803,11,"City, Large",No,356.00000,30.00000,11.8700000,?,?,293.00000,Regular,Open
250696001013,MA-0158-01580015,2506960,MA-0158,03,05,Russell St Elementary,Littleton,Middlesex County,57 Russell Street,Littleton,MA,01460,,(978)540-2520,21,"Suburban, Large",No,375.00000,28.51000,13.1500000,?,?,38.00000,Regular,Open
250279001692,MA-0035-00350558,2502790,MA-0035,07,12,Ruth Batson Academy,Boston,Suffolk County,315 Mt Vernon St,Dorchester,MA,02125,,(617)635-8937,11,"City, Large",No,604.00000,62.97000,9.5900000,?,?,523.00000,Regular,Open
250702000088,MA-0160-01600075,2507020,MA-0160,PK,04,S Christa McAuliffe Elementary,Lowell,Middlesex County,570 Beacon Street,Lowell,MA,01850,,(978)937-2838,21,"Suburban, Large",No,501.00000,38.10000,13.1500000,?,?,385.00000,Regular,Open
250008401847,MA-0485-04850485,2500084,MA-0485,06,12,Salem Academy Charter School,Salem Academy Charter,Essex County,45 Congress St.,Salem,MA,01970,,(978)744-2105,21,"Suburban, Large",Yes,480.00000,43.55000,11.0200000,?,?,260.00000,Regular,Open
251038000127,MA-0258-02580001,2510380,MA-0258,PK,PK,Salem Early Childhood,Salem,Essex County,25 Memorial Drive,Salem,MA,01970,,(978)740-1221,21,"Suburban, Large",No,106.00000,11.50000,9.2200000,?,?,37.00000,Regular,Open
251038001664,MA-0258-02580505,2510380,MA-0258,09,12,Salem High,Salem,Essex County,77 Willson Street,Salem,MA,01970,,(978)740-1123,21,"Suburban, Large",No,952.00000,97.11000,9.8000000,?,?,587.00000,Regular,Open
251038002774,MA-0258-02580515,2510380,MA-0258,09,12,Salem Prep High School,Salem,Essex County,2 Museum Place Mall,Salem,MA,01970,,(978)740-1171,21,"Suburban, Large",No,23.00000,1.95000,11.7900000,?,?,19.00000,Regular,Open
250717001363,MA-0165-01650057,2507170,MA-0165,KG,08,Salemwood,Malden,Middlesex County,529 Salem Street,Malden,MA,02148,,(781)388-0647,21,"Suburban, Large",No,1033.00000,72.74000,14.2000000,?,?,754.00000,Regular,Open
251174001669,MA-0773-07730015,2511740,MA-0773,PK,06,Salisbury Elementary,Triton,Essex County,100 Lafayette Rd.,Salisbury,MA,01952,1999,(978)463-5852,21,"Suburban, Large",No,386.00000,42.79000,9.0200000,?,?,171.00000,Regular,Open
251038000773,MA-0258-02580050,2510380,MA-0258,KG,08,Saltonstall School,Salem,Essex County,211 Lafayette Street,Salem,MA,01970,,(978)740-1297,21,"Suburban, Large",No,412.00000,31.20000,13.2100000,?,?,272.00000,Regular,Open
250678000742,MA-0153-01530045,2506780,MA-0153,06,08,Samoset School,Leominster,Worcester County,100 DeCicco Dr,Leominster,MA,01453,,(978)534-7725,22,"Suburban, Midsize",No,495.00000,42.00000,11.7900000,?,?,261.00000,Regular,Open
251113001826,MA-0281-02810020,2511130,MA-0281,PK,05,Samuel Bowles,Springfield,Hampden County,24 Bowles Park,Springfield,MA,01104,,(413)787-7334,12,"City, Midsize",No,325.00000,31.40000,10.3500000,?,?,269.00000,Regular,Open
250483000677,MA-0095-00950145,2504830,MA-0095,KG,05,Samuel Watson,Fall River,Bristol County,935 Eastern Avenue,Fall River,MA,02723,,(508)675-8240,21,"Suburban, Large",No,287.00000,22.68000,12.6500000,?,?,246.00000,Regular,Open
250799001636,MA-0717-07170020,2507990,MA-0717,PK,06,Sanderson Academy,Mohawk Trail,Franklin County,808 Cape Street,Ashfield,MA,01330,9500,(413)628-4404,42,"Rural, Distant",No,125.00000,10.10000,12.3800000,?,?,56.00000,Regular,Open
251047001673,MA-0261-02610505,2510470,MA-0261,07,12,Sandwich Middle High School,Sandwich,Barnstable County,365 Quaker Meetinghouse Rd,East Sandwich,MA,02537,1398,(508)888-4900,21,"Suburban, Large",No,888.00000,83.15000,10.6800000,?,?,171.00000,Regular,Open
251260002604,MA-0321-03210305,2512600,MA-0321,07,08,Sarah W Gibbons Middle,Westborough,Worcester County,20 Fisher Street,Westborough,MA,01581,,(508)836-7740,21,"Suburban, Large",No,610.00000,57.97000,10.5200000,?,?,108.00000,Regular,Open
251050001684,MA-0262-02620505,2510500,MA-0262,09,12,Saugus High,Saugus,Essex County,1 Pearce Memorial Drive,Saugus,MA,01906,,(781)231-5027,21,"Suburban, Large",No,744.00000,48.12000,15.4600000,?,?,369.00000,Regular,Open
251050001685,MA-0262-02620305,2510500,MA-0262,06,08,Saugus Middle School,Saugus,Essex County,1 Pearce Memorial Dr.,Saugus,MA,01906,,(781)231-5027,21,"Suburban, Large",No,616.00000,45.26000,13.6100000,?,?,287.00000,Regular,Open
251227002503,MA-0317-03170045,2512270,MA-0317,KG,05,Schofield,Wellesley,Norfolk County,27 Cedar Street,Wellesley,MA,02481,,(781)446-6280,21,"Suburban, Large",No,291.00000,26.68000,10.9100000,?,?,29.00000,Regular,Open
250666002625,MA-0149-01490537,2506660,MA-0149,01,12,School for Exceptional Studies,Lawrence,Essex County,233 Haverhill St.,Lawrence,MA,01841,,(978)975-5980,21,"Suburban, Large",No,118.00000,31.20000,3.7800000,?,?,106.00000,Regular,Open
251056001693,MA-0264-02640505,2510560,MA-0264,09,12,Scituate High School,Scituate,Plymouth County,606 C J Cushing Hwy,Scituate,MA,02066,,(781)545-8750,21,"Suburban, Large",No,725.00000,64.12000,11.3100000,?,?,91.00000,Regular,Open
251059001699,MA-0265-02650505,2510590,MA-0265,09,12,Seekonk High,Seekonk,Bristol County,261 Arcade Avenue,Seekonk,MA,02771,5099,(508)336-7272,21,"Suburban, Large",No,505.00000,47.60000,10.6100000,?,?,81.00000,Regular,Open
251059002944,MA-0265-02650605,2510590,MA-0265,UG,UG,Seekonk Transitions Academy,Seekonk,Bristol County,261 Arcade Avenue,Seekonk,MA,02771,,(508)399-5106,21,"Suburban, Large",No,6.00000,1.00000,6.0000000,?,?,?,Regular,Open
250711001084,MA-0163-01630085,2507110,MA-0163,PK,05,Sewell-Anderson,Lynn,Essex County,25 Ontario Street,Lynn,MA,01905,,(781)477-7444,21,"Suburban, Large",No,300.00000,23.21000,12.9300000,?,?,201.00000,Regular,Open
250843001341,MA-0201-02010045,2508430,MA-0201,PK,05,Sgt Wm H Carney Academy,New Bedford,Bristol County,247 Elm Street,New Bedford,MA,02740,5121,(508)997-4511,22,"Suburban, Midsize",No,618.00000,50.23000,12.3000000,?,?,518.00000,Regular,Open
250696001014,MA-0158-01580005,2506960,MA-0158,PK,02,Shaker Lane Elementary,Littleton,Middlesex County,35 Shaker Lane,Littleton,MA,01460,4486,(978)486-3959,21,"Suburban, Large",No,425.00000,32.00000,13.2800000,?,?,39.00000,Regular,Open
251320002191,MA-0347-03470043,2513200,MA-0347,PK,05,Shamrock,Woburn,Middlesex County,60 Green Street,Woburn,MA,01801,,(781)937-8241,21,"Suburban, Large",No,284.00000,27.42000,10.3600000,?,?,138.00000,Regular,Open
251062002872,MA-0266-02660001,2510620,MA-0266,PK,PK,Sharon Early Childhood Center,Sharon,Norfolk County,75 Mountain Street,Sharon,MA,02067,,(781)784-1594,21,"Suburban, Large",No,56.00000,5.00000,11.2000000,?,?,7.00000,Regular,Open
251062001705,MA-0266-02660505,2510620,MA-0266,09,12,Sharon High,Sharon,Norfolk County,181 Pond Street,Sharon,MA,02067,2084,(781)784-1554,21,"Suburban, Large",No,1161.00000,97.47000,11.9100000,?,?,155.00000,Regular,Open
251062002560,MA-0266-02660305,2510620,MA-0266,06,08,Sharon Middle,Sharon,Norfolk County,75 Mountain Street,Sharon,MA,02067,2299,(781)784-1560,21,"Suburban, Large",No,815.00000,77.17000,10.5600000,?,?,91.00000,Regular,Open
250279002839,MA-0035-00350014,2502790,MA-0035,PK,06,Shaw-Taylor Elementary School,Boston,Suffolk County,429 Norfolk Street,Dorchester,MA,02124,,(617)635-8777,11,"City, Large",No,528.00000,56.28000,9.3800000,?,?,472.00000,Regular,Open
251305002153,MA-0342-03420025,2513050,MA-0342,01,03,Shawsheen Elementary,Wilmington,Middlesex County,298 Shawsheen Avenue,Wilmington,MA,01887,,(978)694-6030,21,"Suburban, Large",No,304.00000,30.35000,10.0200000,?,?,33.00000,Regular,Open
250195002366,MA-0009-00090005,2501950,MA-0009,PK,PK,Shawsheen School,Andover,Essex County,18 Magnolia Avenue,Andover,MA,01810,,(978)247-8200,21,"Suburban, Large",No,85.00000,10.00000,8.5000000,?,?,14.00000,Regular,Open
251061501701,MA-0871-08710605,2510615,MA-0871,09,12,Shawsheen Valley Vocational Technical High School,Shawsheen Valley Regional Vocational Technical,Middlesex County,100 Cook Street,Billerica,MA,01821,5499,(978)667-2111,21,"Suburban, Large",No,1282.00000,130.00000,9.8600000,?,?,316.00000,Vocational,Open
250186000033,MA-0007-00070005,2501860,MA-0007,PK,02,Shay Elementary,Amesbury,Essex County,193R Lions Mouth Road,Amesbury,MA,01913,1199,(978)388-3659,21,"Suburban, Large",No,485.00000,40.50000,11.9800000,?,?,151.00000,Regular,Open
250527002385,MA-0674-06740050,2505270,MA-0674,02,05,Sheffield Elementary School,Gill-Montague,Franklin County,43 Crocker Avenue,Turners Falls,MA,01376,,(413)863-9326,32,"Town, Distant",No,199.00000,20.15000,9.8800000,?,?,117.00000,Regular,Open
250436000591,MA-0658-06580505,2504360,MA-0658,09,12,Shepherd Hill Regional High,Dudley-Charlton Reg,Worcester County,68 Dudley Oxford Road,Dudley,MA,01571,,(508)943-6700,21,"Suburban, Large",No,942.00000,65.73000,14.3300000,?,?,312.00000,Regular,Open
251077001716,MA-0271-02710305,2510770,MA-0271,05,06,Sherwood Middle School,Shrewsbury,Worcester County,28 Sherwood Avenue,Shrewsbury,MA,01545,,(508)841-8670,21,"Suburban, Large",No,951.00000,71.17000,13.3600000,?,?,177.00000,Regular,Open
250786001650,MA-0185-01850075,2507860,MA-0185,PK,PK,Shining Star Early Childhood Center,Milford,Worcester County,31 West Fountain Street,Milford,MA,01757,,(508)478-1135,21,"Suburban, Large",No,158.00000,9.00000,17.5600000,?,?,82.00000,Regular,Open
251077001717,MA-0271-02710505,2510770,MA-0271,09,12,Shrewsbury High School,Shrewsbury,Worcester County,75 Cypress Avenue,Shrewsbury,MA,01545,,(508)841-8800,21,"Suburban, Large",No,1891.00000,131.10000,14.4200000,?,?,306.00000,Regular,Open
250354000235,MA-0057-00570003,2503540,MA-0057,PK,01,Shurtleff Early Childhood,Chelsea,Suffolk County,99 Hawthorn Street,Chelsea,MA,02150,,(617)466-5150,21,"Suburban, Large",No,779.00000,58.02000,13.4300000,?,?,613.00000,Regular,Open
251080001720,MA-0272-02720005,2510800,MA-0272,PK,06,Shutesbury Elementary,Shutesbury,Franklin County,23 West Pelham Rd,Shutesbury,MA,01072,,(413)259-1212,41,"Rural, Fringe",No,125.00000,18.35000,6.8100000,?,?,37.00000,Regular,Open
250597000299,MA-0128-01280067,2505970,MA-0128,KG,04,Silver Hill Elementary School,Haverhill,Essex County,675 Washington Street,Haverhill,MA,01832,4523,(978)374-3448,21,"Suburban, Large",No,481.00000,42.90000,11.2100000,?,?,319.00000,Regular,Open
251083002967,MA-0760-07600001,2510830,MA-0760,PK,PK,Silver Lake Integrated Preschool,Silver Lake,Plymouth County,150 Main Street,Kingston,MA,02364,,(781)585-4382,41,"Rural, Fringe",No,83.00000,6.10000,13.6100000,?,?,20.00000,Regular,New
251083001722,MA-0760-07600505,2510830,MA-0760,09,12,Silver Lake Regional High,Silver Lake,Plymouth County,260 Pembroke Street,Kingston,MA,02364,,(781)585-3844,21,"Suburban, Large",No,1034.00000,86.15000,12.0000000,?,?,230.00000,Regular,Open
251083001721,MA-0760-07600405,2510830,MA-0760,07,08,Silver Lake Regional Middle School,Silver Lake,Plymouth County,256 Pembroke Street,Kingston,MA,02364,,(781)582-3555,21,"Suburban, Large",No,544.00000,45.00000,12.0900000,?,?,121.00000,Regular,Open
250963001535,MA-0236-02360105,2509630,MA-0236,PK,05,Silvio O Conte Community,Pittsfield,Berkshire County,200 West Union Street,Pittsfield,MA,01201,,(413)448-9660,13,"City, Small",No,379.00000,37.88000,10.0100000,?,?,334.00000,Regular,Open
250729001127,MA-0169-01690005,2507290,MA-0169,PK,06,Sippican,Marion,Plymouth County,16 Spring Street,Marion,MA,02738,,(508)748-0100,21,"Suburban, Large",No,369.00000,34.40000,10.7300000,?,?,105.00000,Regular,Open
250007301750,MA-0474-04740505,2500073,MA-0474,07,12,Sizer School: A North Central Charter Essential School,Sizer School: A North Central Charter Essential,Worcester County,500 Rindge Road,Fitchburg,MA,01420,,(978)345-2701,41,"Rural, Fringe",Yes,282.00000,31.30000,9.0100000,?,?,148.00000,Regular,Open
250678002045,MA-0153-01530320,2506780,MA-0153,06,08,Sky View Middle School,Leominster,Worcester County,500 Kennedy Way,Leominster,MA,01453,,(978)534-7780,22,"Suburban, Midsize",No,869.00000,56.20000,15.4600000,?,?,460.00000,Regular,Open
250594000845,MA-0127-01270505,2505940,MA-0127,07,12,Smith Academy,Hatfield,Hampshire County,34 School Street,Hatfield,MA,01038,9723,(413)247-5641,23,"Suburban, Small",No,109.00000,18.01000,6.0500000,?,?,16.00000,Regular,Open
250886002314,MA-0406-04060705,2508860,MA-0406,09,12,Smith Vocational and Agricultural High,Northampton-Smith Vocational Agricultural,Hampshire County,80 Locust Street,Northampton,MA,01060,2052,(413)587-1414,13,"City, Small",No,587.00000,65.00000,9.0300000,?,?,216.00000,Vocational,Open
250279000217,MA-0035-00350690,2502790,MA-0035,09,12,Snowden International High School,Boston,Suffolk County,150 Newbury Street,Boston,MA,02116,,(617)635-9989,11,"City, Large",No,421.00000,37.84000,11.1300000,?,?,335.00000,Regular,Open
250987001582,MA-0243-02430090,2509870,MA-0243,PK,05,Snug Harbor Community School,Quincy,Norfolk County,333 Palmer Street,Quincy,MA,02169,,(617)984-8763,21,"Suburban, Large",No,380.00000,29.59000,12.8400000,?,?,281.00000,Regular,Open
250054102728,MA-0763-07630505,2500541,MA-0763,09,12,Somerset Berkley Regional High School,Somerset Berkley Regional School District,Bristol County,625 County Street,Somerset,MA,02726,,(508)324-3115,21,"Suburban, Large",No,896.00000,77.25000,11.6000000,?,?,236.00000,Regular,Open
251086002537,MA-0273-02730305,2510860,MA-0273,06,08,Somerset Middle School,Somerset,Bristol County,1141 Brayton Avenue,Somerset,MA,02726,,(508)324-3140,21,"Suburban, Large",No,610.00000,46.70000,13.0600000,?,?,159.00000,Regular,Open
251089001745,MA-0274-02740505,2510890,MA-0274,09,12,Somerville High,Somerville,Middlesex County,81 Highland Avenue,Somerville,MA,02143,,(617)625-6600,21,"Suburban, Large",No,1394.00000,124.50000,11.2000000,?,?,734.00000,Regular,Open
250573002139,MA-0680-06800030,2505730,MA-0680,04,05,Soule Road,Hampden-Wilbraham,Hampden County,300 Soule Rd,Wilbraham,MA,01095,,(413)596-9311,21,"Suburban, Large",No,321.00000,23.83000,13.4700000,?,?,70.00000,Regular,Open
251122001856,MA-0284-02840030,2511220,MA-0284,KG,04,South,Stoneham,Middlesex County,11 Summer Street,Stoneham,MA,02180,,(781)279-3880,21,"Suburban, Large",No,347.00000,28.18000,12.3100000,?,?,91.00000,Regular,Open
251086001727,MA-0273-02730015,2510860,MA-0273,KG,05,South,Somerset,Bristol County,700 Read Street,Somerset,MA,02726,,(508)324-3180,21,"Suburban, Large",No,242.00000,23.68000,10.2200000,?,?,99.00000,Regular,Open
251104001778,MA-0765-07650030,2511040,MA-0765,PK,PK,South Egremont,Southern Berkshire,Berkshire County,PO Box 326,Sheffield,MA,01257,,(413)229-8754,42,"Rural, Distant",No,11.00000,1.00000,11.0000000,?,?,4.00000,Regular,Open
250972001547,MA-0239-02390046,2509720,MA-0239,KG,05,South Elementary,Plymouth,Plymouth County,178 Bourne Rd,Plymouth,MA,02360,,(508)830-4390,41,"Rural, Fringe",No,614.00000,50.54000,12.1500000,?,?,156.00000,Regular,Open
251125001863,MA-0285-02850015,2511250,MA-0285,KG,05,South Elementary,Stoughton,Norfolk County,171 Ash Street,Stoughton,MA,02072,3599,(781)344-7004,21,"Suburban, Large",No,305.00000,23.55000,12.9500000,?,?,112.00000,Regular,Open
250609000874,MA-0131-01310020,2506090,MA-0131,KG,05,South Elementary,Hingham,Plymouth County,831 Main Street,Hingham,MA,02043,2523,(781)741-1540,21,"Suburban, Large",No,496.00000,34.40000,14.4200000,?,?,22.00000,Regular,Open
250195000050,MA-0009-00090020,2501950,MA-0009,KG,05,South Elementary,Andover,Essex County,55 Woburn Street,Andover,MA,01810,,(978)247-9800,21,"Suburban, Large",No,438.00000,33.80000,12.9600000,?,?,41.00000,Regular,Open
251113002733,MA-0281-02810355,2511130,MA-0281,06,08,South End Middle School,Springfield,Hampden County,36 Margaret Street,Springfield,MA,01105,,(413)750-2442,12,"City, Midsize",No,163.00000,18.20000,8.9600000,?,?,154.00000,Regular,Open
250537000788,MA-0110-01100005,2505370,MA-0110,PK,01,South Grafton Elementary,Grafton,Worcester County,90 Main Street,South Grafton,MA,01560,1178,(508)839-5484,21,"Suburban, Large",No,280.00000,18.87000,14.8400000,?,?,40.00000,Regular,Open
251092001754,MA-0278-02780505,2510920,MA-0278,09,12,South Hadley High,South Hadley,Hampshire County,153 Newton Street,South Hadley,MA,01075,,(413)538-5063,21,"Suburban, Large",No,479.00000,55.80000,8.5800000,?,?,151.00000,Regular,Open
251323002244,MA-0348-03480520,2513230,MA-0348,09,12,South High Community,Worcester,Worcester County,170 Apricot Street,Worcester,MA,01603,,(508)799-3325,12,"City, Midsize",No,1800.00000,123.22000,14.6100000,?,?,1275.00000,Regular,Open
250666001918,MA-0149-01490004,2506660,MA-0149,01,05,South Lawrence East Elementary School,Lawrence,Essex County,165 Crawford Street,Lawrence,MA,01843,,(978)975-5970,21,"Suburban, Large",No,666.00000,55.50000,12.0000000,?,?,584.00000,Regular,Open
250936001502,MA-0229-02290035,2509360,MA-0229,PK,05,South Memorial,Peabody,Essex County,16 Maple St Ext,Peabody,MA,01960,5255,(978)536-5700,21,"Suburban, Large",No,506.00000,31.55000,16.0400000,?,?,135.00000,Regular,Open
250294000372,MA-0040-00400310,2502940,MA-0040,05,08,South Middle School,Braintree,Norfolk County,220 Peach Street,Braintree,MA,02184,,(781)380-0160,21,"Suburban, Large",No,635.00000,54.83000,11.5800000,?,?,125.00000,Regular,Open
250309000407,MA-0044-00440415,2503090,MA-0044,06,08,South Middle School,Brockton,Plymouth County,105 Keith Ave Ext,Brockton,MA,02301,6892,(508)580-7311,21,"Suburban, Large",No,398.00000,38.25000,10.4100000,?,?,303.00000,Regular,Open
250735001144,MA-0171-01710010,2507350,MA-0171,KG,05,South River,Marshfield,Plymouth County,59 Hatch Street,Marshfield,MA,02050,,(781)834-5030,21,"Suburban, Large",No,272.00000,22.30000,12.2000000,?,?,38.00000,Regular,Open
250351000480,MA-0056-00560015,2503510,MA-0056,KG,04,South Row,Chelmsford,Middlesex County,250 Boston Rd,Chelmsford,MA,01824,,(978)251-5177,21,"Suburban, Large",No,464.00000,34.75000,13.3500000,?,?,52.00000,Regular,Open
250004000600,MA-0488-04880550,2500040,MA-0488,KG,12,South Shore Charter Public School,South Shore Charter Public,Plymouth County,100 Longwater Circle,Norwell,MA,02061,,(781)982-4202,21,"Suburban, Large",Yes,1057.00000,94.49000,11.1900000,?,?,367.00000,Regular,Open
251093001756,MA-0873-08730605,2510930,MA-0873,09,12,South Shore Vocational Technical High,South Shore Regional Vocational Technical,Plymouth County,476 Webster Street,Hanover,MA,02339,1215,(781)878-8822,21,"Suburban, Large",No,685.00000,66.67000,10.2700000,?,?,185.00000,Vocational,Open
250489002469,MA-0097-00970060,2504890,MA-0097,PK,KG,South Street Early Learning Center,Fitchburg,Worcester County,376 South Street,Fitchburg,MA,01420,,(978)348-2300,22,"Suburban, Midsize",No,570.00000,46.00000,12.3900000,?,?,416.00000,Regular,Open
250987001581,MA-0243-02430320,2509870,MA-0243,05,08,South West Middle School,Quincy,Norfolk County,444 Granite Street,Quincy,MA,02169,,(617)984-8729,21,"Suburban, Large",No,449.00000,37.78000,11.8800000,?,?,268.00000,Regular,Open
251263002071,MA-0325-03250040,2512630,MA-0325,PK,04,Southampton Road,Westfield,Hampden County,330 Southampton Rd,Westfield,MA,01085,3899,(413)572-6435,21,"Suburban, Large",No,310.00000,21.55000,14.3900000,?,?,124.00000,Regular,Open
251101002896,MA-0277-02770525,2511010,MA-0277,09,12,Southbridge Academy,Southbridge,Worcester County,25 Cole Avenue,Southbridge,MA,01550,,(508)764-5414,31,"Town, Fringe",No,21.00000,2.20000,9.5500000,?,?,18.00000,Special Education,Open
251101002868,MA-0277-02770515,2511010,MA-0277,09,12,Southbridge High School,Southbridge,Worcester County,132 Torrey Road,Southbridge,MA,01550,,(508)764-5450,41,"Rural, Fringe",No,419.00000,42.60000,9.8400000,?,?,325.00000,Regular,Open
251101002865,MA-0277-02770315,2511010,MA-0277,06,08,Southbridge Middle School,Southbridge,Worcester County,132 Torrey Road,Southbridge,MA,01550,,(508)764-5440,41,"Rural, Fringe",No,380.00000,40.97000,9.2800000,?,?,306.00000,Regular,Open
251115000377,MA-0370-03700015,2511150,MA-0370,01,12,Southeast Area,Institutional Schools,Worcester County,PO Box 1320,Westborough,MA,01581,,(781)338-3305,21,"Suburban, Large",No,?,?,?,?,?,?,Special Education,Open
251102002290,MA-0872-08720605,2511020,MA-0872,09,12,Southeastern Regional Vocational Technical,Southeastern Regional Vocational Technical,Bristol County,250 Foundry Street,South Easton,MA,02375,1780,(508)230-1200,21,"Suburban, Large",No,1618.00000,133.00000,12.1700000,?,?,699.00000,Vocational,Open
250001301782,MA-0766-07660505,2500013,MA-0766,07,12,Southwick Regional School,Southwick-Tolland-Granville Regional School District,Hampden County,93 Feeding Hills Rd,Southwick,MA,01077,,(413)569-6171,21,"Suburban, Large",No,588.00000,53.58000,10.9700000,?,?,190.00000,Regular,Open
250666002758,MA-0149-01490085,2506660,MA-0149,06,08,Spark Academy,Lawrence,Essex County,165 Crawford Street,Lawrence,MA,01843,,(978)975-5993,21,"Suburban, Large",No,443.00000,47.00000,9.4300000,?,?,387.00000,Regular,Open
250879000621,MA-0735-07350005,2508790,MA-0735,KG,04,Spaulding Memorial,North Middlesex,Middlesex County,1 Whitcomb Street,Townsend,MA,01469,,(978)597-0380,41,"Rural, Fringe",No,413.00000,30.10000,13.7200000,?,?,105.00000,Regular,Open
250483000679,MA-0095-00950130,2504830,MA-0095,PK,05,Spencer Borden,Fall River,Bristol County,1400 President Avenue,Fall River,MA,02720,,(508)675-8202,21,"Suburban, Large",No,575.00000,42.08000,13.6600000,?,?,406.00000,Regular,Open
250288000358,MA-0038-00380013,2502880,MA-0038,03,06,Spofford Pond,Boxford,Essex County,31 Spofford Road,Boxford,MA,01921,1501,(978)352-8616,41,"Rural, Fringe",No,411.00000,41.50000,9.9000000,?,?,31.00000,Regular,Open
251227001733,MA-0317-03170048,2512270,MA-0317,KG,05,Sprague Elementary School,Wellesley,Norfolk County,401 School Street,Wellesley,MA,02482,,(781)263-1965,21,"Suburban, Large",No,289.00000,24.65000,11.7200000,?,?,32.00000,Regular,Open
251242001663,MA-0323-03230005,2512420,MA-0323,PK,KG,Spring Street School,West Bridgewater,Plymouth County,2 Spring Street,West Bridgewater,MA,02379,,(508)894-1230,21,"Suburban, Large",No,112.00000,6.84000,16.3700000,?,?,23.00000,Regular,Open
251077001718,MA-0271-02710035,2510770,MA-0271,KG,04,Spring Street School,Shrewsbury,Worcester County,123 Spring Street,Shrewsbury,MA,01545,,(508)841-8700,21,"Suburban, Large",No,304.00000,21.11000,14.4000000,?,?,27.00000,Regular,Open
251113002444,MA-0281-02810500,2511130,MA-0281,09,12,Springfield Central High,Springfield,Hampden County,1840 Roosevelt Avenue,Springfield,MA,01109,,(413)787-7085,12,"City, Midsize",No,1983.00000,162.63000,12.1900000,?,?,1576.00000,Regular,Open
251113002724,MA-0281-02810570,2511130,MA-0281,09,12,Springfield High School,Springfield,Hampden County,Dickenson Bldg 37 Alderman Street,Springfield,MA,01108,,(413)787-7285,12,"City, Midsize",No,237.00000,18.77000,12.6300000,?,?,197.00000,Regular,Open
251113000901,MA-0281-02810530,2511130,MA-0281,09,12,Springfield High School of Science and Technology,Springfield,Hampden County,1250 State Street,Springfield,MA,01109,,(413)750-2000,12,"City, Midsize",No,1091.00000,88.38000,12.3400000,?,?,943.00000,Regular,Open
251113002898,MA-0281-02810215,2511130,MA-0281,03,05,Springfield International Academy at Johnson,Springfield,Hampden County,55 Catherine Street,Springfield,MA,01109,,(413)787-6687,12,"City, Midsize",No,38.00000,2.19000,17.3500000,?,?,35.00000,Regular,Open
251113002884,MA-0281-02810700,2511130,MA-0281,09,12,Springfield International Academy at Sci-Tech,Springfield,Hampden County,1250 State Street,Springfield,MA,01109,,(413)750-2000,12,"City, Midsize",No,95.00000,7.25000,13.1000000,?,?,82.00000,Regular,Open
250002800537,MA-0441-04410505,2500028,MA-0441,KG,12,Springfield International Charter School,Springfield International Charter,Hampden County,160 Joan Street,Springfield,MA,01129,2704,(413)783-2600,12,"City, Midsize",Yes,1511.00000,91.97000,16.4300000,?,?,954.00000,Regular,Open
251113002917,MA-0281-02810317,2511130,MA-0281,06,08,Springfield Legacy Academy,Springfield,Hampden County,355 Plainfield Street,Springfield,MA,01107,,(413)750-2333,12,"City, Midsize",No,299.00000,27.00000,11.0700000,?,?,282.00000,Regular,Open
251113002744,MA-0281-02810360,2511130,MA-0281,06,08,Springfield Middle School,Springfield,Hampden County,732 Chestnut Street,Springfield,MA,01109,,(413)787-7284,12,"City, Midsize",No,18.00000,4.46000,4.0400000,?,?,15.00000,Regular,Open
250055702842,MA-3510-35100205,2500557,MA-3510,KG,08,Springfield Preparatory Charter School,Springfield Preparatory Charter School,Hampden County,2071 Roosevelt Ave.,Springfield,MA,01104,,(413)231-2722,12,"City, Midsize",Yes,486.00000,43.20000,11.2500000,?,?,374.00000,Regular,Open
251113002723,MA-0281-02810005,2511130,MA-0281,01,05,Springfield Public Day Elementary School,Springfield,Hampden County,34 Nye Street,Springfield,MA,01104,,(413)886-5100,12,"City, Midsize",No,33.00000,9.40000,3.5100000,?,?,29.00000,Regular,Open
251113002742,MA-0281-02810550,2511130,MA-0281,09,12,Springfield Public Day High School,Springfield,Hampden County,90 Berkshire Street,Springfield,MA,01151,,(413)787-7036,12,"City, Midsize",No,65.00000,10.26000,6.3400000,?,?,61.00000,Regular,Open
251113002740,MA-0281-02810345,2511130,MA-0281,06,08,Springfield Public Day Middle School,Springfield,Hampden County,732 Chestnut Street,Springfield,MA,01107,,(413)787-7281,12,"City, Midsize",No,60.00000,9.21000,6.5100000,?,?,57.00000,Regular,Open
251113002930,MA-0281-02810335,2511130,MA-0281,06,08,Springfield Realization Academy,Springfield,Hampden County,46 Oakland Street,Springfield,MA,01108,,(413)787-7420,12,"City, Midsize",No,212.00000,13.95000,15.2000000,?,?,195.00000,Regular,Open
251113002875,MA-0281-02810675,2511130,MA-0281,UG,UG,Springfield Transition Academy,Springfield,Hampden County,1300 State Street,Springfield,MA,01109,,(413)787-7424,12,"City, Midsize",No,110.00000,6.01000,18.3000000,?,?,100.00000,Special Education,Open
250879002686,MA-0735-07350002,2508790,MA-0735,PK,04,Squannacook Early Childhood Center,North Middlesex,Middlesex County,66 Brookline Road,Townsend,MA,01469,,(978)597-3085,41,"Rural, Fringe",No,89.00000,5.20000,17.1200000,?,?,37.00000,Regular,Open
250987001583,MA-0243-02430095,2509870,MA-0243,KG,05,Squantum,Quincy,Norfolk County,50 Huckins Avenue,Quincy,MA,02171,,(617)984-8706,21,"Suburban, Large",No,343.00000,25.02000,13.7100000,?,?,116.00000,Regular,Open
250786001240,MA-0185-01850305,2507860,MA-0185,06,08,Stacy Middle,Milford,Worcester County,66 School Street,Milford,MA,01757,4098,(508)478-1180,21,"Suburban, Large",No,989.00000,89.90000,11.0000000,?,?,580.00000,Regular,Open
251005001633,MA-0248-02480035,2510050,MA-0248,KG,05,Staff Sargent James J. Hill Elementary School,Revere,Suffolk County,51 Park Avenue,Revere,MA,02151,,(781)286-8284,21,"Suburban, Large",No,615.00000,60.33000,10.1900000,?,?,431.00000,Regular,Open
250246000141,MA-0025-00250025,2502460,MA-0025,PK,03,Stall Brook,Bellingham,Norfolk County,342 Hartford Avenue,Bellingham,MA,02019,,(508)966-0451,21,"Suburban, Large",No,280.00000,22.60000,12.3900000,?,?,107.00000,Regular,Open
251203001982,MA-0309-03090020,2512030,MA-0309,PK,03,Stanley M Koziol Elementary School,Ware,Hampshire County,4 Gould Rd,Ware,MA,01082,,(413)967-6236,41,"Rural, Fringe",No,396.00000,29.40000,13.4700000,?,?,276.00000,Regular,Open
250414000834,MA-0645-06450025,2504140,MA-0645,KG,03,Station Avenue Elementary,Dennis-Yarmouth,Barnstable County,276 Station Avenue,South Yarmouth,MA,02664,,(508)760-5600,21,"Suburban, Large",No,406.00000,37.05000,10.9600000,?,?,205.00000,Regular,Open
250963002489,MA-0236-02360090,2509630,MA-0236,PK,05,Stearns,Pittsfield,Berkshire County,75 Lebanon Avenue,Pittsfield,MA,01201,,(413)499-9554,13,"City, Small",No,224.00000,32.02000,7.0000000,?,?,144.00000,Regular,Open
251113002642,MA-0281-02810350,2511130,MA-0281,06,08,STEM Middle Academy,Springfield,Hampden County,60 Alton Street,Springfield,MA,01109,,(413)787-6750,12,"City, Midsize",No,269.00000,24.06000,11.1800000,?,?,216.00000,Regular,Open
251167001929,MA-0298-02980010,2511670,MA-0298,PK,03,Steward Elementary,Topsfield,Essex County,261 Perkins Row,Topsfield,MA,01983,1599,(978)887-1538,41,"Rural, Fringe",No,347.00000,31.04000,11.1800000,?,?,15.00000,Regular,Open
250483002852,MA-0095-00950340,2504830,MA-0095,02,12,Stone PK-12 School,Fall River,Bristol County,2501 South Main Street,Fall River,MA,02724,,(508)675-8405,21,"Suburban, Large",No,56.00000,13.38000,4.1900000,?,?,52.00000,Regular,Open
251122001857,MA-0284-02840405,2511220,MA-0284,05,08,Stoneham Central Middle School,Stoneham,Middlesex County,101 Central Street,Stoneham,MA,02180,,(781)279-3840,21,"Suburban, Large",No,689.00000,66.08000,10.4300000,?,?,152.00000,Regular,Open
251122002962,MA-0284-02840002,2511220,MA-0284,PK,PK,Stoneham Early Learning Center,Stoneham,Middlesex County,149 Franklin Street,Stoneham,MA,02180,,(781)279-3810,21,"Suburban, Large",No,94.00000,10.00000,9.4000000,?,?,16.00000,Regular,New
251122002295,MA-0284-02840505,2511220,MA-0284,09,12,Stoneham High,Stoneham,Middlesex County,149 Franklin Street,Stoneham,MA,02180,,(781)279-3810,21,"Suburban, Large",No,599.00000,55.88000,10.7200000,?,?,152.00000,Regular,Open
250297000374,MA-0041-00410005,2502970,MA-0041,PK,02,Stony Brook Elementary,Brewster,Barnstable County,384 Underpass Road,Brewster,MA,02631,,(508)896-4545,21,"Suburban, Large",No,242.00000,27.50000,8.8000000,?,?,90.00000,Regular,Open
251266002080,MA-0326-03260330,2512660,MA-0326,06,08,Stony Brook School,Westford,Middlesex County,9 Farmer Way,Westford,MA,01886,,(978)692-2708,21,"Suburban, Large",No,546.00000,42.30000,12.9100000,?,?,45.00000,Regular,Open
250573001464,MA-0680-06800050,2505730,MA-0680,02,03,Stony Hill School,Hampden-Wilbraham,Hampden County,675 Stony Hill Road,Wilbraham,MA,01095,,(413)599-1950,21,"Suburban, Large",No,317.00000,22.34000,14.1900000,?,?,58.00000,Regular,Open
251125001864,MA-0285-02850505,2511250,MA-0285,09,12,Stoughton High,Stoughton,Norfolk County,232 Pearl Street,Stoughton,MA,02072,2397,(781)344-7001,21,"Suburban, Large",No,1118.00000,103.79000,10.7700000,?,?,494.00000,Regular,Open
250366000504,MA-0061-00610065,2503660,MA-0061,KG,05,Streiber Memorial School,Chicopee,Hampden County,40 Streiber Drive,Chicopee,MA,01020,,(413)594-3446,21,"Suburban, Large",No,229.00000,20.34000,11.2600000,?,?,131.00000,Regular,Open
250005801272,MA-0489-04890505,2500058,MA-0489,09,12,Sturgis Charter Public School,Sturgis Charter Public,Barnstable County,427 Main Street,Hyannis,MA,02601,,(508)778-1782,13,"City, Small",Yes,825.00000,88.57000,9.3100000,?,?,?,Regular,Open
251323002223,MA-0348-03480423,2513230,MA-0348,06,08,Sullivan Middle,Worcester,Worcester County,140 Apricot Street,Worcester,MA,01603,,(508)799-3350,12,"City, Midsize",No,940.00000,73.48000,12.7900000,?,?,681.00000,Regular,Open
250714001093,MA-0164-01640020,2507140,MA-0164,KG,04,Summer Street,Lynnfield,Essex County,262 Summer Street,Lynnfield,MA,01940,1789,(781)334-5830,21,"Suburban, Large",No,440.00000,32.00000,13.7500000,?,?,26.00000,Regular,Open
251113001830,MA-0281-02810160,2511130,MA-0281,PK,05,Sumner Avenue,Springfield,Hampden County,45 Sumner Avenue,Springfield,MA,01108,,(413)787-7430,12,"City, Midsize",No,490.00000,47.45000,10.3300000,?,?,436.00000,Regular,Open
250279000214,MA-0035-00350052,2502790,MA-0035,PK,06,Sumner Elementary School,Boston,Suffolk County,15 Basile Street,Roslindale,MA,02131,,(617)635-8131,11,"City, Large",No,576.00000,50.83000,11.3300000,?,?,318.00000,Regular,Open
250477000631,MA-0093-00930010,2504770,MA-0093,KG,08,Sumner G. Whittier School,Everett,Middlesex County,337 Broadway,Everett,MA,02149,3425,(617)394-2410,21,"Suburban, Large",No,615.00000,53.91000,11.4100000,?,?,475.00000,Regular,Open
251137001878,MA-0289-02890005,2511370,MA-0289,PK,06,Sunderland Elementary,Sunderland,Franklin County,1 Swampfield Drive,Sunderland,MA,01375,,(413)665-1151,31,"Town, Fringe",No,174.00000,24.33000,7.1500000,?,?,63.00000,Regular,Open
250837001313,MA-0199-01990035,2508370,MA-0199,KG,05,Sunita L. Williams Elementary,Needham,Norfolk County,585 Central Avenue,Needham,MA,02494,,(781)455-0461,21,"Suburban, Large",No,533.00000,40.68000,13.1000000,?,?,36.00000,Regular,Open
251005002113,MA-0248-02480305,2510050,MA-0248,06,08,Susan B. Anthony Middle School,Revere,Suffolk County,107 Newhall Street,Revere,MA,02151,,(781)388-7520,21,"Suburban, Large",No,545.00000,61.17000,8.9100000,?,?,355.00000,Regular,Open
251140001661,MA-0290-02900003,2511400,MA-0290,PK,02,Sutton Early Learning,Sutton,Worcester County,383 Boston Road,Sutton,MA,01590,1206,(508)581-1610,41,"Rural, Fringe",No,324.00000,24.25000,13.3600000,?,?,49.00000,Regular,Open
251140001879,MA-0290-02900005,2511400,MA-0290,03,05,Sutton Elementary,Sutton,Worcester County,Boston Rd,Sutton,MA,01590,,(508)581-1620,41,"Rural, Fringe",No,287.00000,24.25000,11.8400000,?,?,52.00000,Regular,Open
251140001414,MA-0290-02900510,2511400,MA-0290,09,12,Sutton High School,Sutton,Worcester County,Boston Rd,Sutton,MA,01590,,(508)581-1640,41,"Rural, Fringe",No,367.00000,29.16000,12.5900000,?,?,67.00000,Regular,Open
251140001413,MA-0290-02900305,2511400,MA-0290,06,08,Sutton Middle School,Sutton,Worcester County,Boston Rd,Sutton,MA,01590,,(508)581-1630,41,"Rural, Fringe",No,313.00000,22.36000,14.0000000,?,?,49.00000,Regular,Open
250550000806,MA-0673-06730005,2505500,MA-0673,KG,04,Swallow/Union School,Groton-Dunstable,Middlesex County,522 Main Street,Dunstable,MA,01827,,(978)649-7281,41,"Rural, Fringe",No,210.00000,16.10000,13.0400000,?,?,15.00000,Regular,Open
251143002960,MA-0291-02910025,2511430,MA-0291,KG,04,Swampscott Elementary School,Swampscott,Essex County,10 Whitman Road,Swampscott,MA,01970,,(781)596-8847,21,"Suburban, Large",No,734.00000,63.60000,11.5400000,?,?,127.00000,Regular,New
251143001887,MA-0291-02910505,2511430,MA-0291,09,12,Swampscott High,Swampscott,Essex County,200 Essex Street,Swampscott,MA,01907,2293,(781)596-8830,21,"Suburban, Large",No,706.00000,60.55000,11.6600000,?,?,171.00000,Regular,Open
251143002562,MA-0291-02910305,2511430,MA-0291,05,08,Swampscott Middle,Swampscott,Essex County,207 Forest Avenue,Swampscott,MA,01907,2188,(781)596-8820,21,"Suburban, Large",No,654.00000,60.10000,10.8800000,?,?,129.00000,Regular,Open
250222002846,MA-0017-00170030,2502220,MA-0017,03,05,Swanson Road Intermediate School,Auburn,Worcester County,10 Swanson Road,Auburn,MA,01501,,(508)832-7744,21,"Suburban, Large",No,554.00000,40.60000,13.6500000,?,?,165.00000,Regular,Open
250853001346,MA-0728-07280015,2508530,MA-0728,PK,06,Swift River,New Salem-Wendell,Franklin County,201 Wendell Rd,New Salem,MA,01355,,(978)544-6926,42,"Rural, Distant",No,134.00000,14.60000,9.1800000,?,?,46.00000,Regular,Open
250243000836,MA-0024-00240018,2502430,MA-0024,01,03,Swift River Elementary,Belchertown,Hampshire County,57 State Street,Belchertown,MA,01007,,(413)323-0472,41,"Rural, Fringe",No,445.00000,34.76000,12.8000000,?,?,111.00000,Regular,Open
250366002571,MA-0061-00610001,2503660,MA-0061,PK,PK,Szetela Early Childhood Center,Chicopee,Hampden County,66 Macek Drive,Chicopee,MA,01013,,(413)594-3597,21,"Suburban, Large",No,222.00000,16.00000,13.8800000,?,?,122.00000,Regular,Open
250963001534,MA-0236-02360510,2509630,MA-0236,09,12,Taconic High,Pittsfield,Berkshire County,96 Valentine Road,Pittsfield,MA,01201,,(413)448-9600,13,"City, Small",No,824.00000,88.74000,9.2900000,?,?,510.00000,Regular,Open
251185001936,MA-0304-03040005,2511850,MA-0304,PK,03,Taft Early Learning Center,Uxbridge,Worcester County,16 Granite Street,Uxbridge,MA,01569,,(508)278-8643,21,"Suburban, Large",No,526.00000,43.00000,12.2300000,?,?,144.00000,Regular,Open
250258000160,MA-0620-06200505,2502580,MA-0620,06,12,Tahanto Regional High,Berlin-Boylston,Worcester County,1001 Main Street,Boylston,MA,01505,,(508)869-2333,41,"Rural, Fringe",No,522.00000,47.07000,11.0900000,?,?,80.00000,Regular,Open
250483000655,MA-0095-00950305,2504830,MA-0095,06,08,Talbot Innovation School,Fall River,Bristol County,124 Melrose Street,Fall River,MA,02723,,(508)675-8350,21,"Suburban, Large",No,582.00000,48.43000,12.0200000,?,?,459.00000,Regular,Open
251149001899,MA-0770-07700405,2511490,MA-0770,07,08,Tantasqua Regional Jr High,Tantasqua,Worcester County,320B Brookfield Rd,Fiskdale,MA,01518,1098,(508)347-7381,41,"Rural, Fringe",No,576.00000,49.40000,11.6600000,?,?,158.00000,Regular,Open
251149001900,MA-0770-07700505,2511490,MA-0770,09,12,Tantasqua Regional Sr High,Tantasqua,Worcester County,319 Brookfield Rd,Fiskdale,MA,01518,1098,(508)347-9301,41,"Rural, Fringe",No,632.00000,82.50000,7.6600000,?,?,148.00000,Regular,Open
251149001901,MA-0770-07700605,2511490,MA-0770,09,12,Tantasqua Regional Vocational,Tantasqua,Worcester County,319 Brookfield Rd,Fiskdale,MA,01518,1098,(508)347-3045,41,"Rural, Fringe",No,542.00000,8.15000,66.5000000,?,?,160.00000,Vocational,Open
251251002050,MA-0332-03320040,2512510,MA-0332,KG,05,Tatham,West Springfield,Hampden County,61 Laurel Rd,West Springfield,MA,01089,,(413)263-3330,21,"Suburban, Large",No,277.00000,23.50000,11.7900000,?,?,94.00000,Regular,Open
251323002246,MA-0348-03480230,2513230,MA-0348,PK,06,Tatnuck,Worcester,Worcester County,1083 Pleasant Street,Worcester,MA,01602,,(508)799-3554,12,"City, Midsize",No,376.00000,27.70000,13.5700000,?,?,226.00000,Regular,Open
251152002778,MA-0293-02930525,2511520,MA-0293,11,12,Taunton Alternative High School,Taunton,Bristol County,120 Cohannet Street,Taunton,MA,02780,,(508)844-5822,21,"Suburban, Large",No,74.00000,4.75000,15.5800000,?,?,59.00000,Other/Alternative,Open
251152001915,MA-0293-02930505,2511520,MA-0293,08,12,Taunton High,Taunton,Bristol County,50 Williams Street,Taunton,MA,02780,,(508)821-1101,21,"Suburban, Large",No,2877.00000,173.50000,16.5800000,?,?,1563.00000,Regular,Open
251152002952,MA-0293-02930705,2511520,MA-0293,08,12,Taunton Public Virtual Academy (TPVA),Taunton,Bristol County,120 Cohannet Street,Taunton,MA,02780,,(508)844-5868,21,"Suburban, Large",No,58.00000,4.00000,14.5000000,?,?,47.00000,Regular,Open
250486000691,MA-0096-00960015,2504860,MA-0096,KG,04,Teaticket,Falmouth,Barnstable County,45 Maravista Ave Ext,East Falmouth,MA,02536,6533,(508)548-1550,21,"Suburban, Large",No,236.00000,26.60000,8.8700000,?,?,116.00000,Regular,Open
250055602817,MA-3902-39020900,2500556,MA-3902,KG,12,TEC Connections Academy Commonwealth Virtual School,TEC Connections Academy Commonwealth Virtual School District,Norfolk County,141 Mansion Drive,East Walpole,MA,02032,1194,(774)315-5123,21,"Suburban, Large",No,2969.00000,143.39000,20.7100000,?,?,?,Regular,Open
250279002725,MA-0035-00350657,2502790,MA-0035,07,12,TechBoston Academy,Boston,Suffolk County,9 Peacevale Road,Dorchester,MA,02124,,(617)635-1615,11,"City, Large",No,850.00000,69.73000,12.1900000,?,?,728.00000,Regular,Open
250828001288,MA-0720-07200020,2508280,MA-0720,PK,04,Templeton Elementary School,Narragansett,Worcester County,17 South Rd.,Templeton,MA,01468,,(978)939-8892,41,"Rural, Fringe",No,581.00000,40.82000,14.2300000,?,?,212.00000,Regular,Open
250774001556,MA-0181-01810055,2507740,MA-0181,KG,08,Tenney Grammar School,Methuen,Essex County,75 Pleasant Street,Methuen,MA,01844,,(978)722-9026,21,"Suburban, Large",No,1246.00000,99.17000,12.5600000,?,?,785.00000,Regular,Open
251158001926,MA-0295-02950505,2511580,MA-0295,09,12,Tewksbury Memorial High,Tewksbury,Middlesex County,320 Pleasant Street,Tewksbury,MA,01876,,(978)640-7825,21,"Suburban, Large",No,696.00000,56.85000,12.2400000,?,?,137.00000,Regular,Open
250549002128,MA-0114-01140005,2505490,MA-0114,PK,PK,The Academy of Early Learning at North Parish,Greenfield,Franklin County,1 Place Terrace,Greenfield,MA,01301,,(413)772-1390,32,"Town, Distant",No,87.00000,5.50000,15.8200000,?,?,56.00000,Regular,Open
250588000838,MA-0125-01250505,2505880,MA-0125,09,12,The Bromfield High School,Harvard,Worcester County,14 Massachusetts Avenue,Harvard,MA,01451,,(978)456-4152,41,"Rural, Fringe",No,328.00000,29.65000,11.0600000,?,?,31.00000,Regular,Open
250588002955,MA-0125-01250305,2505880,MA-0125,06,08,The Bromfield Middle School,Harvard,Worcester County,14 Massachusetts Ave,Harvard,MA,01451,,(978)456-4140,41,"Rural, Fringe",No,244.00000,23.73000,10.2800000,?,?,26.00000,Regular,Open
250702002860,MA-0160-01600515,2507020,MA-0160,09,12,The Career Academy,Lowell,Middlesex County,125 Smith Street,Lowell,MA,01851,,(978)970-3318,21,"Suburban, Large",No,83.00000,12.20000,6.8000000,?,?,70.00000,Regular,Open
251221002947,MA-0315-03150025,2512210,MA-0315,PK,PK,The Children's Way Preschool,Wayland,Middlesex County,41 Cochituate Road,Wayland,MA,01778,,(508)358-7072,21,"Suburban, Large",No,52.00000,4.50000,11.5600000,?,?,7.00000,Regular,Open
250315002027,MA-0046-00460060,2503150,MA-0046,PK,PK,The Lynch Center,Brookline,Norfolk County,599 Brookline Avenue,Brookline,MA,02445,,(617)713-5472,21,"Suburban, Large",No,50.00000,4.55000,10.9900000,?,?,11.00000,Regular,Open
251293002902,MA-0780-07800001,2512930,MA-0780,PK,PK,The Pre-School Academy at Whitman Hanson,Whitman-Hanson,Plymouth County,600 Franklin Street,Whitman,MA,02382,,(781)618-7018,21,"Suburban, Large",No,114.00000,5.89000,19.3500000,?,?,27.00000,Regular,Open
251113002137,MA-0281-02810205,2511130,MA-0281,06,12,The Springfield Renaissance School an Expeditionary Learning,Springfield,Hampden County,1170 Carew Street,Springfield,MA,01104,,(413)750-2929,12,"City, Midsize",No,593.00000,53.80000,11.0200000,?,?,450.00000,Regular,Open
251113002931,MA-0281-02810705,2511130,MA-0281,03,12,The Springfield Virtual School,Springfield,Hampden County,43 Homer St,Springfield,MA,01109,,(413)750-2011,12,"City, Midsize",No,250.00000,28.23000,8.8600000,?,?,215.00000,Regular,Open
250963001532,MA-0236-02360310,2509630,MA-0236,06,08,Theodore Herberg Middle,Pittsfield,Berkshire County,501 Pomeroy Avenue,Pittsfield,MA,01201,,(413)448-9640,13,"City, Small",No,587.00000,46.44000,12.6400000,?,?,324.00000,Regular,Open
250303002866,MA-0625-06250415,2503030,MA-0625,10,12,Therapeutic Day School,Bridgewater-Raynham,Plymouth County,166 Mt Prospect Street,Bridgewater,MA,02324,,(508)279-2140,21,"Suburban, Large",No,10.00000,2.91000,3.4400000,?,?,7.00000,Special Education,Open
250753001156,MA-0175-01750305,2507530,MA-0175,06,08,Thomas Blake Middle,Medfield,Norfolk County,24 Pound Street,Medfield,MA,02052,2699,(508)359-2396,21,"Suburban, Large",No,574.00000,52.74000,10.8800000,?,?,50.00000,Regular,Open
250936001503,MA-0229-02290010,2509360,MA-0229,PK,05,Thomas Carroll,Peabody,Essex County,60 Northend Street,Peabody,MA,01960,,(978)536-4200,21,"Suburban, Large",No,645.00000,46.10000,13.9900000,?,?,352.00000,Regular,Open
250267000186,MA-0031-00310005,2502670,MA-0031,KG,04,Thomas Ditson,Billerica,Middlesex County,39 Cook Street,Billerica,MA,01821,,(978)528-8510,21,"Suburban, Large",No,542.00000,32.05000,16.9100000,?,?,122.00000,Regular,Open
251113001833,MA-0281-02810015,2511130,MA-0281,PK,05,Thomas M Balliet,Springfield,Hampden County,52 Rosewell St,Springfield,MA,01109,,(413)787-7446,12,"City, Midsize",No,291.00000,21.45000,13.5700000,?,?,227.00000,Regular,Open
251188001553,MA-0775-07750045,2511880,MA-0775,KG,08,Thomas Prince,Wachusett,Worcester County,170 Sterling Road,Princeton,MA,01541,,(978)464-2110,41,"Rural, Fringe",No,355.00000,28.90000,12.2800000,?,?,34.00000,Regular,Open
251200001978,MA-0308-03080050,2512000,MA-0308,KG,05,Thomas R Plympton Elementary School,Waltham,Middlesex County,20 Farnsworth Street,Waltham,MA,02451,,(781)314-5760,13,"City, Small",No,357.00000,35.20000,10.1400000,?,?,156.00000,Regular,Open
250843001342,MA-0201-02010125,2508430,MA-0201,KG,05,Thomas R Rodman,New Bedford,Bristol County,497 Mill Street,New Bedford,MA,02740,2507,(508)997-4511,22,"Suburban, Midsize",No,200.00000,18.10000,11.0500000,?,?,149.00000,Regular,Open
251284000509,MA-0336-03360060,2512840,MA-0336,KG,05,Thomas V Nash,Weymouth,Norfolk County,1003 Front Street,Weymouth,MA,02190,,(781)340-2506,21,"Suburban, Large",No,263.00000,17.70000,14.8600000,?,?,99.00000,Regular,Open
251284002120,MA-0336-03360105,2512840,MA-0336,KG,05,Thomas W. Hamilton Primary School,Weymouth,Norfolk County,400 Union Street,South Weymouth,MA,02190,,(781)335-2122,21,"Suburban, Large",No,381.00000,28.63000,13.3100000,?,?,99.00000,Regular,Open
250219000098,MA-0016-00160035,2502190,MA-0016,KG,04,Thomas Willett Elementary School,Attleboro,Bristol County,32 Watson Avenue,Attleboro,MA,02703,,(508)222-0286,21,"Suburban, Large",No,373.00000,25.54000,14.6000000,?,?,154.00000,Regular,Open
250198000066,MA-0010-00100050,2501980,MA-0010,KG,05,Thompson,Arlington,Middlesex County,187 Everett Street,Arlington,MA,02474,,(781)316-3768,21,"Suburban, Large",No,537.00000,39.29000,13.6700000,?,?,107.00000,Regular,Open
250870001399,MA-0211-02110020,2508700,MA-0211,01,05,Thomson,North Andover,Essex County,266 Waverly Rd,North Andover,MA,01845,,(978)794-1545,21,"Suburban, Large",No,294.00000,24.21000,12.1400000,?,?,106.00000,Regular,Open
250384000525,MA-0067-00670020,2503840,MA-0067,PK,05,Thoreau,Concord,Middlesex County,29 Prairie Street,Concord,MA,01742,,(978)318-1300,21,"Suburban, Large",No,401.00000,39.58000,10.1300000,?,?,29.00000,Regular,Open
251323002247,MA-0348-03480235,2513230,MA-0348,KG,06,Thorndyke Road,Worcester,Worcester County,30 Thorndyke Rd,Worcester,MA,01606,,(508)799-3550,12,"City, Midsize",No,319.00000,21.43000,14.8900000,?,?,204.00000,Regular,Open
250711000301,MA-0163-01630305,2507110,MA-0163,06,08,Thurgood Marshall Mid,Lynn,Essex County,100 Brookline Street,Lynn,MA,01902,,(781)477-7360,21,"Suburban, Large",No,1310.00000,105.78000,12.3800000,?,?,982.00000,Regular,Open
250792002943,MA-0187-01870515,2507920,MA-0187,UG,UG,TIES,Millis,Norfolk County,65 Holbrook Street,Millis,MA,02054,,(508)958-8169,21,"Suburban, Large",No,5.00000,1.00000,5.0000000,?,?,?,Regular,Open
250597000866,MA-0128-01280075,2505970,MA-0128,KG,04,Tilton,Haverhill,Essex County,70 Grove Street,Haverhill,MA,01832,4719,(978)374-3475,21,"Suburban, Large",No,471.00000,41.17000,11.4400000,?,?,345.00000,Regular,Open
251257002054,MA-0296-02960005,2512570,MA-0296,PK,08,Tisbury Elementary,Tisbury,Dukes County,40 West William Street,Vineyard Haven,MA,02568,,(508)696-6500,31,"Town, Fringe",No,312.00000,39.61000,7.8800000,?,?,144.00000,Regular,Open
250279000291,MA-0035-00350229,2502790,MA-0035,PK,08,Tobin K-8 School,Boston,Suffolk County,40 Smith St,Roxbury,MA,02120,,(617)635-8393,11,"City, Large",No,364.00000,37.90000,9.6000000,?,?,325.00000,Regular,Open
251308000804,MA-0343-03430050,2513080,MA-0343,03,05,Toy Town Elementary,Winchendon,Worcester County,175 Grove Street,Winchendon,MA,01475,1198,(978)297-2005,31,"Town, Fringe",No,292.00000,18.23000,16.0200000,?,?,164.00000,Regular,Open
250711001085,MA-0163-01630100,2507110,MA-0163,01,05,Tracy,Lynn,Essex County,35 Walnut Street,Lynn,MA,01905,,(781)477-7466,21,"Suburban, Large",No,397.00000,33.26000,11.9400000,?,?,337.00000,Regular,Open
251173501931,MA-0878-08780605,2511735,MA-0878,09,12,Tri-County Regional Vocational Technical,Tri-County Regional Vocational Technical,Norfolk County,147 Pond Street,Franklin,MA,02038,,(508)528-5400,21,"Suburban, Large",No,1000.00000,86.04000,11.6200000,?,?,243.00000,Vocational,Open
250843002590,MA-0201-02010510,2508430,MA-0201,06,12,Trinity Day Academy,New Bedford,Bristol County,181 Hillman Street,New Bedford,MA,02740,4346,(508)997-4511,22,"Suburban, Midsize",No,93.00000,14.39000,6.4600000,?,?,78.00000,Regular,Open
251174001932,MA-0773-07730505,2511740,MA-0773,09,12,Triton Regional High School,Triton,Essex County,112 Elm Street,Byfield,MA,01922,2814,(978)462-8171,41,"Rural, Fringe",No,538.00000,50.56000,10.6400000,?,?,145.00000,Regular,Open
251174001470,MA-0773-07730405,2511740,MA-0773,07,08,Triton Regional Middle School,Triton,Essex County,112 Elm Street,Byfield,MA,01922,,(978)463-5845,41,"Rural, Fringe",No,297.00000,30.65000,9.6900000,?,?,88.00000,Regular,Open
250279000343,MA-0035-00350370,2502790,MA-0035,PK,06,Trotter Elementary School,Boston,Suffolk County,135 Humboldt Avenue,Dorchester,MA,02121,,(617)635-8225,11,"City, Large",No,352.00000,32.77000,10.7400000,?,?,306.00000,Regular,Open
251173001930,MA-0300-03000005,2511730,MA-0300,PK,05,Truro Central,Truro,Barnstable County,P O Box 2029,Truro,MA,02666,,(508)487-1558,31,"Town, Fringe",No,78.00000,14.20000,5.4900000,?,?,33.00000,Regular,Open
250798001263,MA-0189-01890020,2507980,MA-0189,PK,05,Tucker,Milton,Norfolk County,187 Blue Hills Pkwy,Milton,MA,02186,,(617)696-4291,21,"Suburban, Large",No,454.00000,35.32000,12.8500000,?,?,106.00000,Regular,Open
250708002871,MA-0162-01620025,2507080,MA-0162,03,05,Turkey Hill Elementary School,Lunenburg,Worcester County,129 Northfield Road,Lunenburg,MA,01462,,(978)582-4110,22,"Suburban, Midsize",No,345.00000,19.00000,18.1600000,?,?,84.00000,Regular,Open
250527000768,MA-0674-06740505,2505270,MA-0674,09,12,Turners Fall High,Gill-Montague,Franklin County,222 Turnpike Rd,Montague,MA,01351,,(413)863-7200,32,"Town, Distant",No,199.00000,23.33000,8.5300000,?,?,119.00000,Regular,Open
250279000275,MA-0035-00350181,2502790,MA-0035,PK,06,Tynan Elementary School,Boston,Suffolk County,650 E. Fourth Street,South Boston,MA,02127,,(617)635-8641,11,"City, Large",No,227.00000,26.18000,8.6700000,?,?,178.00000,Regular,Open
251176001714,MA-0301-03010020,2511760,MA-0301,PK,05,Tyngsborough Elementary,Tyngsborough,Middlesex County,205 Westford Road,Tyngsborough,MA,01879,,(978)649-1990,21,"Suburban, Large",No,715.00000,56.97000,12.5500000,?,?,185.00000,Regular,Open
251176001934,MA-0301-03010505,2511760,MA-0301,09,12,Tyngsborough High School,Tyngsborough,Middlesex County,36 Norris Rd,Tyngsborough,MA,01879,,(978)649-7571,21,"Suburban, Large",No,405.00000,31.48000,12.8700000,?,?,77.00000,Regular,Open
251176001715,MA-0301-03010305,2511760,MA-0301,06,08,Tyngsborough Middle,Tyngsborough,Middlesex County,50 Norris Rd,Tyngsborough,MA,01879,,(978)649-3115,21,"Suburban, Large",No,395.00000,34.72000,11.3800000,?,?,91.00000,Regular,Open
251104000428,MA-0765-07650035,2511040,MA-0765,PK,05,Undermountain,Southern Berkshire,Berkshire County,PO Box 326,Sheffield,MA,01257,,(413)229-8754,42,"Rural, Distant",No,260.00000,28.39000,9.1600000,?,?,105.00000,Regular,Open
250861001379,MA-0207-02070115,2508610,MA-0207,KG,05,Underwood,Newton,Middlesex County,101 Vernon Street,Newton Corner,MA,02458,,(617)559-9660,13,"City, Small",No,253.00000,22.60000,11.1900000,?,?,67.00000,Regular,Open
251323002248,MA-0348-03480240,2513230,MA-0348,KG,06,Union Hill School,Worcester,Worcester County,1 Chapin Street,Worcester,MA,01604,,(508)799-3600,12,"City, Midsize",No,377.00000,28.86000,13.0600000,?,?,330.00000,Regular,Open
251323001076,MA-0348-03480285,2513230,MA-0348,07,12,University Pk Campus School,Worcester,Worcester County,12 Freeland Street,Worcester,MA,01610,,(508)799-3591,12,"City, Midsize",No,233.00000,20.36000,11.4400000,?,?,187.00000,Regular,Open
250054902783,MA-3505-35050405,2500549,MA-3505,PK,08,UP Academy Charter School of Dorchester,UP Academy Charter School of Dorchester,Suffolk County,35 Westville Street,Boston,MA,02124,,(617)635-8810,11,"City, Large",Yes,640.00000,57.87000,11.0600000,?,?,539.00000,Regular,Open
250279000268,MA-0035-00350167,2502790,MA-0035,PK,06,UP Academy Holland,Boston,Suffolk County,85 Olney Street,Dorchester,MA,02121,,(617)635-8832,11,"City, Large",No,641.00000,44.40000,14.4400000,?,?,564.00000,Regular,Open
251180002296,MA-0879-08790605,2511800,MA-0879,09,12,Upper Cape Cod Vocational Technical,Upper Cape Cod Regional Vocational Technical,Barnstable County,220 Sandwich Rd,Bourne,MA,02532,3609,(508)759-7711,41,"Rural, Fringe",No,838.00000,85.90000,9.7600000,?,?,318.00000,Vocational,Open
251185001938,MA-0304-03040505,2511850,MA-0304,08,12,Uxbridge High,Uxbridge,Worcester County,300 Quaker Highway,Uxbridge,MA,01569,,(508)278-8633,21,"Suburban, Large",No,590.00000,50.85000,11.6000000,?,?,153.00000,Regular,Open
251113002855,MA-0281-02810485,2511130,MA-0281,06,08,Van Sickle Academy,Springfield,Hampden County,1170 Carew Street,Springfield,MA,01104,,(413)750-2887,12,"City, Midsize",No,262.00000,22.98000,11.4000000,?,?,233.00000,Regular,Open
251113002859,MA-0281-02810480,2511130,MA-0281,06,08,Van Sickle Prep,Springfield,Hampden County,1170 Carew Street,Springfield,MA,01104,,(413)750-2887,12,"City, Midsize",No,206.00000,18.00000,11.4400000,?,?,187.00000,Regular,Open
250879002281,MA-0735-07350035,2508790,MA-0735,KG,04,Varnum Brook,North Middlesex,Middlesex County,10 Hollis Street,Pepperell,MA,01463,,(978)433-6722,31,"Town, Fringe",No,606.00000,43.00000,14.0900000,?,?,180.00000,Regular,Open
250327002756,MA-0049-00490320,2503270,MA-0049,06,08,Vassal Lane Upper School,Cambridge,Middlesex County,158 Spring Street,Cambridge,MA,02141,,(617)349-6550,12,"City, Midsize",No,298.00000,42.50000,7.0100000,?,?,132.00000,Regular,Open
250053602714,MA-0498-04980405,2500536,MA-0498,05,11,Veritas Preparatory Charter School,Veritas Preparatory Charter School,Hampden County,370 Pine Street,Springfield,MA,01105,,(413)539-0055,12,"City, Midsize",Yes,712.00000,71.88000,9.9100000,?,?,597.00000,Regular,Open
251323002422,MA-0348-03480280,2513230,MA-0348,PK,06,Vernon Hill School,Worcester,Worcester County,211 Providence Street,Worcester,MA,01607,,(508)799-3630,12,"City, Midsize",No,525.00000,39.13000,13.4200000,?,?,442.00000,Regular,Open
251050001687,MA-0262-02620065,2510500,MA-0262,PK,01,Veterans Early Learning Center,Saugus,Essex County,39 Hurd Avenue,Saugus,MA,01906,,(781)231-8166,21,"Suburban, Large",No,501.00000,31.42000,15.9500000,?,?,243.00000,Regular,Open
250726001788,MA-0168-01680016,2507260,MA-0168,04,06,Village School,Marblehead,Essex County,93 Village Street,Marblehead,MA,01945,,(781)639-3159,21,"Suburban, Large",No,529.00000,48.20000,10.9800000,?,?,77.00000,Regular,Open
250495000724,MA-0099-00990020,2504950,MA-0099,KG,04,Vincent M Igo Elementary,Foxborough,Norfolk County,70 Carpenter Street,Foxborough,MA,02035,,(508)543-1680,21,"Suburban, Large",No,379.00000,34.51000,10.9800000,?,?,100.00000,Regular,Open
251311002172,MA-0344-03440025,2513110,MA-0344,PK,05,Vinson-Owen Elementary,Winchester,Middlesex County,75 Johnson Road,Winchester,MA,01890,,(781)721-7019,21,"Suburban, Large",No,441.00000,35.30000,12.4900000,?,?,17.00000,Regular,Open
250253002000,MA-0618-06180310,2502530,MA-0618,05,08,W.E.B. Du Bois Regional Middle School,Berkshire Hills,Berkshire County,313 Monument Valley Rd,Great Barrington,MA,01230,,(413)644-2300,41,"Rural, Fringe",No,326.00000,31.83000,10.2400000,?,?,131.00000,Regular,Open
251188001940,MA-0775-07750505,2511880,MA-0775,09,12,Wachusett Regional High,Wachusett,Worcester County,1401 Main Street,Holden,MA,01520,1095,(508)829-6771,21,"Suburban, Large",No,1779.00000,137.13000,12.9700000,?,?,284.00000,Regular,Open
250339000467,MA-0635-06350505,2503390,MA-0635,09,12,Wahconah Regional High,Central Berkshire,Berkshire County,150 Windsor Rd,Dalton,MA,01226,,(413)684-1330,41,"Rural, Fringe",No,450.00000,41.10000,10.9500000,?,?,162.00000,Regular,Open
251191001951,MA-0305-03050505,2511910,MA-0305,09,12,Wakefield Memorial High,Wakefield,Middlesex County,60 Farm Street,Wakefield,MA,01880,,(781)246-6440,21,"Suburban, Large",No,854.00000,81.32000,10.5000000,?,?,144.00000,Regular,Open
251194001956,MA-0306-03060005,2511940,MA-0306,PK,06,Wales Elementary,Wales,Hampden County,PO Box 247,Wales,MA,01081,0247,(413)245-7748,42,"Rural, Distant",No,93.00000,10.80000,8.6100000,?,?,48.00000,Regular,Open
250597000867,MA-0128-01280080,2505970,MA-0128,KG,03,Walnut Square,Haverhill,Essex County,645 Main Street,Haverhill,MA,01830,2647,(978)374-3471,21,"Suburban, Large",No,161.00000,13.40000,12.0100000,?,?,78.00000,Regular,Open
251197001964,MA-0307-03070505,2511970,MA-0307,09,12,Walpole High,Walpole,Norfolk County,275 Common Street,Walpole,MA,02081,,(508)660-7257,21,"Suburban, Large",No,917.00000,81.25000,11.2900000,?,?,138.00000,Regular,Open
251197002963,MA-0307-03070315,2511970,MA-0307,06,08,Walpole Middle School,Walpole,Norfolk County,625 Washington Street,E. Walpole,MA,02032,,(508)660-7226,21,"Suburban, Large",No,829.00000,74.00000,11.2000000,?,?,122.00000,Regular,New
250498000733,MA-0100-01000310,2504980,MA-0100,06,08,Walsh Middle,Framingham,Middlesex County,301 Brook Street,Framingham,MA,01701,4371,(508)626-9180,13,"City, Small",No,785.00000,73.61000,10.6600000,?,?,357.00000,Regular,Open
251077001719,MA-0271-02710025,2510770,MA-0271,KG,04,Walter J. Paton School,Shrewsbury,Worcester County,58 Grafton Street,Shrewsbury,MA,01545,,(508)841-8626,21,"Suburban, Large",No,269.00000,22.25000,12.0900000,?,?,40.00000,Regular,Open
250999001612,MA-0246-02460310,2509990,MA-0246,06,08,Walter S Parker Middle,Reading,Middlesex County,45 Temple Street,Reading,MA,01867,,(781)944-1236,21,"Suburban, Large",No,467.00000,49.25000,9.4800000,?,?,64.00000,Regular,Open
251200001979,MA-0308-03080505,2512000,MA-0308,09,12,Waltham Sr High,Waltham,Middlesex County,554 Lexington Street,Waltham,MA,02452,3099,(781)614-2702,13,"City, Small",No,1791.00000,172.06000,10.4100000,?,?,923.00000,Regular,Open
251200002965,MA-0308-03080515,2512000,MA-0308,09,12,Waltham Valor High School,Waltham,Middlesex County,617 Lexington Street,Waltham,MA,02452,,(781)314-5402,13,"City, Small",No,49.00000,5.00000,9.8000000,?,?,36.00000,Other/Alternative,New
251191001948,MA-0305-03050040,2511910,MA-0305,KG,04,Walton,Wakefield,Middlesex County,18 Davidson Road,Wakefield,MA,01880,,(781)246-6494,21,"Suburban, Large",No,218.00000,16.06000,13.5700000,?,?,24.00000,Regular,Open
251056002289,MA-0264-02640020,2510560,MA-0264,PK,05,Wampatuck Elementary,Scituate,Plymouth County,266 Tilden Rd,Scituate,MA,02066,,(781)545-8790,21,"Suburban, Large",No,424.00000,33.06000,12.8300000,?,?,43.00000,Regular,Open
250219000945,MA-0016-00160320,2502190,MA-0016,05,08,Wamsutta Middle School,Attleboro,Bristol County,300 Locust Street,Attleboro,MA,02703,,(508)223-1540,21,"Suburban, Large",No,593.00000,40.07000,14.8000000,?,?,239.00000,Regular,Open
251203001983,MA-0309-03090505,2512030,MA-0309,07,12,Ware Junior/Senior High School,Ware,Hampshire County,237 West Street,Ware,MA,01082,,(413)967-6234,41,"Rural, Fringe",No,425.00000,38.27000,11.1100000,?,?,238.00000,Regular,Open
251203002538,MA-0309-03090305,2512030,MA-0309,04,06,Ware Middle School,Ware,Hampshire County,239 West Street,Ware,MA,01082,,(413)967-6903,41,"Rural, Fringe",No,261.00000,18.18000,14.3600000,?,?,175.00000,Regular,Open
251206002105,MA-0310-03100315,2512060,MA-0310,09,12,Wareham Cooperative Alternative School,Wareham,Plymouth County,4 Viking Drive Door 22,Wareham,MA,02571,,(508)291-3500,21,"Suburban, Large",No,39.00000,2.75000,14.1800000,?,?,25.00000,Regular,Open
251206001989,MA-0310-03100017,2512060,MA-0310,PK,04,Wareham Elementary School,Wareham,Plymouth County,63 Minot Avenue,Wareham,MA,02571,,(508)291-3530,21,"Suburban, Large",No,912.00000,71.55000,12.7500000,?,?,560.00000,Regular,Open
251206002603,MA-0310-03100305,2512060,MA-0310,05,07,Wareham Middle,Wareham,Plymouth County,4 Viking Drive,Wareham,MA,02571,1498,(508)291-3550,21,"Suburban, Large",No,432.00000,37.81000,11.4300000,?,?,283.00000,Regular,Open
251206001991,MA-0310-03100505,2512060,MA-0310,08,12,Wareham Senior High,Wareham,Plymouth County,7 Viking Drive,Wareham,MA,02571,1498,(508)291-3510,21,"Suburban, Large",No,533.00000,62.02000,8.5900000,?,?,338.00000,Regular,Open
251113001835,MA-0281-02810180,2511130,MA-0281,PK,05,Warner,Springfield,Hampden County,493 Parker Street,Springfield,MA,01129,,(413)787-7258,12,"City, Midsize",No,234.00000,25.95000,9.0200000,?,?,198.00000,Regular,Open
251210001993,MA-0778-07780005,2512100,MA-0778,KG,06,Warren Elementary,Quaboag Regional,Worcester County,51 Schoolhouse Drive,West Warren,MA,01092,0446,(413)436-5983,41,"Rural, Fringe",No,305.00000,19.93000,15.3000000,?,?,167.00000,Regular,Open
250279000333,MA-0035-00350346,2502790,MA-0035,PK,08,Warren-Prescott K-8 School,Boston,Suffolk County,50 School Street,Charlestown,MA,02129,,(617)635-8346,11,"City, Large",No,507.00000,45.60000,11.1200000,?,?,188.00000,Regular,Open
251332302950,MA-0312-03120020,2513323,MA-0312,PK,06,Warwick Community School,Warwick,Franklin County,41 Winchester Road,Warwick,MA,01378,,(978)544-6310,42,"Rural, Distant",No,27.00000,5.04000,5.3600000,?,?,8.00000,Regular,Open
251113001836,MA-0281-02810185,2511130,MA-0281,PK,05,Washington,Springfield,Hampden County,141 Washington Street,Springfield,MA,01108,,(413)787-7551,12,"City, Midsize",No,430.00000,37.56000,11.4500000,?,?,378.00000,Regular,Open
250702001051,MA-0160-01600055,2507020,MA-0160,PK,04,Washington,Lowell,Middlesex County,795 Wilder Street,Lowell,MA,01851,,(978)937-7635,21,"Suburban, Large",No,252.00000,22.93000,10.9900000,?,?,174.00000,Regular,Open
250711002658,MA-0163-01630005,2507110,MA-0163,KG,05,Washington Elementary School,Lynn,Essex County,58 Blossom Street,Lynn,MA,01902,,(339)883-1414,21,"Suburban, Large",No,453.00000,40.10000,11.3000000,?,?,379.00000,Regular,Open
251218002005,MA-0314-03140505,2512180,MA-0314,09,12,Watertown High,Watertown,Middlesex County,27 Westminster Ave.,Watertown,MA,02472,,(617)926-7760,21,"Suburban, Large",No,761.00000,68.61000,11.0900000,?,?,331.00000,Regular,Open
251218002501,MA-0314-03140305,2512180,MA-0314,06,08,Watertown Middle,Watertown,Middlesex County,68 Waverley Avenue,Watertown,MA,02472,,(617)926-7783,21,"Suburban, Large",No,583.00000,53.91000,10.8100000,?,?,217.00000,Regular,Open
251323002250,MA-0348-03480026,2513230,MA-0348,KG,06,Wawecus Road School,Worcester,Worcester County,20 Wawecus Rd,Worcester,MA,01605,,(508)799-3527,12,"City, Midsize",No,155.00000,13.39000,11.5800000,?,?,116.00000,Regular,Open
251221002010,MA-0315-03150505,2512210,MA-0315,09,12,Wayland High School,Wayland,Middlesex County,264 Old Connecticut Path,Wayland,MA,01778,,(508)358-7746,21,"Suburban, Large",No,803.00000,73.72000,10.8900000,?,?,67.00000,Regular,Open
251221002502,MA-0315-03150305,2512210,MA-0315,06,08,Wayland Middle School,Wayland,Middlesex County,201 Main Street,Wayland,MA,01778,3198,(508)358-3801,21,"Suburban, Large",No,662.00000,58.72000,11.2700000,?,?,49.00000,Regular,Open
250477002900,MA-0093-00930001,2504770,MA-0093,PK,PK,Webster Extension,Everett,Middlesex County,548 Broadway,Everett,MA,02149,,(617)544-6990,21,"Suburban, Large",No,211.00000,16.00000,13.1900000,?,?,146.00000,Regular,Open
251224002849,MA-0316-03160315,2512240,MA-0316,05,08,Webster Middle School,Webster,Worcester County,75 Poland Street,Webster,MA,01570,,(508)943-1922,21,"Suburban, Large",No,566.00000,44.50000,12.7200000,?,?,383.00000,Regular,Open
250477002118,MA-0093-00930015,2504770,MA-0093,KG,05,Webster School,Everett,Middlesex County,30 Darmouth Street,Everett,MA,02149,,(617)394-5040,21,"Suburban, Large",No,351.00000,42.87000,8.1900000,?,?,249.00000,Regular,Open
251227002029,MA-0317-03170305,2512270,MA-0317,06,08,Wellesley Middle,Wellesley,Norfolk County,50 Kingsbury Street,Wellesley,MA,02481,,(781)446-6235,21,"Suburban, Large",No,919.00000,102.24000,8.9900000,?,?,71.00000,Regular,Open
251227002030,MA-0317-03170505,2512270,MA-0317,09,12,Wellesley Sr High,Wellesley,Norfolk County,50 Rice Street,Wellesley,MA,02481,,(781)446-6290,21,"Suburban, Large",No,1262.00000,117.05000,10.7800000,?,?,109.00000,Regular,Open
251230002031,MA-0318-03180005,2512300,MA-0318,KG,05,Wellfleet Elementary,Wellfleet,Barnstable County,100 Lawrence Road,Wellfleet,MA,02667,,(508)349-3101,21,"Suburban, Large",No,78.00000,11.85000,6.5800000,?,?,30.00000,Regular,Open
251284002122,MA-0336-03360110,2512840,MA-0336,KG,05,Wessagusset,Weymouth,Norfolk County,75 Pilgrim Road,North Weymouth,MA,02191,,(781)335-2210,21,"Suburban, Large",No,329.00000,25.63000,12.8400000,?,?,106.00000,Regular,Open
251115002621,MA-0370-03700013,2511150,MA-0370,01,12,West Area,Institutional Schools,Worcester County,PO Box 1320,Westborough,MA,01581,,(781)338-3305,21,"Suburban, Large",No,?,?,?,?,?,?,Special Education,Open
250231000125,MA-0020-00200005,2502310,MA-0020,KG,03,West Barnstable Elementary,Barnstable,Barnstable County,2463 Main St Route 6A,West Barnstable,MA,02668,1116,(508)362-4949,13,"City, Small",No,237.00000,24.40000,9.7100000,?,?,95.00000,Regular,Open
251239002035,MA-0322-03220505,2512390,MA-0322,06,12,West Boylston Junior/Senior High,West Boylston,Worcester County,125 Crescent Street,West Boylston,MA,01583,1098,(508)835-4475,21,"Suburban, Large",No,461.00000,43.33000,10.6400000,?,?,144.00000,Regular,Open
251242002039,MA-0323-03230505,2512420,MA-0323,07,12,West Bridgewater Junior/Senior,West Bridgewater,Plymouth County,155 West Center,West Bridgewater,MA,02379,,(508)894-1220,21,"Suburban, Large",No,614.00000,50.30000,12.2100000,?,?,145.00000,Regular,Open
251210002040,MA-0778-07780010,2512100,MA-0778,KG,06,West Brookfield Elementary,Quaboag Regional,Worcester County,89 North Main Street,West Brookfield,MA,01585,0387,(508)867-4655,42,"Rural, Distant",No,227.00000,19.00000,11.9500000,?,?,86.00000,Regular,Open
250195000051,MA-0009-00090025,2501950,MA-0009,KG,05,West Elementary,Andover,Essex County,58 Beacon Street,Andover,MA,01810,,(978)247-5300,21,"Suburban, Large",No,605.00000,55.42000,10.9200000,?,?,106.00000,Regular,Open
250972001548,MA-0239-02390047,2509720,MA-0239,KG,05,West Elementary,Plymouth,Plymouth County,170 Plympton Rd,Plymouth,MA,02360,,(508)830-4350,21,"Suburban, Large",No,349.00000,33.34000,10.4700000,?,?,98.00000,Regular,Open
251305001576,MA-0342-03420080,2513050,MA-0342,04,05,West Intermediate,Wilmington,Middlesex County,22 Carter Lane,Wilmington,MA,01887,,(978)694-6050,21,"Suburban, Large",No,309.00000,26.83000,11.5200000,?,?,39.00000,Regular,Open
250936001505,MA-0229-02290045,2509360,MA-0229,PK,05,West Memorial,Peabody,Essex County,15 Bow Street,Peabody,MA,01960,3427,(978)536-5850,21,"Suburban, Large",No,294.00000,20.83000,14.1100000,?,?,69.00000,Regular,Open
250309000410,MA-0044-00440420,2503090,MA-0044,06,08,West Middle School,Brockton,Plymouth County,271 West St,Brockton,MA,02301,4197,(508)580-7381,21,"Suburban, Large",No,533.00000,38.35000,13.9000000,?,?,356.00000,Regular,Open
250528000781,MA-0107-01070050,2505280,MA-0107,KG,05,West Parish,Gloucester,Essex County,10 Concord Street,Gloucester,MA,01930,,(978)281-9835,21,"Suburban, Large",No,382.00000,29.00000,13.1700000,?,?,132.00000,Regular,Open
251089000891,MA-0274-02740115,2510890,MA-0274,PK,08,West Somerville Neighborhood,Somerville,Middlesex County,177 Powderhouse Blvd,Somerville,MA,02144,,(617)625-6600,21,"Suburban, Large",No,397.00000,27.42000,14.4800000,?,?,120.00000,Regular,Open
251251002052,MA-0332-03320505,2512510,MA-0332,09,12,West Springfield High,West Springfield,Hampden County,425 Piper Road,West Springfield,MA,01089,,(413)263-3400,21,"Suburban, Large",No,1231.00000,93.97000,13.1000000,?,?,653.00000,Regular,Open
251251001243,MA-0332-03320305,2512510,MA-0332,06,08,West Springfield Middle,West Springfield,Hampden County,31 Middle School Dr,West Springfield,MA,01089,,(413)263-3404,21,"Suburban, Large",No,909.00000,79.41000,11.4500000,?,?,513.00000,Regular,Open
251101001770,MA-0277-02770020,2511010,MA-0277,02,05,West Street,Southbridge,Worcester County,156 West Street,Southbridge,MA,01550,,(508)764-5470,31,"Town, Fringe",No,323.00000,28.97000,11.1500000,?,?,259.00000,Regular,Open
251323002251,MA-0348-03480260,2513230,MA-0348,PK,06,West Tatnuck,Worcester,Worcester County,300 Mower Street,Worcester,MA,01602,,(508)799-3596,12,"City, Midsize",No,343.00000,23.73000,14.4500000,?,?,132.00000,Regular,Open
250004301927,MA-0774-07740020,2500043,MA-0774,PK,08,West Tisbury Elementary,Up-Island Regional,Dukes County,401 Old County Road,West Tisbury,MA,02575,,(508)696-7738,42,"Rural, Distant",No,321.00000,47.15000,6.8100000,?,?,86.00000,Regular,Open
250231002679,MA-0020-00200045,2502310,MA-0020,KG,03,West Villages Elementary School,Barnstable,Barnstable County,760 Osterville-West Barnstable Road,Marstons Mills,MA,02648,,(508)420-1100,13,"City, Small",No,416.00000,32.30000,12.8800000,?,?,153.00000,Regular,Open
250279002514,MA-0035-00350006,2502790,MA-0035,PK,01,West Zone Early Learning Center,Boston,Suffolk County,200 Heath Street,Jamaica Plain,MA,02130,,(617)635-8275,11,"City, Large",No,76.00000,10.54000,7.2100000,?,?,52.00000,Regular,Open
250483002961,MA-0095-00950150,2504830,MA-0095,KG,05,Westall Elementary,Fall River,Bristol County,276 Maple Street,Fall River,MA,02720,,(508)675-8420,21,"Suburban, Large",No,276.00000,18.50000,14.9200000,?,?,241.00000,Regular,New
251260002059,MA-0321-03210505,2512600,MA-0321,09,12,Westborough High,Westborough,Worcester County,90 West Main Street,Westborough,MA,01581,,(508)836-7720,21,"Suburban, Large",No,1213.00000,94.80000,12.8000000,?,?,195.00000,Regular,Open
251263002073,MA-0325-03250505,2512630,MA-0325,09,12,Westfield High,Westfield,Hampden County,177 Montgomery Rd,Westfield,MA,01085,3899,(413)572-6466,21,"Suburban, Large",No,1034.00000,86.59000,11.9400000,?,?,482.00000,Regular,Open
251263002894,MA-0325-03250075,2512630,MA-0325,05,06,Westfield Intermediate School,Westfield,Hampden County,350 Southampton Road,Westfield,MA,01085,,(413)572-6441,21,"Suburban, Large",No,729.00000,64.56000,11.2900000,?,?,359.00000,Regular,Open
251263001570,MA-0325-03250310,2512630,MA-0325,07,08,Westfield Middle School,Westfield,Hampden County,30 West Silver Street,Westfield,MA,01085,3899,(413)568-1900,21,"Suburban, Large",No,671.00000,57.19000,11.7300000,?,?,344.00000,Regular,Open
251263002966,MA-0325-03250045,2512630,MA-0325,PK,04,Westfield River Elementary School,Westfield,Hampden County,133 Franklin Street,Westfield,MA,01085,,(413)579-9400,21,"Suburban, Large",No,?,?,?,?,?,?,Regular,Future
251263002074,MA-0325-03250605,2512630,MA-0325,09,12,Westfield Technical Academy,Westfield,Hampden County,33 Smith Avenue,Westfield,MA,01085,3899,(413)572-6533,21,"Suburban, Large",No,557.00000,58.91000,9.4600000,?,?,222.00000,Vocational,Open
251266002081,MA-0326-03260505,2512660,MA-0326,09,12,Westford Academy,Westford,Middlesex County,30 Patten Road,Westford,MA,01886,,(978)692-5570,21,"Suburban, Large",No,1504.00000,102.37000,14.6900000,?,?,101.00000,Regular,Open
251269002083,MA-0327-03270005,2512690,MA-0327,PK,06,Westhampton Elementary School,Westhampton,Hampshire County,37 Kings Highway,Westhampton,MA,01027,,(413)527-0561,41,"Rural, Fringe",No,95.00000,16.40000,5.7900000,?,?,22.00000,Regular,Open
250204002367,MA-0610-06100005,2502040,MA-0610,02,05,Westminster Elementary,Ashburnham-Westminster,Worcester County,9 Academy Hill,Westminster,MA,01473,1546,(978)874-2043,22,"Suburban, Midsize",No,375.00000,29.08000,12.9000000,?,?,69.00000,Regular,Open
251275002087,MA-0330-03300505,2512750,MA-0330,09,12,Weston High,Weston,Middlesex County,444 Wellesley Street,Weston,MA,02493,,(781)786-5800,21,"Suburban, Large",No,658.00000,60.40000,10.8900000,?,?,57.00000,Regular,Open
251275000793,MA-0330-03300305,2512750,MA-0330,06,08,Weston Middle,Weston,Middlesex County,456 Wellesley Street,Weston,MA,02493,,(781)786-5600,21,"Suburban, Large",No,451.00000,40.71000,11.0800000,?,?,39.00000,Regular,Open
251278002092,MA-0331-03310030,2512780,MA-0331,01,04,Westport Elementary,Westport,Bristol County,380 Old County Rd,Westport,MA,02790,4201,(508)636-1075,41,"Rural, Fringe",No,463.00000,39.71000,11.6600000,?,?,175.00000,Regular,Open
251278002861,MA-0331-03310515,2512780,MA-0331,05,12,Westport Middle-High School,Westport,Bristol County,400 Old County Road,Westport,MA,02790,,(508)636-1050,41,"Rural, Fringe",No,889.00000,77.62000,11.4500000,?,?,299.00000,Regular,Open
251281002100,MA-0335-03350505,2512810,MA-0335,09,12,Westwood High,Westwood,Norfolk County,200 Nahatan Street,Westwood,MA,02090,,(781)326-7500,21,"Suburban, Large",No,837.00000,75.49000,11.0900000,?,?,69.00000,Regular,Open
251281002115,MA-0335-03350050,2512810,MA-0335,PK,PK,Westwood Integrated Preschool,Westwood,Norfolk County,200 Nahatan Street,Westwood,MA,02090,,(781)326-7500,21,"Suburban, Large",No,44.00000,3.00000,14.6700000,?,?,4.00000,Regular,Open
251284000371,MA-0336-03360003,2512840,MA-0336,PK,PK,Weymouth Early Childhood Center,Weymouth,Norfolk County,89 Middle Street,Weymouth,MA,02189,,(781)335-0191,21,"Suburban, Large",No,222.00000,15.20000,14.6100000,?,?,69.00000,Regular,Open
251284002123,MA-0336-03360505,2512840,MA-0336,09,12,Weymouth High School,Weymouth,Norfolk County,1 Wildcat Way,Weymouth,MA,02190,,(781)337-7500,21,"Suburban, Large",No,1679.00000,140.97000,11.9100000,?,?,632.00000,Regular,Open
250843002681,MA-0201-02010515,2508430,MA-0201,07,12,Whaling City Junior/Senior High School,New Bedford,Bristol County,455 County Street,New Bedford,MA,02740,,(508)997-4511,22,"Suburban, Midsize",No,200.00000,17.41000,11.4900000,?,?,176.00000,Regular,Open
251287002126,MA-0337-03370005,2512870,MA-0337,PK,06,Whately Elementary,Whately,Franklin County,273 Long Plain Rd.,Whately,MA,01093,,(413)665-7826,41,"Rural, Fringe",No,133.00000,16.10000,8.2600000,?,?,26.00000,Regular,Open
251113001837,MA-0281-02810190,2511130,MA-0281,PK,05,White Street,Springfield,Hampden County,300 White Street,Springfield,MA,01108,,(413)787-7543,12,"City, Midsize",No,378.00000,38.40000,9.8400000,?,?,351.00000,Regular,Open
251185002892,MA-0304-03040405,2511850,MA-0304,04,07,Whitin Intermediate,Uxbridge,Worcester County,120 Granite Street,Uxbridge,MA,01569,,(508)278-8640,21,"Suburban, Large",No,463.00000,36.00000,12.8600000,?,?,142.00000,Regular,Open
251293002135,MA-0780-07800505,2512930,MA-0780,09,12,Whitman Hanson Regional,Whitman-Hanson,Plymouth County,600 Franklin Street,Whitman,MA,02382,,(781)618-7020,21,"Suburban, Large",No,993.00000,67.60000,14.6900000,?,?,290.00000,Regular,Open
251293000207,MA-0780-07800310,2512930,MA-0780,06,08,Whitman Middle,Whitman-Hanson,Plymouth County,101 Corthell Avenue,Whitman,MA,02382,,(781)618-7035,21,"Suburban, Large",No,496.00000,39.90000,12.4300000,?,?,152.00000,Regular,Open
251295002300,MA-0885-08850605,2512950,MA-0885,09,12,Whittier Regional Vocational,Whittier Regional Vocational Technical,Essex County,115 Amesbury Line Rd,Haverhill,MA,01830,,(978)373-4101,21,"Suburban, Large",No,1285.00000,124.02000,10.3600000,?,?,469.00000,Vocational,Open
250573002141,MA-0680-06800310,2505730,MA-0680,06,08,Wilbraham Middle,Hampden-Wilbraham,Hampden County,466 Stony Hill Rd,Wilbraham,MA,01095,,(413)596-9061,21,"Suburban, Large",No,613.00000,47.10000,13.0100000,?,?,129.00000,Regular,Open
250189000041,MA-0008-00080050,2501890,MA-0008,KG,06,Wildwood Elementary,Amherst,Hampshire County,71 Strong Street,Amherst,MA,01002,,(413)362-1400,13,"City, Small",No,314.00000,33.85000,9.2800000,?,?,137.00000,Regular,Open
250384000526,MA-0067-00670030,2503840,MA-0067,PK,05,Willard,Concord,Middlesex County,185 Powder Mill Rd,Concord,MA,01742,,(978)318-1340,21,"Suburban, Large",No,432.00000,41.08000,10.5200000,?,?,50.00000,Regular,Open
250354000847,MA-0057-00570025,2503540,MA-0057,01,04,William A Berkowitz Elementary,Chelsea,Suffolk County,300 Crescent Avenue,Chelsea,MA,02150,,(617)466-5300,21,"Suburban, Large",No,455.00000,37.00000,12.3000000,?,?,368.00000,Regular,Open
250936001506,MA-0229-02290027,2509360,MA-0229,KG,05,William A Welch Sr,Peabody,Essex County,50 Swampscott Avenue,Peabody,MA,01960,5898,(978)536-5775,21,"Suburban, Large",No,408.00000,29.20000,13.9700000,?,?,284.00000,Regular,Open
251095001758,MA-0275-02750005,2510950,MA-0275,PK,06,William E Norris,Southampton,Hampshire County,34 Pomeroy Meadow Rd,Southampton,MA,01073,,(413)527-0811,23,"Suburban, Small",No,475.00000,37.77000,12.5800000,?,?,73.00000,Regular,Open
251281002101,MA-0335-03350025,2512810,MA-0335,KG,05,William E Sheehan,Westwood,Norfolk County,549 Pond St,Westwood,MA,02090,,(781)326-7500,21,"Suburban, Large",No,278.00000,23.62000,11.7700000,?,?,15.00000,Regular,Open
251200001973,MA-0308-03080005,2512000,MA-0308,PK,05,William F. Stanley Elementary School,Waltham,Middlesex County,250 South Street,Waltham,MA,02453,,(781)314-5620,13,"City, Small",No,381.00000,45.00000,8.4700000,?,?,199.00000,Regular,Open
250903001458,MA-0219-02190020,2509030,MA-0219,PK,05,William G Vinal,Norwell,Plymouth County,102 Old Oaken Bucket Road,Norwell,MA,02061,,(781)659-8820,41,"Rural, Fringe",No,556.00000,36.85000,15.0900000,?,?,28.00000,Regular,Open
250315000423,MA-0046-00460035,2503150,MA-0046,KG,08,William H Lincoln,Brookline,Norfolk County,19 Kennard Rd,Brookline,MA,02445,,(617)879-4600,21,"Suburban, Large",No,494.00000,39.15000,12.6200000,?,?,88.00000,Regular,Open
250843001343,MA-0201-02010135,2508430,MA-0201,PK,05,William H Taylor,New Bedford,Bristol County,71 Portland Street,New Bedford,MA,02744,,(508)997-4511,22,"Suburban, Midsize",No,267.00000,21.20000,12.5900000,?,?,169.00000,Regular,Open
250837001317,MA-0199-01990040,2508370,MA-0199,KG,05,William Mitchell,Needham,Norfolk County,187 Brookline Street,Needham,MA,02492,,(781)455-0466,21,"Suburban, Large",No,424.00000,33.78000,12.5500000,?,?,13.00000,Regular,Open
251113001838,MA-0281-02810045,2511130,MA-0281,PK,05,William N. DeBerry,Springfield,Hampden County,680 Union Street,Springfield,MA,01109,,(413)787-7582,12,"City, Midsize",No,483.00000,33.50000,14.4200000,?,?,456.00000,Regular,Open
251317001665,MA-0346-03460015,2513170,MA-0346,PK,02,William P. Gorman/Fort Banks Elementary,Winthrop,Suffolk County,101 Kennedy Drive,Winthrop,MA,02152,,(617)846-5509,21,"Suburban, Large",No,487.00000,33.10000,14.7100000,?,?,183.00000,Regular,Open
250180000032,MA-0005-00050025,2501800,MA-0005,KG,04,William P. Sapelli Elementary,Agawam,Hampden County,65 Begley Street,Agawam,MA,01001,1312,(413)821-0582,21,"Suburban, Large",No,290.00000,20.50000,14.1500000,?,?,162.00000,Regular,Open
250210002455,MA-0014-00140005,2502100,MA-0014,PK,PK,William Pittaway Elementary,Ashland,Middlesex County,75 Central Street,Ashland,MA,01721,,(508)881-0160,21,"Suburban, Large",No,86.00000,5.67000,15.1700000,?,?,14.00000,Regular,Open
250711002527,MA-0163-01630080,2507110,MA-0163,KG,05,William R Fallon,Lynn,Essex County,100 Robinson Street,Lynn,MA,01905,,(781)477-7401,21,"Suburban, Large",No,30.00000,9.35000,3.2100000,?,?,25.00000,Regular,Open
250483000684,MA-0095-00950065,2504830,MA-0095,PK,05,William S Greene,Fall River,Bristol County,409 Cambridge Street,Fall River,MA,02721,,(508)675-8325,21,"Suburban, Large",No,733.00000,52.97000,13.8400000,?,?,621.00000,Regular,Open
251284002125,MA-0336-03360080,2512840,MA-0336,KG,05,William Seach,Weymouth,Norfolk County,770 Middle Street,Weymouth,MA,02188,,(781)335-7589,21,"Suburban, Large",No,372.00000,25.63000,14.5100000,?,?,264.00000,Regular,Open
250963001536,MA-0236-02360100,2509630,MA-0236,PK,05,Williams,Pittsfield,Berkshire County,50 Bushey Road,Pittsfield,MA,01201,,(413)448-9680,13,"City, Small",No,264.00000,22.56000,11.7000000,?,?,92.00000,Regular,Open
250861001382,MA-0207-02070125,2508610,MA-0207,KG,05,Williams,Newton,Middlesex County,141 Grove Street,Auburndale,MA,02466,,(617)559-6480,13,"City, Small",No,211.00000,24.60000,8.5800000,?,?,29.00000,Regular,Open
250303002657,MA-0625-06250300,2503030,MA-0625,03,05,Williams Intermediate School,Bridgewater-Raynham,Plymouth County,200 South Street,Bridgewater,MA,02324,,(508)697-6968,21,"Suburban, Large",No,863.00000,47.95000,18.0000000,?,?,237.00000,Regular,Open
250699000743,MA-0159-01590305,2506990,MA-0159,06,08,Williams Middle,Longmeadow,Hampden County,410 Williams Street,Longmeadow,MA,01106,,(413)565-4260,21,"Suburban, Large",No,337.00000,28.70000,11.7400000,?,?,30.00000,Regular,Open
250816002899,MA-0715-07150010,2508160,MA-0715,PK,06,Williamstown Elementary,Mount Greylock,Berkshire County,115 Church Street,Williamstown,MA,01267,,(413)458-5707,31,"Town, Fringe",No,407.00000,39.00000,10.4400000,?,?,89.00000,Regular,Open
250399000538,MA-0071-00710045,2503990,MA-0071,KG,05,Willis E Thorpe,Danvers,Essex County,1 Avon Rd,Danvers,MA,01923,,(978)774-6946,21,"Suburban, Large",No,294.00000,20.80000,14.1300000,?,?,75.00000,Regular,Open
251305002158,MA-0342-03420505,2513050,MA-0342,09,12,Wilmington High,Wilmington,Middlesex County,159 Church Street,Wilmington,MA,01887,,(978)694-6060,21,"Suburban, Large",No,619.00000,67.75000,9.1400000,?,?,92.00000,Regular,Open
251305001578,MA-0342-03420330,2513050,MA-0342,06,08,Wilmington Middle School,Wilmington,Middlesex County,25 Carter Lane,Wilmington,MA,01887,,(978)694-6080,21,"Suburban, Large",No,782.00000,82.17000,9.5200000,?,?,112.00000,Regular,Open
250834001305,MA-0198-01980310,2508340,MA-0198,05,08,Wilson Middle,Natick,Middlesex County,22 Rutledge Rd,Natick,MA,01760,,(508)647-6670,21,"Suburban, Large",No,727.00000,72.73000,10.0000000,?,?,92.00000,Regular,Open
251308002648,MA-0343-03430010,2513080,MA-0343,PK,PK,Winchendon PreSchool Program,Winchendon,Worcester County,32 Elmwood Rd,Winchendon,MA,01475,,(978)297-3436,31,"Town, Fringe",No,90.00000,3.67000,24.5200000,?,?,43.00000,Regular,Open
251311002174,MA-0344-03440505,2513110,MA-0344,09,12,Winchester High School,Winchester,Middlesex County,80 Skillings Road,Winchester,MA,01890,2899,(781)721-7020,21,"Suburban, Large",No,1404.00000,94.81000,14.8100000,?,?,102.00000,Regular,Open
250249000148,MA-0026-00260005,2502490,MA-0026,KG,03,Winn Brook,Belmont,Middlesex County,97 Waterhouse Rd,Belmont,MA,02478,4199,(617)993-5700,21,"Suburban, Large",No,304.00000,23.60000,12.8800000,?,?,33.00000,Regular,Open
250279000344,MA-0035-00350374,2502790,MA-0035,PK,06,Winship Elementary School,Boston,Suffolk County,54 Dighton Street,Brighton,MA,02135,,(617)635-8399,11,"City, Large",No,353.00000,25.40000,13.9000000,?,?,184.00000,Regular,Open
251089001749,MA-0274-02740120,2510890,MA-0274,PK,08,Winter Hill Community,Somerville,Middlesex County,8 Bonair Street,Somerville,MA,02145,,(617)629-5680,21,"Suburban, Large",No,388.00000,46.03000,8.4300000,?,?,212.00000,Regular,Open
250762001198,MA-0178-01780050,2507620,MA-0178,KG,05,Winthrop,Melrose,Middlesex County,162 First Street,Melrose,MA,02176,,(781)979-2280,21,"Suburban, Large",No,392.00000,24.80000,15.8100000,?,?,20.00000,Regular,Open
250648000939,MA-0144-01440015,2506480,MA-0144,PK,05,Winthrop,Ipswich,Essex County,65 Central Street,Ipswich,MA,01938,,(978)356-2976,31,"Town, Fringe",No,373.00000,36.85000,10.1200000,?,?,92.00000,Regular,Open
250279000270,MA-0035-00350180,2502790,MA-0035,PK,06,Winthrop Elementary School,Boston,Suffolk County,35 Brookford Street,Dorchester,MA,02125,,(617)635-8379,11,"City, Large",No,226.00000,24.50000,9.2200000,?,?,201.00000,Regular,Open
251317002180,MA-0346-03460505,2513170,MA-0346,09,12,Winthrop High School,Winthrop,Suffolk County,400 Main Street,Winthrop,MA,02152,,(617)846-5505,21,"Suburban, Large",No,568.00000,36.90000,15.3900000,?,?,199.00000,Regular,Open
250249000149,MA-0026-00260305,2502490,MA-0026,04,06,Winthrop L Chenery Upper Elementary,Belmont,Middlesex County,95 Washington Street,Belmont,MA,02478,2899,(617)993-5800,21,"Suburban, Large",No,1023.00000,74.00000,13.8200000,?,?,128.00000,Regular,Open
251317002179,MA-0346-03460305,2513170,MA-0346,06,08,Winthrop Middle School,Winthrop,Suffolk County,60 Payson Street,Winthrop,MA,02152,,(617)846-5507,21,"Suburban, Large",No,439.00000,33.13000,13.2500000,?,?,173.00000,Regular,Open
250567000821,MA-0675-06750015,2505670,MA-0675,PK,05,Winthrop School,Hamilton-Wenham,Essex County,325 Bay Rd,South Hamilton,MA,01982,,(978)468-5340,21,"Suburban, Large",No,329.00000,26.98000,12.1900000,?,?,19.00000,Regular,Open
250000201859,MA-0767-07670040,2500002,MA-0767,KG,04,Wire Village School,Spencer-E Brookfield,Worcester County,60 Paxton Road,Spencer,MA,01562,,(508)885-8524,41,"Rural, Fringe",No,430.00000,35.80000,12.0100000,?,?,249.00000,Regular,Open
251038001668,MA-0258-02580070,2510380,MA-0258,KG,05,Witchcraft Heights,Salem,Essex County,1 Frederick Street,Salem,MA,01970,,(978)740-1271,21,"Suburban, Large",No,455.00000,33.33000,13.6500000,?,?,250.00000,Regular,Open
250684002552,MA-0155-01550310,2506840,MA-0155,06,08,Wm Diamond Middle,Lexington,Middlesex County,99 Hancock Street,Lexington,MA,02420,,(781)861-2460,21,"Suburban, Large",No,936.00000,99.20000,9.4400000,?,?,118.00000,Regular,Open
250330000456,MA-0050-00500305,2503300,MA-0050,06,08,Wm H Galvin Middle,Canton,Norfolk County,55 Pecunit Street,Canton,MA,02021,,(781)821-5070,21,"Suburban, Large",No,716.00000,68.06000,10.5200000,?,?,170.00000,Regular,Open
250609000876,MA-0131-01310010,2506090,MA-0131,PK,05,Wm L Foster Elementary,Hingham,Plymouth County,55 Downer Avenue,Hingham,MA,02043,2523,(781)741-1520,21,"Suburban, Large",No,402.00000,32.20000,12.4800000,?,?,30.00000,Regular,Open
250711001087,MA-0163-01630040,2507110,MA-0163,KG,05,Wm P Connery,Lynn,Essex County,50 Elm Street,Lynn,MA,01905,,(781)477-7344,21,"Suburban, Large",No,563.00000,46.80000,12.0300000,?,?,464.00000,Regular,Open
251320002193,MA-0347-03470505,2513200,MA-0347,09,12,Woburn High,Woburn,Middlesex County,88 Montvale Avenue,Woburn,MA,01801,,(781)937-8210,21,"Suburban, Large",No,1259.00000,112.04000,11.2400000,?,?,506.00000,Regular,Open
251305002159,MA-0342-03420020,2513050,MA-0342,01,03,Woburn Street,Wilmington,Middlesex County,227 Woburn Street,Wilmington,MA,01887,,(978)694-6020,21,"Suburban, Large",No,368.00000,31.30000,11.7600000,?,?,60.00000,Regular,Open
250699001022,MA-0159-01590025,2506990,MA-0159,PK,05,Wolf Swamp Road,Longmeadow,Hampden County,62 Wolf Swamp Rd,Longmeadow,MA,01106,3299,(413)565-4270,21,"Suburban, Large",No,429.00000,37.07000,11.5700000,?,?,65.00000,Regular,Open
250987002492,MA-0243-02430110,2509870,MA-0243,KG,05,Wollaston School,Quincy,Norfolk County,205 Beale Street,Quincy,MA,02170,,(617)984-8791,21,"Suburban, Large",No,318.00000,24.00000,13.2500000,?,?,114.00000,Regular,Open
250999001958,MA-0246-02460020,2509990,MA-0246,KG,05,Wood End Elementary School,Reading,Middlesex County,85 Sunset Rock Lane,Reading,MA,01867,,(781)942-5420,21,"Suburban, Large",No,236.00000,17.65000,13.3700000,?,?,17.00000,Regular,Open
250195001678,MA-0009-00090350,2501950,MA-0009,06,08,Wood Hill Middle School,Andover,Essex County,11 Cross Street,Andover,MA,01810,,(978)247-8800,21,"Suburban, Large",No,317.00000,35.50000,8.9300000,?,?,46.00000,Regular,Open
251275002089,MA-0330-03300015,2512750,MA-0330,PK,03,Woodland,Weston,Middlesex County,10 Alphabet Lane,Weston,MA,02493,,(781)786-5300,21,"Suburban, Large",No,299.00000,20.69000,14.4500000,?,?,26.00000,Regular,Open
250786001244,MA-0185-01850090,2507860,MA-0185,03,05,Woodland,Milford,Worcester County,10 North Vine Street,Milford,MA,01757,4098,(508)478-1186,21,"Suburban, Large",No,1036.00000,84.48000,12.2600000,?,?,621.00000,Regular,Open
251323002106,MA-0348-03480030,2513230,MA-0348,KG,06,Woodland Academy,Worcester,Worcester County,93 Woodland Street,Worcester,MA,01610,,(508)799-3557,12,"City, Midsize",No,482.00000,39.03000,12.3500000,?,?,427.00000,Regular,Open
250001301783,MA-0766-07660010,2500013,MA-0766,PK,02,Woodland School,Southwick-Tolland-Granville Regional School District,Hampden County,80 Powder Mill Rd,Southwick,MA,01077,,(413)569-6598,21,"Suburban, Large",No,324.00000,28.80000,11.2500000,?,?,110.00000,Regular,Open
250165000006,MA-0001-00010015,2501650,MA-0001,03,04,Woodsdale Elementary School,Abington,Plymouth County,120 Chestnut Street,Abington,MA,02351,,(781)982-2180,21,"Suburban, Large",No,372.00000,24.90000,14.9400000,?,?,137.00000,Regular,Open
251191001943,MA-0305-03050015,2511910,MA-0305,PK,04,Woodville School,Wakefield,Middlesex County,30 Farm Street,Wakefield,MA,01880,,(781)246-6469,21,"Suburban, Large",No,456.00000,37.62000,12.1200000,?,?,96.00000,Regular,Open
251323002971,MA-0348-03480290,2513230,MA-0348,01,06,Worcester Academic Center for Transition (ACT),Worcester,Worcester County,14 New Bond Street,Worcester,MA,01609,,(508)538-9106,12,"City, Midsize",No,49.00000,12.67000,3.8700000,?,?,43.00000,Special Education,New
251323002970,MA-0348-03480525,2513230,MA-0348,09,12,Worcester Alternative High School,Worcester,Worcester County,11 McKeon Road,Worcester,MA,01610,,(508)799-3245,12,"City, Midsize",No,36.00000,12.77000,2.8200000,?,?,33.00000,Special Education,New
251323002245,MA-0348-03480225,2513230,MA-0348,PK,06,Worcester Arts Magnet School,Worcester,Worcester County,315 St Nicholas Avenue,Worcester,MA,01606,,(508)799-3575,12,"City, Midsize",No,372.00000,25.57000,14.5500000,?,?,158.00000,Regular,Open
251332202949,MA-3519-35190205,2513322,MA-3519,KG,05,Worcester Cultural Academy Charter Public School,Worcester Cultural Academy Charter Public School,Worcester County,81 Plantation Street,Worcester,MA,01604,,(774)922-1840,12,"City, Midsize",Yes,194.00000,13.33000,14.5500000,?,?,146.00000,Regular,Open
251323002506,MA-0348-03480052,2513230,MA-0348,PK,06,Worcester Dual Language Magnet School,Worcester,Worcester County,525 Chandler Street,Worcester,MA,01602,,(508)799-3452,12,"City, Midsize",No,519.00000,44.77000,11.5900000,?,?,320.00000,Regular,Open
251323002253,MA-0348-03480420,2513230,MA-0348,07,08,Worcester East Middle,Worcester,Worcester County,420 Grafton Street,Worcester,MA,01604,,(508)799-3430,12,"City, Midsize",No,731.00000,51.10000,14.3100000,?,?,620.00000,Regular,Open
251323002305,MA-0348-03480605,2513230,MA-0348,09,12,Worcester Technical High,Worcester,Worcester County,1 Manny Familia Way,Worcester,MA,01605,2885,(508)799-1940,12,"City, Midsize",No,1442.00000,118.03000,12.2200000,?,?,968.00000,Vocational,Open
250279000693,MA-0035-00350380,2502790,MA-0035,PK,08,Young Achievers K-8 School,Boston,Suffolk County,20 Outlook Road,Mattapan,MA,02126,,(617)635-6804,11,"City, Large",No,489.00000,45.59000,10.7300000,?,?,438.00000,Other/Alternative,Open
250861001383,MA-0207-02070130,2508610,MA-0207,KG,05,Zervas,Newton,Middlesex County,30 Beethoven Avenue,Waban,MA,02468,,(617)559-6750,13,"City, Small",No,399.00000,35.30000,11.3000000,?,?,54.00000,Regular,Open
